2024-05-29 20:20:50.095 [ALFpaka] [INFO] ... START TRAINING ... (__training_session:88)
2024-05-29 20:20:50.095 [ALFpaka] [INFO] Start-Time: 1717006850.0956116 (run_training:126)
2024-05-29 20:20:50.095 [ALFpaka] [INFO] ambulance with id 0 (print_class_to_id:153)
2024-05-29 20:20:50.095 [ALFpaka] [INFO] firefighter with id 1 (print_class_to_id:153)
2024-05-29 20:20:50.095 [ALFpaka] [INFO] police with id 2 (print_class_to_id:153)
2024-05-29 20:20:50.096 [ALFpaka] [INFO] nosirens with id 3 (print_class_to_id:153)
2024-05-29 20:20:50.096 [ALFpaka] [INFO] ------ Extracting features ------ (extractAllFeatures:34)
2024-05-29 20:20:50.363 [ALFpaka] [INFO] Extracting features for class ambulance with id 0 (extractAndAddFeaturesToDataset:69)
2024-05-29 20:20:51.182 [ALFpaka] [WARNING] Log_spec ignored when pcen is set (extractSTFT:84)
2024-05-29 20:20:51.183 [ALFpaka] [WARNING] Log_spec ignored when pcen is set (extractSTFT:84)
2024-05-29 20:20:51.183 [ALFpaka] [WARNING] Log_spec ignored when pcen is set (extractSTFT:84)
2024-05-29 20:20:51.183 [ALFpaka] [WARNING] Log_spec ignored when pcen is set (extractSTFT:84)
2024-05-29 20:20:51.184 [ALFpaka] [WARNING] Log_spec ignored when pcen is set (extractSTFT:84)
2024-05-29 20:20:51.185 [ALFpaka] [WARNING] Log_spec ignored when pcen is set (extractSTFT:84)
2024-05-29 20:20:51.185 [ALFpaka] [WARNING] Log_spec ignored when pcen is set (extractSTFT:84)
2024-05-29 20:20:51.186 [ALFpaka] [WARNING] Log_spec ignored when pcen is set (extractSTFT:84)
2024-05-29 20:20:51.186 [ALFpaka] [WARNING] Log_spec ignored when pcen is set (extractSTFT:84)
2024-05-29 20:20:51.186 [ALFpaka] [WARNING] Log_spec ignored when pcen is set (extractSTFT:84)
2024-05-29 20:20:51.186 [ALFpaka] [WARNING] Log_spec ignored when pcen is set (extractSTFT:84)
2024-05-29 20:20:51.187 [ALFpaka] [WARNING] Log_spec ignored when pcen is set (extractSTFT:84)
2024-05-29 20:20:51.187 [ALFpaka] [WARNING] Log_spec ignored when pcen is set (extractSTFT:84)
2024-05-29 20:20:51.187 [ALFpaka] [WARNING] Log_spec ignored when pcen is set (extractSTFT:84)
2024-05-29 20:20:51.187 [ALFpaka] [WARNING] Log_spec ignored when pcen is set (extractSTFT:84)
2024-05-29 20:20:51.188 [ALFpaka] [WARNING] Log_spec ignored when pcen is set (extractSTFT:84)
2024-05-29 20:20:51.188 [ALFpaka] [WARNING] Log_spec ignored when pcen is set (extractSTFT:84)
2024-05-29 20:20:51.188 [ALFpaka] [WARNING] Log_spec ignored when pcen is set (extractSTFT:84)
2024-05-29 20:20:51.188 [ALFpaka] [WARNING] Log_spec ignored when pcen is set (extractSTFT:84)
2024-05-29 20:20:51.189 [ALFpaka] [WARNING] Log_spec ignored when pcen is set (extractSTFT:84)
2024-05-29 20:20:51.189 [ALFpaka] [WARNING] Log_spec ignored when pcen is set (extractSTFT:84)
2024-05-29 20:20:51.189 [ALFpaka] [WARNING] Log_spec ignored when pcen is set (extractSTFT:84)
2024-05-29 20:20:51.189 [ALFpaka] [WARNING] Log_spec ignored when pcen is set (extractSTFT:84)
2024-05-29 20:20:51.190 [ALFpaka] [WARNING] Log_spec ignored when pcen is set (extractSTFT:84)
2024-05-29 20:20:51.191 [ALFpaka] [WARNING] Log_spec ignored when pcen is set (extractSTFT:84)
2024-05-29 20:20:51.191 [ALFpaka] [WARNING] Log_spec ignored when pcen is set (extractSTFT:84)
2024-05-29 20:20:51.192 [ALFpaka] [WARNING] Log_spec ignored when pcen is set (extractSTFT:84)
2024-05-29 20:20:51.193 [ALFpaka] [WARNING] Log_spec ignored when pcen is set (extractSTFT:84)
2024-05-29 20:20:51.193 [ALFpaka] [WARNING] Log_spec ignored when pcen is set (extractSTFT:84)
2024-05-29 20:20:51.193 [ALFpaka] [WARNING] Log_spec ignored when pcen is set (extractSTFT:84)
2024-05-29 20:20:51.194 [ALFpaka] [WARNING] Log_spec ignored when pcen is set (extractSTFT:84)
2024-05-29 20:20:51.194 [ALFpaka] [WARNING] Log_spec ignored when pcen is set (extractSTFT:84)
2024-05-29 20:20:51.194 [ALFpaka] [WARNING] Log_spec ignored when pcen is set (extractSTFT:84)
2024-05-29 20:20:51.196 [ALFpaka] [WARNING] Log_spec ignored when pcen is set (extractSTFT:84)
2024-05-29 20:20:51.195 [ALFpaka] [WARNING] Log_spec ignored when pcen is set (extractSTFT:84)
2024-05-29 20:20:51.197 [ALFpaka] [WARNING] Log_spec ignored when pcen is set (extractSTFT:84)
2024-05-29 20:20:51.198 [ALFpaka] [WARNING] Log_spec ignored when pcen is set (extractSTFT:84)
2024-05-29 20:20:51.198 [ALFpaka] [WARNING] Log_spec ignored when pcen is set (extractSTFT:84)
2024-05-29 20:20:51.198 [ALFpaka] [WARNING] Log_spec ignored when pcen is set (extractSTFT:84)
2024-05-29 20:20:51.196 [ALFpaka] [WARNING] Log_spec ignored when pcen is set (extractSTFT:84)
2024-05-29 20:20:51.196 [ALFpaka] [WARNING] Log_spec ignored when pcen is set (extractSTFT:84)
2024-05-29 20:20:51.197 [ALFpaka] [WARNING] Log_spec ignored when pcen is set (extractSTFT:84)
2024-05-29 20:20:51.197 [ALFpaka] [WARNING] Log_spec ignored when pcen is set (extractSTFT:84)
2024-05-29 20:20:51.200 [ALFpaka] [WARNING] Log_spec ignored when pcen is set (extractSTFT:84)
2024-05-29 20:20:51.203 [ALFpaka] [WARNING] Log_spec ignored when pcen is set (extractSTFT:84)
2024-05-29 20:20:51.203 [ALFpaka] [WARNING] Log_spec ignored when pcen is set (extractSTFT:84)
2024-05-29 20:20:51.203 [ALFpaka] [WARNING] Log_spec ignored when pcen is set (extractSTFT:84)
2024-05-29 20:20:51.204 [ALFpaka] [WARNING] Log_spec ignored when pcen is set (extractSTFT:84)
2024-05-29 20:20:51.920 [ALFpaka] [WARNING] Log_spec ignored when pcen is set (extractSTFT:84)
2024-05-29 20:20:52.036 [ALFpaka] [WARNING] Log_spec ignored when pcen is set (extractSTFT:84)
2024-05-29 20:20:52.359 [ALFpaka] [WARNING] Log_spec ignored when pcen is set (extractSTFT:84)
2024-05-29 20:20:52.395 [ALFpaka] [WARNING] Log_spec ignored when pcen is set (extractSTFT:84)
2024-05-29 20:20:52.418 [ALFpaka] [WARNING] Log_spec ignored when pcen is set (extractSTFT:84)
2024-05-29 20:20:52.430 [ALFpaka] [WARNING] Log_spec ignored when pcen is set (extractSTFT:84)
2024-05-29 20:20:52.511 [ALFpaka] [WARNING] Log_spec ignored when pcen is set (extractSTFT:84)
2024-05-29 20:20:52.565 [ALFpaka] [WARNING] Log_spec ignored when pcen is set (extractSTFT:84)
2024-05-29 20:20:54.285 [ALFpaka] [INFO] Extracting features for class firefighter with id 1 (extractAndAddFeaturesToDataset:69)
2024-05-29 20:20:55.083 [ALFpaka] [WARNING] Log_spec ignored when pcen is set (extractSTFT:84)
2024-05-29 20:20:55.083 [ALFpaka] [WARNING] Log_spec ignored when pcen is set (extractSTFT:84)
2024-05-29 20:20:55.083 [ALFpaka] [WARNING] Log_spec ignored when pcen is set (extractSTFT:84)
2024-05-29 20:20:55.084 [ALFpaka] [WARNING] Log_spec ignored when pcen is set (extractSTFT:84)
2024-05-29 20:20:55.083 [ALFpaka] [WARNING] Log_spec ignored when pcen is set (extractSTFT:84)
2024-05-29 20:20:55.084 [ALFpaka] [WARNING] Log_spec ignored when pcen is set (extractSTFT:84)
2024-05-29 20:20:55.084 [ALFpaka] [WARNING] Log_spec ignored when pcen is set (extractSTFT:84)
2024-05-29 20:20:55.084 [ALFpaka] [WARNING] Log_spec ignored when pcen is set (extractSTFT:84)
2024-05-29 20:20:55.084 [ALFpaka] [WARNING] Log_spec ignored when pcen is set (extractSTFT:84)
2024-05-29 20:20:55.084 [ALFpaka] [WARNING] Log_spec ignored when pcen is set (extractSTFT:84)
2024-05-29 20:20:55.085 [ALFpaka] [WARNING] Log_spec ignored when pcen is set (extractSTFT:84)
2024-05-29 20:20:55.085 [ALFpaka] [WARNING] Log_spec ignored when pcen is set (extractSTFT:84)
2024-05-29 20:20:55.085 [ALFpaka] [WARNING] Log_spec ignored when pcen is set (extractSTFT:84)
2024-05-29 20:20:55.085 [ALFpaka] [WARNING] Log_spec ignored when pcen is set (extractSTFT:84)
2024-05-29 20:20:55.085 [ALFpaka] [WARNING] Log_spec ignored when pcen is set (extractSTFT:84)
2024-05-29 20:20:55.086 [ALFpaka] [WARNING] Log_spec ignored when pcen is set (extractSTFT:84)
2024-05-29 20:20:55.086 [ALFpaka] [WARNING] Log_spec ignored when pcen is set (extractSTFT:84)
2024-05-29 20:20:55.086 [ALFpaka] [WARNING] Log_spec ignored when pcen is set (extractSTFT:84)
2024-05-29 20:20:55.086 [ALFpaka] [WARNING] Log_spec ignored when pcen is set (extractSTFT:84)
2024-05-29 20:20:55.087 [ALFpaka] [WARNING] Log_spec ignored when pcen is set (extractSTFT:84)
2024-05-29 20:20:55.088 [ALFpaka] [WARNING] Log_spec ignored when pcen is set (extractSTFT:84)
2024-05-29 20:20:55.085 [ALFpaka] [WARNING] Log_spec ignored when pcen is set (extractSTFT:84)
2024-05-29 20:20:55.089 [ALFpaka] [WARNING] Log_spec ignored when pcen is set (extractSTFT:84)
2024-05-29 20:20:55.094 [ALFpaka] [WARNING] Log_spec ignored when pcen is set (extractSTFT:84)
2024-05-29 20:20:55.094 [ALFpaka] [WARNING] Log_spec ignored when pcen is set (extractSTFT:84)
2024-05-29 20:20:55.094 [ALFpaka] [WARNING] Log_spec ignored when pcen is set (extractSTFT:84)
2024-05-29 20:20:55.095 [ALFpaka] [WARNING] Log_spec ignored when pcen is set (extractSTFT:84)
2024-05-29 20:20:55.095 [ALFpaka] [WARNING] Log_spec ignored when pcen is set (extractSTFT:84)
2024-05-29 20:20:55.090 [ALFpaka] [WARNING] Log_spec ignored when pcen is set (extractSTFT:84)
2024-05-29 20:20:55.091 [ALFpaka] [WARNING] Log_spec ignored when pcen is set (extractSTFT:84)
2024-05-29 20:20:55.091 [ALFpaka] [WARNING] Log_spec ignored when pcen is set (extractSTFT:84)
2024-05-29 20:20:55.093 [ALFpaka] [WARNING] Log_spec ignored when pcen is set (extractSTFT:84)
2024-05-29 20:20:55.092 [ALFpaka] [WARNING] Log_spec ignored when pcen is set (extractSTFT:84)
2024-05-29 20:20:55.095 [ALFpaka] [WARNING] Log_spec ignored when pcen is set (extractSTFT:84)
2024-05-29 20:20:55.096 [ALFpaka] [WARNING] Log_spec ignored when pcen is set (extractSTFT:84)
2024-05-29 20:20:55.096 [ALFpaka] [WARNING] Log_spec ignored when pcen is set (extractSTFT:84)
2024-05-29 20:20:55.096 [ALFpaka] [WARNING] Log_spec ignored when pcen is set (extractSTFT:84)
2024-05-29 20:20:55.097 [ALFpaka] [WARNING] Log_spec ignored when pcen is set (extractSTFT:84)
2024-05-29 20:20:55.096 [ALFpaka] [WARNING] Log_spec ignored when pcen is set (extractSTFT:84)
2024-05-29 20:20:55.097 [ALFpaka] [WARNING] Log_spec ignored when pcen is set (extractSTFT:84)
2024-05-29 20:20:55.097 [ALFpaka] [WARNING] Log_spec ignored when pcen is set (extractSTFT:84)
2024-05-29 20:20:55.098 [ALFpaka] [WARNING] Log_spec ignored when pcen is set (extractSTFT:84)
2024-05-29 20:20:55.098 [ALFpaka] [WARNING] Log_spec ignored when pcen is set (extractSTFT:84)
2024-05-29 20:20:55.098 [ALFpaka] [WARNING] Log_spec ignored when pcen is set (extractSTFT:84)
2024-05-29 20:20:55.099 [ALFpaka] [WARNING] Log_spec ignored when pcen is set (extractSTFT:84)
2024-05-29 20:20:55.099 [ALFpaka] [WARNING] Log_spec ignored when pcen is set (extractSTFT:84)
2024-05-29 20:20:55.099 [ALFpaka] [WARNING] Log_spec ignored when pcen is set (extractSTFT:84)
2024-05-29 20:20:55.098 [ALFpaka] [WARNING] Log_spec ignored when pcen is set (extractSTFT:84)
2024-05-29 20:20:56.539 [ALFpaka] [WARNING] Log_spec ignored when pcen is set (extractSTFT:84)
2024-05-29 20:20:56.597 [ALFpaka] [WARNING] Log_spec ignored when pcen is set (extractSTFT:84)
2024-05-29 20:20:56.639 [ALFpaka] [WARNING] Log_spec ignored when pcen is set (extractSTFT:84)
2024-05-29 20:20:56.658 [ALFpaka] [WARNING] Log_spec ignored when pcen is set (extractSTFT:84)
2024-05-29 20:20:56.672 [ALFpaka] [WARNING] Log_spec ignored when pcen is set (extractSTFT:84)
2024-05-29 20:20:56.684 [ALFpaka] [WARNING] Log_spec ignored when pcen is set (extractSTFT:84)
2024-05-29 20:20:56.751 [ALFpaka] [WARNING] Log_spec ignored when pcen is set (extractSTFT:84)
2024-05-29 20:20:56.750 [ALFpaka] [WARNING] Log_spec ignored when pcen is set (extractSTFT:84)
2024-05-29 20:20:56.752 [ALFpaka] [WARNING] Log_spec ignored when pcen is set (extractSTFT:84)
2024-05-29 20:20:56.780 [ALFpaka] [WARNING] Log_spec ignored when pcen is set (extractSTFT:84)
2024-05-29 20:20:56.793 [ALFpaka] [WARNING] Log_spec ignored when pcen is set (extractSTFT:84)
2024-05-29 20:20:56.793 [ALFpaka] [WARNING] Log_spec ignored when pcen is set (extractSTFT:84)
2024-05-29 20:20:56.797 [ALFpaka] [WARNING] Log_spec ignored when pcen is set (extractSTFT:84)
2024-05-29 20:20:56.796 [ALFpaka] [WARNING] Log_spec ignored when pcen is set (extractSTFT:84)
2024-05-29 20:20:56.794 [ALFpaka] [WARNING] Log_spec ignored when pcen is set (extractSTFT:84)
2024-05-29 20:20:56.795 [ALFpaka] [WARNING] Log_spec ignored when pcen is set (extractSTFT:84)
2024-05-29 20:20:57.003 [ALFpaka] [WARNING] Log_spec ignored when pcen is set (extractSTFT:84)
2024-05-29 20:20:57.008 [ALFpaka] [WARNING] Log_spec ignored when pcen is set (extractSTFT:84)
2024-05-29 20:20:57.013 [ALFpaka] [WARNING] Log_spec ignored when pcen is set (extractSTFT:84)
2024-05-29 20:20:57.018 [ALFpaka] [WARNING] Log_spec ignored when pcen is set (extractSTFT:84)
2024-05-29 20:20:57.023 [ALFpaka] [WARNING] Log_spec ignored when pcen is set (extractSTFT:84)
2024-05-29 20:20:57.028 [ALFpaka] [WARNING] Log_spec ignored when pcen is set (extractSTFT:84)
2024-05-29 20:20:57.036 [ALFpaka] [WARNING] Log_spec ignored when pcen is set (extractSTFT:84)
2024-05-29 20:20:57.041 [ALFpaka] [WARNING] Log_spec ignored when pcen is set (extractSTFT:84)
2024-05-29 20:20:57.042 [ALFpaka] [WARNING] Log_spec ignored when pcen is set (extractSTFT:84)
2024-05-29 20:20:57.048 [ALFpaka] [WARNING] Log_spec ignored when pcen is set (extractSTFT:84)
2024-05-29 20:20:57.052 [ALFpaka] [WARNING] Log_spec ignored when pcen is set (extractSTFT:84)
2024-05-29 20:20:57.053 [ALFpaka] [WARNING] Log_spec ignored when pcen is set (extractSTFT:84)
2024-05-29 20:20:57.050 [ALFpaka] [WARNING] Log_spec ignored when pcen is set (extractSTFT:84)
2024-05-29 20:20:57.051 [ALFpaka] [WARNING] Log_spec ignored when pcen is set (extractSTFT:84)
2024-05-29 20:20:57.049 [ALFpaka] [WARNING] Log_spec ignored when pcen is set (extractSTFT:84)
2024-05-29 20:20:57.338 [ALFpaka] [WARNING] Log_spec ignored when pcen is set (extractSTFT:84)
2024-05-29 20:20:57.338 [ALFpaka] [WARNING] Log_spec ignored when pcen is set (extractSTFT:84)
2024-05-29 20:20:57.370 [ALFpaka] [WARNING] Log_spec ignored when pcen is set (extractSTFT:84)
2024-05-29 20:20:57.568 [ALFpaka] [WARNING] Log_spec ignored when pcen is set (extractSTFT:84)
2024-05-29 20:20:57.710 [ALFpaka] [WARNING] Log_spec ignored when pcen is set (extractSTFT:84)
2024-05-29 20:20:57.768 [ALFpaka] [WARNING] Log_spec ignored when pcen is set (extractSTFT:84)
2024-05-29 20:20:57.865 [ALFpaka] [WARNING] Log_spec ignored when pcen is set (extractSTFT:84)
2024-05-29 20:20:57.916 [ALFpaka] [WARNING] Log_spec ignored when pcen is set (extractSTFT:84)
2024-05-29 20:20:57.954 [ALFpaka] [WARNING] Log_spec ignored when pcen is set (extractSTFT:84)
2024-05-29 20:20:57.965 [ALFpaka] [WARNING] Log_spec ignored when pcen is set (extractSTFT:84)
2024-05-29 20:20:58.030 [ALFpaka] [WARNING] Log_spec ignored when pcen is set (extractSTFT:84)
2024-05-29 20:20:58.082 [ALFpaka] [WARNING] Log_spec ignored when pcen is set (extractSTFT:84)
2024-05-29 20:20:58.089 [ALFpaka] [WARNING] Log_spec ignored when pcen is set (extractSTFT:84)
2024-05-29 20:20:58.136 [ALFpaka] [WARNING] Log_spec ignored when pcen is set (extractSTFT:84)
2024-05-29 20:20:58.703 [ALFpaka] [WARNING] Log_spec ignored when pcen is set (extractSTFT:84)
2024-05-29 20:20:58.703 [ALFpaka] [WARNING] Log_spec ignored when pcen is set (extractSTFT:84)
2024-05-29 20:20:58.702 [ALFpaka] [WARNING] Log_spec ignored when pcen is set (extractSTFT:84)
2024-05-29 20:20:58.823 [ALFpaka] [WARNING] Log_spec ignored when pcen is set (extractSTFT:84)
2024-05-29 20:20:59.025 [ALFpaka] [WARNING] Log_spec ignored when pcen is set (extractSTFT:84)
2024-05-29 20:20:59.022 [ALFpaka] [WARNING] Log_spec ignored when pcen is set (extractSTFT:84)
2024-05-29 20:20:59.177 [ALFpaka] [WARNING] Log_spec ignored when pcen is set (extractSTFT:84)
2024-05-29 20:20:59.178 [ALFpaka] [WARNING] Log_spec ignored when pcen is set (extractSTFT:84)
2024-05-29 20:20:59.202 [ALFpaka] [WARNING] Log_spec ignored when pcen is set (extractSTFT:84)
2024-05-29 20:21:01.172 [ALFpaka] [INFO] Extracting features for class nosirens with id 3 (extractAndAddFeaturesToDataset:69)
2024-05-29 20:21:02.067 [ALFpaka] [WARNING] Log_spec ignored when pcen is set (extractSTFT:84)
2024-05-29 20:21:02.071 [ALFpaka] [WARNING] Log_spec ignored when pcen is set (extractSTFT:84)
2024-05-29 20:21:02.071 [ALFpaka] [WARNING] Log_spec ignored when pcen is set (extractSTFT:84)
2024-05-29 20:21:02.072 [ALFpaka] [WARNING] Log_spec ignored when pcen is set (extractSTFT:84)
2024-05-29 20:21:02.072 [ALFpaka] [WARNING] Log_spec ignored when pcen is set (extractSTFT:84)
2024-05-29 20:21:02.072 [ALFpaka] [WARNING] Log_spec ignored when pcen is set (extractSTFT:84)
2024-05-29 20:21:02.072 [ALFpaka] [WARNING] Log_spec ignored when pcen is set (extractSTFT:84)
2024-05-29 20:21:02.072 [ALFpaka] [WARNING] Log_spec ignored when pcen is set (extractSTFT:84)
2024-05-29 20:21:02.072 [ALFpaka] [WARNING] Log_spec ignored when pcen is set (extractSTFT:84)
2024-05-29 20:21:02.072 [ALFpaka] [WARNING] Log_spec ignored when pcen is set (extractSTFT:84)
2024-05-29 20:21:02.073 [ALFpaka] [WARNING] Log_spec ignored when pcen is set (extractSTFT:84)
2024-05-29 20:21:02.073 [ALFpaka] [WARNING] Log_spec ignored when pcen is set (extractSTFT:84)
2024-05-29 20:21:02.073 [ALFpaka] [WARNING] Log_spec ignored when pcen is set (extractSTFT:84)
2024-05-29 20:21:02.073 [ALFpaka] [WARNING] Log_spec ignored when pcen is set (extractSTFT:84)
2024-05-29 20:21:02.073 [ALFpaka] [WARNING] Log_spec ignored when pcen is set (extractSTFT:84)
2024-05-29 20:21:02.073 [ALFpaka] [WARNING] Log_spec ignored when pcen is set (extractSTFT:84)
2024-05-29 20:21:02.074 [ALFpaka] [WARNING] Log_spec ignored when pcen is set (extractSTFT:84)
2024-05-29 20:21:02.074 [ALFpaka] [WARNING] Log_spec ignored when pcen is set (extractSTFT:84)
2024-05-29 20:21:02.074 [ALFpaka] [WARNING] Log_spec ignored when pcen is set (extractSTFT:84)
2024-05-29 20:21:02.074 [ALFpaka] [WARNING] Log_spec ignored when pcen is set (extractSTFT:84)
2024-05-29 20:21:02.075 [ALFpaka] [WARNING] Log_spec ignored when pcen is set (extractSTFT:84)
2024-05-29 20:21:02.075 [ALFpaka] [WARNING] Log_spec ignored when pcen is set (extractSTFT:84)
2024-05-29 20:21:02.075 [ALFpaka] [WARNING] Log_spec ignored when pcen is set (extractSTFT:84)
2024-05-29 20:21:02.076 [ALFpaka] [WARNING] Log_spec ignored when pcen is set (extractSTFT:84)
2024-05-29 20:21:02.077 [ALFpaka] [WARNING] Log_spec ignored when pcen is set (extractSTFT:84)
2024-05-29 20:21:02.077 [ALFpaka] [WARNING] Log_spec ignored when pcen is set (extractSTFT:84)
2024-05-29 20:21:02.077 [ALFpaka] [WARNING] Log_spec ignored when pcen is set (extractSTFT:84)
2024-05-29 20:21:02.077 [ALFpaka] [WARNING] Log_spec ignored when pcen is set (extractSTFT:84)
2024-05-29 20:21:02.077 [ALFpaka] [WARNING] Log_spec ignored when pcen is set (extractSTFT:84)
2024-05-29 20:21:02.078 [ALFpaka] [WARNING] Log_spec ignored when pcen is set (extractSTFT:84)
2024-05-29 20:21:02.078 [ALFpaka] [WARNING] Log_spec ignored when pcen is set (extractSTFT:84)
2024-05-29 20:21:02.078 [ALFpaka] [WARNING] Log_spec ignored when pcen is set (extractSTFT:84)
2024-05-29 20:21:02.078 [ALFpaka] [WARNING] Log_spec ignored when pcen is set (extractSTFT:84)
2024-05-29 20:21:02.079 [ALFpaka] [WARNING] Log_spec ignored when pcen is set (extractSTFT:84)
2024-05-29 20:21:02.079 [ALFpaka] [WARNING] Log_spec ignored when pcen is set (extractSTFT:84)
2024-05-29 20:21:02.079 [ALFpaka] [WARNING] Log_spec ignored when pcen is set (extractSTFT:84)
2024-05-29 20:21:02.080 [ALFpaka] [WARNING] Log_spec ignored when pcen is set (extractSTFT:84)
2024-05-29 20:21:02.081 [ALFpaka] [WARNING] Log_spec ignored when pcen is set (extractSTFT:84)
2024-05-29 20:21:02.081 [ALFpaka] [WARNING] Log_spec ignored when pcen is set (extractSTFT:84)
2024-05-29 20:21:02.081 [ALFpaka] [WARNING] Log_spec ignored when pcen is set (extractSTFT:84)
2024-05-29 20:21:02.079 [ALFpaka] [WARNING] Log_spec ignored when pcen is set (extractSTFT:84)
2024-05-29 20:21:02.082 [ALFpaka] [WARNING] Log_spec ignored when pcen is set (extractSTFT:84)
2024-05-29 20:21:02.082 [ALFpaka] [WARNING] Log_spec ignored when pcen is set (extractSTFT:84)
2024-05-29 20:21:02.082 [ALFpaka] [WARNING] Log_spec ignored when pcen is set (extractSTFT:84)
2024-05-29 20:21:02.083 [ALFpaka] [WARNING] Log_spec ignored when pcen is set (extractSTFT:84)
2024-05-29 20:21:02.085 [ALFpaka] [WARNING] Log_spec ignored when pcen is set (extractSTFT:84)
2024-05-29 20:21:02.085 [ALFpaka] [WARNING] Log_spec ignored when pcen is set (extractSTFT:84)
2024-05-29 20:21:02.092 [ALFpaka] [WARNING] Log_spec ignored when pcen is set (extractSTFT:84)
2024-05-29 20:21:03.394 [ALFpaka] [WARNING] Log_spec ignored when pcen is set (extractSTFT:84)
2024-05-29 20:21:03.402 [ALFpaka] [WARNING] Log_spec ignored when pcen is set (extractSTFT:84)
2024-05-29 20:21:03.554 [ALFpaka] [WARNING] Log_spec ignored when pcen is set (extractSTFT:84)
2024-05-29 20:21:03.557 [ALFpaka] [WARNING] Log_spec ignored when pcen is set (extractSTFT:84)
2024-05-29 20:21:03.604 [ALFpaka] [WARNING] Log_spec ignored when pcen is set (extractSTFT:84)
2024-05-29 20:21:03.605 [ALFpaka] [WARNING] Log_spec ignored when pcen is set (extractSTFT:84)
2024-05-29 20:21:03.606 [ALFpaka] [WARNING] Log_spec ignored when pcen is set (extractSTFT:84)
2024-05-29 20:21:03.609 [ALFpaka] [WARNING] Log_spec ignored when pcen is set (extractSTFT:84)
2024-05-29 20:21:03.608 [ALFpaka] [WARNING] Log_spec ignored when pcen is set (extractSTFT:84)
2024-05-29 20:21:03.611 [ALFpaka] [WARNING] Log_spec ignored when pcen is set (extractSTFT:84)
2024-05-29 20:21:03.610 [ALFpaka] [WARNING] Log_spec ignored when pcen is set (extractSTFT:84)
2024-05-29 20:21:03.607 [ALFpaka] [WARNING] Log_spec ignored when pcen is set (extractSTFT:84)
2024-05-29 20:21:03.678 [ALFpaka] [WARNING] Log_spec ignored when pcen is set (extractSTFT:84)
2024-05-29 20:21:03.709 [ALFpaka] [WARNING] Log_spec ignored when pcen is set (extractSTFT:84)
2024-05-29 20:21:03.708 [ALFpaka] [WARNING] Log_spec ignored when pcen is set (extractSTFT:84)
2024-05-29 20:21:03.719 [ALFpaka] [WARNING] Log_spec ignored when pcen is set (extractSTFT:84)
2024-05-29 20:21:03.777 [ALFpaka] [WARNING] Log_spec ignored when pcen is set (extractSTFT:84)
2024-05-29 20:21:03.815 [ALFpaka] [WARNING] Log_spec ignored when pcen is set (extractSTFT:84)
2024-05-29 20:21:03.819 [ALFpaka] [WARNING] Log_spec ignored when pcen is set (extractSTFT:84)
2024-05-29 20:21:03.844 [ALFpaka] [WARNING] Log_spec ignored when pcen is set (extractSTFT:84)
2024-05-29 20:21:03.865 [ALFpaka] [WARNING] Log_spec ignored when pcen is set (extractSTFT:84)
2024-05-29 20:21:03.946 [ALFpaka] [WARNING] Log_spec ignored when pcen is set (extractSTFT:84)
2024-05-29 20:21:03.965 [ALFpaka] [WARNING] Log_spec ignored when pcen is set (extractSTFT:84)
2024-05-29 20:21:03.964 [ALFpaka] [WARNING] Log_spec ignored when pcen is set (extractSTFT:84)
2024-05-29 20:21:04.269 [ALFpaka] [WARNING] Log_spec ignored when pcen is set (extractSTFT:84)
2024-05-29 20:21:04.269 [ALFpaka] [WARNING] Log_spec ignored when pcen is set (extractSTFT:84)
2024-05-29 20:21:04.467 [ALFpaka] [WARNING] Log_spec ignored when pcen is set (extractSTFT:84)
2024-05-29 20:21:04.490 [ALFpaka] [WARNING] Log_spec ignored when pcen is set (extractSTFT:84)
2024-05-29 20:21:04.545 [ALFpaka] [WARNING] Log_spec ignored when pcen is set (extractSTFT:84)
2024-05-29 20:21:04.626 [ALFpaka] [WARNING] Log_spec ignored when pcen is set (extractSTFT:84)
2024-05-29 20:21:04.648 [ALFpaka] [WARNING] Log_spec ignored when pcen is set (extractSTFT:84)
2024-05-29 20:21:04.646 [ALFpaka] [WARNING] Log_spec ignored when pcen is set (extractSTFT:84)
2024-05-29 20:21:04.648 [ALFpaka] [WARNING] Log_spec ignored when pcen is set (extractSTFT:84)
2024-05-29 20:21:04.682 [ALFpaka] [WARNING] Log_spec ignored when pcen is set (extractSTFT:84)
2024-05-29 20:21:04.681 [ALFpaka] [WARNING] Log_spec ignored when pcen is set (extractSTFT:84)
2024-05-29 20:21:04.820 [ALFpaka] [WARNING] Log_spec ignored when pcen is set (extractSTFT:84)
2024-05-29 20:21:04.820 [ALFpaka] [WARNING] Log_spec ignored when pcen is set (extractSTFT:84)
2024-05-29 20:21:04.875 [ALFpaka] [WARNING] Log_spec ignored when pcen is set (extractSTFT:84)
2024-05-29 20:21:04.875 [ALFpaka] [WARNING] Log_spec ignored when pcen is set (extractSTFT:84)
2024-05-29 20:21:04.877 [ALFpaka] [WARNING] Log_spec ignored when pcen is set (extractSTFT:84)
2024-05-29 20:21:04.878 [ALFpaka] [WARNING] Log_spec ignored when pcen is set (extractSTFT:84)
2024-05-29 20:21:04.877 [ALFpaka] [WARNING] Log_spec ignored when pcen is set (extractSTFT:84)
2024-05-29 20:21:05.032 [ALFpaka] [WARNING] Log_spec ignored when pcen is set (extractSTFT:84)
2024-05-29 20:21:05.118 [ALFpaka] [WARNING] Log_spec ignored when pcen is set (extractSTFT:84)
2024-05-29 20:21:05.266 [ALFpaka] [WARNING] Log_spec ignored when pcen is set (extractSTFT:84)
2024-05-29 20:21:05.308 [ALFpaka] [WARNING] Log_spec ignored when pcen is set (extractSTFT:84)
2024-05-29 20:21:05.453 [ALFpaka] [WARNING] Log_spec ignored when pcen is set (extractSTFT:84)
2024-05-29 20:21:05.532 [ALFpaka] [WARNING] Log_spec ignored when pcen is set (extractSTFT:84)
2024-05-29 20:21:05.698 [ALFpaka] [WARNING] Log_spec ignored when pcen is set (extractSTFT:84)
2024-05-29 20:21:06.163 [ALFpaka] [WARNING] Log_spec ignored when pcen is set (extractSTFT:84)
2024-05-29 20:21:06.170 [ALFpaka] [WARNING] Log_spec ignored when pcen is set (extractSTFT:84)
2024-05-29 20:21:06.310 [ALFpaka] [WARNING] Log_spec ignored when pcen is set (extractSTFT:84)
2024-05-29 20:21:06.311 [ALFpaka] [WARNING] Log_spec ignored when pcen is set (extractSTFT:84)
2024-05-29 20:21:06.326 [ALFpaka] [WARNING] Log_spec ignored when pcen is set (extractSTFT:84)
2024-05-29 20:21:06.335 [ALFpaka] [WARNING] Log_spec ignored when pcen is set (extractSTFT:84)
2024-05-29 20:21:06.401 [ALFpaka] [WARNING] Log_spec ignored when pcen is set (extractSTFT:84)
2024-05-29 20:21:06.592 [ALFpaka] [WARNING] Log_spec ignored when pcen is set (extractSTFT:84)
2024-05-29 20:21:06.592 [ALFpaka] [WARNING] Log_spec ignored when pcen is set (extractSTFT:84)
2024-05-29 20:21:06.597 [ALFpaka] [WARNING] Log_spec ignored when pcen is set (extractSTFT:84)
2024-05-29 20:21:06.729 [ALFpaka] [WARNING] Log_spec ignored when pcen is set (extractSTFT:84)
2024-05-29 20:21:06.738 [ALFpaka] [WARNING] Log_spec ignored when pcen is set (extractSTFT:84)
2024-05-29 20:21:06.706 [ALFpaka] [WARNING] Log_spec ignored when pcen is set (extractSTFT:84)
2024-05-29 20:21:06.822 [ALFpaka] [WARNING] Log_spec ignored when pcen is set (extractSTFT:84)
2024-05-29 20:21:06.821 [ALFpaka] [WARNING] Log_spec ignored when pcen is set (extractSTFT:84)
2024-05-29 20:21:06.873 [ALFpaka] [WARNING] Log_spec ignored when pcen is set (extractSTFT:84)
2024-05-29 20:21:06.942 [ALFpaka] [WARNING] Log_spec ignored when pcen is set (extractSTFT:84)
2024-05-29 20:21:06.943 [ALFpaka] [WARNING] Log_spec ignored when pcen is set (extractSTFT:84)
2024-05-29 20:21:06.941 [ALFpaka] [WARNING] Log_spec ignored when pcen is set (extractSTFT:84)
2024-05-29 20:21:06.944 [ALFpaka] [WARNING] Log_spec ignored when pcen is set (extractSTFT:84)
2024-05-29 20:21:07.566 [ALFpaka] [WARNING] Log_spec ignored when pcen is set (extractSTFT:84)
2024-05-29 20:21:07.566 [ALFpaka] [WARNING] Log_spec ignored when pcen is set (extractSTFT:84)
2024-05-29 20:21:07.576 [ALFpaka] [WARNING] Log_spec ignored when pcen is set (extractSTFT:84)
2024-05-29 20:21:07.568 [ALFpaka] [WARNING] Log_spec ignored when pcen is set (extractSTFT:84)
2024-05-29 20:21:07.569 [ALFpaka] [WARNING] Log_spec ignored when pcen is set (extractSTFT:84)
2024-05-29 20:21:07.570 [ALFpaka] [WARNING] Log_spec ignored when pcen is set (extractSTFT:84)
2024-05-29 20:21:07.571 [ALFpaka] [WARNING] Log_spec ignored when pcen is set (extractSTFT:84)
2024-05-29 20:21:07.567 [ALFpaka] [WARNING] Log_spec ignored when pcen is set (extractSTFT:84)
2024-05-29 20:21:07.572 [ALFpaka] [WARNING] Log_spec ignored when pcen is set (extractSTFT:84)
2024-05-29 20:21:07.571 [ALFpaka] [WARNING] Log_spec ignored when pcen is set (extractSTFT:84)
2024-05-29 20:21:07.573 [ALFpaka] [WARNING] Log_spec ignored when pcen is set (extractSTFT:84)
2024-05-29 20:21:07.595 [ALFpaka] [WARNING] Log_spec ignored when pcen is set (extractSTFT:84)
2024-05-29 20:21:07.576 [ALFpaka] [WARNING] Log_spec ignored when pcen is set (extractSTFT:84)
2024-05-29 20:21:07.575 [ALFpaka] [WARNING] Log_spec ignored when pcen is set (extractSTFT:84)
2024-05-29 20:21:07.625 [ALFpaka] [WARNING] Log_spec ignored when pcen is set (extractSTFT:84)
2024-05-29 20:21:07.643 [ALFpaka] [WARNING] Log_spec ignored when pcen is set (extractSTFT:84)
2024-05-29 20:21:07.652 [ALFpaka] [WARNING] Log_spec ignored when pcen is set (extractSTFT:84)
2024-05-29 20:21:07.774 [ALFpaka] [WARNING] Log_spec ignored when pcen is set (extractSTFT:84)
2024-05-29 20:21:07.744 [ALFpaka] [WARNING] Log_spec ignored when pcen is set (extractSTFT:84)
2024-05-29 20:21:07.862 [ALFpaka] [WARNING] Log_spec ignored when pcen is set (extractSTFT:84)
2024-05-29 20:21:07.832 [ALFpaka] [WARNING] Log_spec ignored when pcen is set (extractSTFT:84)
2024-05-29 20:21:07.790 [ALFpaka] [WARNING] Log_spec ignored when pcen is set (extractSTFT:84)
2024-05-29 20:21:08.016 [ALFpaka] [WARNING] Log_spec ignored when pcen is set (extractSTFT:84)
2024-05-29 20:21:07.977 [ALFpaka] [WARNING] Log_spec ignored when pcen is set (extractSTFT:84)
2024-05-29 20:21:08.250 [ALFpaka] [WARNING] Log_spec ignored when pcen is set (extractSTFT:84)
2024-05-29 20:21:08.559 [ALFpaka] [WARNING] Log_spec ignored when pcen is set (extractSTFT:84)
2024-05-29 20:21:08.606 [ALFpaka] [WARNING] Log_spec ignored when pcen is set (extractSTFT:84)
2024-05-29 20:21:08.605 [ALFpaka] [WARNING] Log_spec ignored when pcen is set (extractSTFT:84)
2024-05-29 20:21:08.607 [ALFpaka] [WARNING] Log_spec ignored when pcen is set (extractSTFT:84)
2024-05-29 20:21:08.604 [ALFpaka] [WARNING] Log_spec ignored when pcen is set (extractSTFT:84)
2024-05-29 20:21:08.608 [ALFpaka] [WARNING] Log_spec ignored when pcen is set (extractSTFT:84)
2024-05-29 20:21:08.633 [ALFpaka] [WARNING] Log_spec ignored when pcen is set (extractSTFT:84)
2024-05-29 20:21:08.639 [ALFpaka] [WARNING] Log_spec ignored when pcen is set (extractSTFT:84)
2024-05-29 20:21:08.652 [ALFpaka] [WARNING] Log_spec ignored when pcen is set (extractSTFT:84)
2024-05-29 20:21:08.820 [ALFpaka] [WARNING] Log_spec ignored when pcen is set (extractSTFT:84)
2024-05-29 20:21:09.029 [ALFpaka] [WARNING] Log_spec ignored when pcen is set (extractSTFT:84)
2024-05-29 20:21:09.122 [ALFpaka] [WARNING] Log_spec ignored when pcen is set (extractSTFT:84)
2024-05-29 20:21:09.232 [ALFpaka] [WARNING] Log_spec ignored when pcen is set (extractSTFT:84)
2024-05-29 20:21:09.262 [ALFpaka] [WARNING] Log_spec ignored when pcen is set (extractSTFT:84)
2024-05-29 20:21:09.275 [ALFpaka] [WARNING] Log_spec ignored when pcen is set (extractSTFT:84)
2024-05-29 20:21:09.355 [ALFpaka] [WARNING] Log_spec ignored when pcen is set (extractSTFT:84)
2024-05-29 20:21:09.394 [ALFpaka] [WARNING] Log_spec ignored when pcen is set (extractSTFT:84)
2024-05-29 20:21:09.393 [ALFpaka] [WARNING] Log_spec ignored when pcen is set (extractSTFT:84)
2024-05-29 20:21:09.443 [ALFpaka] [WARNING] Log_spec ignored when pcen is set (extractSTFT:84)
2024-05-29 20:21:09.718 [ALFpaka] [WARNING] Log_spec ignored when pcen is set (extractSTFT:84)
2024-05-29 20:21:09.839 [ALFpaka] [WARNING] Log_spec ignored when pcen is set (extractSTFT:84)
2024-05-29 20:21:10.044 [ALFpaka] [WARNING] Log_spec ignored when pcen is set (extractSTFT:84)
2024-05-29 20:21:10.022 [ALFpaka] [WARNING] Log_spec ignored when pcen is set (extractSTFT:84)
2024-05-29 20:21:10.145 [ALFpaka] [WARNING] Log_spec ignored when pcen is set (extractSTFT:84)
2024-05-29 20:21:10.167 [ALFpaka] [WARNING] Log_spec ignored when pcen is set (extractSTFT:84)
2024-05-29 20:21:10.262 [ALFpaka] [WARNING] Log_spec ignored when pcen is set (extractSTFT:84)
2024-05-29 20:21:10.264 [ALFpaka] [WARNING] Log_spec ignored when pcen is set (extractSTFT:84)
2024-05-29 20:21:10.263 [ALFpaka] [WARNING] Log_spec ignored when pcen is set (extractSTFT:84)
2024-05-29 20:21:10.306 [ALFpaka] [WARNING] Log_spec ignored when pcen is set (extractSTFT:84)
2024-05-29 20:21:10.316 [ALFpaka] [WARNING] Log_spec ignored when pcen is set (extractSTFT:84)
2024-05-29 20:21:10.380 [ALFpaka] [WARNING] Log_spec ignored when pcen is set (extractSTFT:84)
2024-05-29 20:21:10.406 [ALFpaka] [WARNING] Log_spec ignored when pcen is set (extractSTFT:84)
2024-05-29 20:21:10.452 [ALFpaka] [WARNING] Log_spec ignored when pcen is set (extractSTFT:84)
2024-05-29 20:21:11.076 [ALFpaka] [WARNING] Log_spec ignored when pcen is set (extractSTFT:84)
2024-05-29 20:21:11.075 [ALFpaka] [WARNING] Log_spec ignored when pcen is set (extractSTFT:84)
2024-05-29 20:21:11.077 [ALFpaka] [WARNING] Log_spec ignored when pcen is set (extractSTFT:84)
2024-05-29 20:21:11.078 [ALFpaka] [WARNING] Log_spec ignored when pcen is set (extractSTFT:84)
2024-05-29 20:21:11.134 [ALFpaka] [WARNING] Log_spec ignored when pcen is set (extractSTFT:84)
2024-05-29 20:21:11.078 [ALFpaka] [WARNING] Log_spec ignored when pcen is set (extractSTFT:84)
2024-05-29 20:21:11.080 [ALFpaka] [WARNING] Log_spec ignored when pcen is set (extractSTFT:84)
2024-05-29 20:21:11.083 [ALFpaka] [WARNING] Log_spec ignored when pcen is set (extractSTFT:84)
2024-05-29 20:21:11.081 [ALFpaka] [WARNING] Log_spec ignored when pcen is set (extractSTFT:84)
2024-05-29 20:21:11.082 [ALFpaka] [WARNING] Log_spec ignored when pcen is set (extractSTFT:84)
2024-05-29 20:21:11.081 [ALFpaka] [WARNING] Log_spec ignored when pcen is set (extractSTFT:84)
2024-05-29 20:21:11.079 [ALFpaka] [WARNING] Log_spec ignored when pcen is set (extractSTFT:84)
2024-05-29 20:21:11.099 [ALFpaka] [WARNING] Log_spec ignored when pcen is set (extractSTFT:84)
2024-05-29 20:21:11.116 [ALFpaka] [WARNING] Log_spec ignored when pcen is set (extractSTFT:84)
2024-05-29 20:21:11.116 [ALFpaka] [WARNING] Log_spec ignored when pcen is set (extractSTFT:84)
2024-05-29 20:21:11.119 [ALFpaka] [WARNING] Log_spec ignored when pcen is set (extractSTFT:84)
2024-05-29 20:21:11.134 [ALFpaka] [WARNING] Log_spec ignored when pcen is set (extractSTFT:84)
2024-05-29 20:21:11.330 [ALFpaka] [WARNING] Log_spec ignored when pcen is set (extractSTFT:84)
2024-05-29 20:21:11.330 [ALFpaka] [WARNING] Log_spec ignored when pcen is set (extractSTFT:84)
2024-05-29 20:21:11.338 [ALFpaka] [WARNING] Log_spec ignored when pcen is set (extractSTFT:84)
2024-05-29 20:21:11.487 [ALFpaka] [WARNING] Log_spec ignored when pcen is set (extractSTFT:84)
2024-05-29 20:21:11.517 [ALFpaka] [WARNING] Log_spec ignored when pcen is set (extractSTFT:84)
2024-05-29 20:21:11.745 [ALFpaka] [WARNING] Log_spec ignored when pcen is set (extractSTFT:84)
2024-05-29 20:21:11.798 [ALFpaka] [WARNING] Log_spec ignored when pcen is set (extractSTFT:84)
2024-05-29 20:21:11.838 [ALFpaka] [WARNING] Log_spec ignored when pcen is set (extractSTFT:84)
2024-05-29 20:21:11.880 [ALFpaka] [WARNING] Log_spec ignored when pcen is set (extractSTFT:84)
2024-05-29 20:21:11.996 [ALFpaka] [WARNING] Log_spec ignored when pcen is set (extractSTFT:84)
2024-05-29 20:21:11.999 [ALFpaka] [WARNING] Log_spec ignored when pcen is set (extractSTFT:84)
2024-05-29 20:21:12.039 [ALFpaka] [WARNING] Log_spec ignored when pcen is set (extractSTFT:84)
2024-05-29 20:21:12.048 [ALFpaka] [WARNING] Log_spec ignored when pcen is set (extractSTFT:84)
2024-05-29 20:21:12.081 [ALFpaka] [WARNING] Log_spec ignored when pcen is set (extractSTFT:84)
2024-05-29 20:21:12.124 [ALFpaka] [WARNING] Log_spec ignored when pcen is set (extractSTFT:84)
2024-05-29 20:21:12.080 [ALFpaka] [WARNING] Log_spec ignored when pcen is set (extractSTFT:84)
2024-05-29 20:21:12.365 [ALFpaka] [WARNING] Log_spec ignored when pcen is set (extractSTFT:84)
2024-05-29 20:21:12.364 [ALFpaka] [WARNING] Log_spec ignored when pcen is set (extractSTFT:84)
2024-05-29 20:21:12.363 [ALFpaka] [WARNING] Log_spec ignored when pcen is set (extractSTFT:84)
2024-05-29 20:21:12.629 [ALFpaka] [WARNING] Log_spec ignored when pcen is set (extractSTFT:84)
2024-05-29 20:21:12.630 [ALFpaka] [WARNING] Log_spec ignored when pcen is set (extractSTFT:84)
2024-05-29 20:21:12.641 [ALFpaka] [WARNING] Log_spec ignored when pcen is set (extractSTFT:84)
2024-05-29 20:21:12.640 [ALFpaka] [WARNING] Log_spec ignored when pcen is set (extractSTFT:84)
2024-05-29 20:21:12.639 [ALFpaka] [WARNING] Log_spec ignored when pcen is set (extractSTFT:84)
2024-05-29 20:21:12.629 [ALFpaka] [WARNING] Log_spec ignored when pcen is set (extractSTFT:84)
2024-05-29 20:21:12.979 [ALFpaka] [WARNING] Log_spec ignored when pcen is set (extractSTFT:84)
2024-05-29 20:21:13.036 [ALFpaka] [WARNING] Log_spec ignored when pcen is set (extractSTFT:84)
2024-05-29 20:21:13.560 [ALFpaka] [WARNING] Log_spec ignored when pcen is set (extractSTFT:84)
2024-05-29 20:21:13.561 [ALFpaka] [WARNING] Log_spec ignored when pcen is set (extractSTFT:84)
2024-05-29 20:21:13.559 [ALFpaka] [WARNING] Log_spec ignored when pcen is set (extractSTFT:84)
2024-05-29 20:21:13.562 [ALFpaka] [WARNING] Log_spec ignored when pcen is set (extractSTFT:84)
2024-05-29 20:21:13.563 [ALFpaka] [WARNING] Log_spec ignored when pcen is set (extractSTFT:84)
2024-05-29 20:21:13.563 [ALFpaka] [WARNING] Log_spec ignored when pcen is set (extractSTFT:84)
2024-05-29 20:21:13.569 [ALFpaka] [WARNING] Log_spec ignored when pcen is set (extractSTFT:84)
2024-05-29 20:21:13.627 [ALFpaka] [WARNING] Log_spec ignored when pcen is set (extractSTFT:84)
2024-05-29 20:21:13.696 [ALFpaka] [WARNING] Log_spec ignored when pcen is set (extractSTFT:84)
2024-05-29 20:21:13.748 [ALFpaka] [WARNING] Log_spec ignored when pcen is set (extractSTFT:84)
2024-05-29 20:21:13.808 [ALFpaka] [WARNING] Log_spec ignored when pcen is set (extractSTFT:84)
2024-05-29 20:21:13.828 [ALFpaka] [WARNING] Log_spec ignored when pcen is set (extractSTFT:84)
2024-05-29 20:21:13.904 [ALFpaka] [WARNING] Log_spec ignored when pcen is set (extractSTFT:84)
2024-05-29 20:21:13.904 [ALFpaka] [WARNING] Log_spec ignored when pcen is set (extractSTFT:84)
2024-05-29 20:21:13.905 [ALFpaka] [WARNING] Log_spec ignored when pcen is set (extractSTFT:84)
2024-05-29 20:21:13.935 [ALFpaka] [WARNING] Log_spec ignored when pcen is set (extractSTFT:84)
2024-05-29 20:21:13.947 [ALFpaka] [WARNING] Log_spec ignored when pcen is set (extractSTFT:84)
2024-05-29 20:21:13.954 [ALFpaka] [WARNING] Log_spec ignored when pcen is set (extractSTFT:84)
2024-05-29 20:21:14.511 [ALFpaka] [WARNING] Log_spec ignored when pcen is set (extractSTFT:84)
2024-05-29 20:21:14.510 [ALFpaka] [WARNING] Log_spec ignored when pcen is set (extractSTFT:84)
2024-05-29 20:21:14.512 [ALFpaka] [WARNING] Log_spec ignored when pcen is set (extractSTFT:84)
2024-05-29 20:21:14.534 [ALFpaka] [WARNING] Log_spec ignored when pcen is set (extractSTFT:84)
2024-05-29 20:21:14.512 [ALFpaka] [WARNING] Log_spec ignored when pcen is set (extractSTFT:84)
2024-05-29 20:21:14.549 [ALFpaka] [WARNING] Log_spec ignored when pcen is set (extractSTFT:84)
2024-05-29 20:21:14.514 [ALFpaka] [WARNING] Log_spec ignored when pcen is set (extractSTFT:84)
2024-05-29 20:21:14.518 [ALFpaka] [WARNING] Log_spec ignored when pcen is set (extractSTFT:84)
2024-05-29 20:21:14.517 [ALFpaka] [WARNING] Log_spec ignored when pcen is set (extractSTFT:84)
2024-05-29 20:21:14.514 [ALFpaka] [WARNING] Log_spec ignored when pcen is set (extractSTFT:84)
2024-05-29 20:21:14.572 [ALFpaka] [WARNING] Log_spec ignored when pcen is set (extractSTFT:84)
2024-05-29 20:21:14.597 [ALFpaka] [WARNING] Log_spec ignored when pcen is set (extractSTFT:84)
2024-05-29 20:21:14.935 [ALFpaka] [WARNING] Log_spec ignored when pcen is set (extractSTFT:84)
2024-05-29 20:21:15.013 [ALFpaka] [WARNING] Log_spec ignored when pcen is set (extractSTFT:84)
2024-05-29 20:21:15.060 [ALFpaka] [WARNING] Log_spec ignored when pcen is set (extractSTFT:84)
2024-05-29 20:21:15.113 [ALFpaka] [WARNING] Log_spec ignored when pcen is set (extractSTFT:84)
2024-05-29 20:21:15.336 [ALFpaka] [WARNING] Log_spec ignored when pcen is set (extractSTFT:84)
2024-05-29 20:21:15.335 [ALFpaka] [WARNING] Log_spec ignored when pcen is set (extractSTFT:84)
2024-05-29 20:21:15.335 [ALFpaka] [WARNING] Log_spec ignored when pcen is set (extractSTFT:84)
2024-05-29 20:21:15.337 [ALFpaka] [WARNING] Log_spec ignored when pcen is set (extractSTFT:84)
2024-05-29 20:21:15.346 [ALFpaka] [WARNING] Log_spec ignored when pcen is set (extractSTFT:84)
2024-05-29 20:21:15.346 [ALFpaka] [WARNING] Log_spec ignored when pcen is set (extractSTFT:84)
2024-05-29 20:21:15.426 [ALFpaka] [WARNING] Log_spec ignored when pcen is set (extractSTFT:84)
2024-05-29 20:21:15.425 [ALFpaka] [WARNING] Log_spec ignored when pcen is set (extractSTFT:84)
2024-05-29 20:21:15.535 [ALFpaka] [WARNING] Log_spec ignored when pcen is set (extractSTFT:84)
2024-05-29 20:21:15.548 [ALFpaka] [WARNING] Log_spec ignored when pcen is set (extractSTFT:84)
2024-05-29 20:21:15.804 [ALFpaka] [WARNING] Log_spec ignored when pcen is set (extractSTFT:84)
2024-05-29 20:21:15.804 [ALFpaka] [WARNING] Log_spec ignored when pcen is set (extractSTFT:84)
2024-05-29 20:21:15.808 [ALFpaka] [WARNING] Log_spec ignored when pcen is set (extractSTFT:84)
2024-05-29 20:21:15.808 [ALFpaka] [WARNING] Log_spec ignored when pcen is set (extractSTFT:84)
2024-05-29 20:21:15.810 [ALFpaka] [WARNING] Log_spec ignored when pcen is set (extractSTFT:84)
2024-05-29 20:21:15.809 [ALFpaka] [WARNING] Log_spec ignored when pcen is set (extractSTFT:84)
2024-05-29 20:21:16.043 [ALFpaka] [WARNING] Log_spec ignored when pcen is set (extractSTFT:84)
2024-05-29 20:21:16.123 [ALFpaka] [WARNING] Log_spec ignored when pcen is set (extractSTFT:84)
2024-05-29 20:21:16.176 [ALFpaka] [WARNING] Log_spec ignored when pcen is set (extractSTFT:84)
2024-05-29 20:21:16.189 [ALFpaka] [WARNING] Log_spec ignored when pcen is set (extractSTFT:84)
2024-05-29 20:21:16.249 [ALFpaka] [WARNING] Log_spec ignored when pcen is set (extractSTFT:84)
2024-05-29 20:21:16.249 [ALFpaka] [WARNING] Log_spec ignored when pcen is set (extractSTFT:84)
2024-05-29 20:21:16.439 [ALFpaka] [WARNING] Log_spec ignored when pcen is set (extractSTFT:84)
2024-05-29 20:21:16.440 [ALFpaka] [WARNING] Log_spec ignored when pcen is set (extractSTFT:84)
2024-05-29 20:21:16.438 [ALFpaka] [WARNING] Log_spec ignored when pcen is set (extractSTFT:84)
2024-05-29 20:21:16.509 [ALFpaka] [WARNING] Log_spec ignored when pcen is set (extractSTFT:84)
2024-05-29 20:21:16.651 [ALFpaka] [WARNING] Log_spec ignored when pcen is set (extractSTFT:84)
2024-05-29 20:21:16.650 [ALFpaka] [WARNING] Log_spec ignored when pcen is set (extractSTFT:84)
2024-05-29 20:21:16.652 [ALFpaka] [WARNING] Log_spec ignored when pcen is set (extractSTFT:84)
2024-05-29 20:21:16.685 [ALFpaka] [WARNING] Log_spec ignored when pcen is set (extractSTFT:84)
2024-05-29 20:21:17.061 [ALFpaka] [WARNING] Log_spec ignored when pcen is set (extractSTFT:84)
2024-05-29 20:21:17.067 [ALFpaka] [WARNING] Log_spec ignored when pcen is set (extractSTFT:84)
2024-05-29 20:21:17.081 [ALFpaka] [WARNING] Log_spec ignored when pcen is set (extractSTFT:84)
2024-05-29 20:21:17.081 [ALFpaka] [WARNING] Log_spec ignored when pcen is set (extractSTFT:84)
2024-05-29 20:21:18.061 [ALFpaka] [WARNING] Log_spec ignored when pcen is set (extractSTFT:84)
2024-05-29 20:21:18.062 [ALFpaka] [WARNING] Log_spec ignored when pcen is set (extractSTFT:84)
2024-05-29 20:21:18.063 [ALFpaka] [WARNING] Log_spec ignored when pcen is set (extractSTFT:84)
2024-05-29 20:21:18.071 [ALFpaka] [WARNING] Log_spec ignored when pcen is set (extractSTFT:84)
2024-05-29 20:21:18.075 [ALFpaka] [WARNING] Log_spec ignored when pcen is set (extractSTFT:84)
2024-05-29 20:21:18.065 [ALFpaka] [WARNING] Log_spec ignored when pcen is set (extractSTFT:84)
2024-05-29 20:21:18.064 [ALFpaka] [WARNING] Log_spec ignored when pcen is set (extractSTFT:84)
2024-05-29 20:21:18.066 [ALFpaka] [WARNING] Log_spec ignored when pcen is set (extractSTFT:84)
2024-05-29 20:21:18.061 [ALFpaka] [WARNING] Log_spec ignored when pcen is set (extractSTFT:84)
2024-05-29 20:21:18.121 [ALFpaka] [WARNING] Log_spec ignored when pcen is set (extractSTFT:84)
2024-05-29 20:21:18.123 [ALFpaka] [WARNING] Log_spec ignored when pcen is set (extractSTFT:84)
2024-05-29 20:21:18.123 [ALFpaka] [WARNING] Log_spec ignored when pcen is set (extractSTFT:84)
2024-05-29 20:21:18.122 [ALFpaka] [WARNING] Log_spec ignored when pcen is set (extractSTFT:84)
2024-05-29 20:21:18.126 [ALFpaka] [WARNING] Log_spec ignored when pcen is set (extractSTFT:84)
2024-05-29 20:21:18.157 [ALFpaka] [WARNING] Log_spec ignored when pcen is set (extractSTFT:84)
2024-05-29 20:21:18.165 [ALFpaka] [WARNING] Log_spec ignored when pcen is set (extractSTFT:84)
2024-05-29 20:21:18.177 [ALFpaka] [WARNING] Log_spec ignored when pcen is set (extractSTFT:84)
2024-05-29 20:21:18.197 [ALFpaka] [WARNING] Log_spec ignored when pcen is set (extractSTFT:84)
2024-05-29 20:21:18.201 [ALFpaka] [WARNING] Log_spec ignored when pcen is set (extractSTFT:84)
2024-05-29 20:21:18.209 [ALFpaka] [WARNING] Log_spec ignored when pcen is set (extractSTFT:84)
2024-05-29 20:21:18.210 [ALFpaka] [WARNING] Log_spec ignored when pcen is set (extractSTFT:84)
2024-05-29 20:21:18.637 [ALFpaka] [WARNING] Log_spec ignored when pcen is set (extractSTFT:84)
2024-05-29 20:21:18.639 [ALFpaka] [WARNING] Log_spec ignored when pcen is set (extractSTFT:84)
2024-05-29 20:21:18.637 [ALFpaka] [WARNING] Log_spec ignored when pcen is set (extractSTFT:84)
2024-05-29 20:21:18.640 [ALFpaka] [WARNING] Log_spec ignored when pcen is set (extractSTFT:84)
2024-05-29 20:21:18.638 [ALFpaka] [WARNING] Log_spec ignored when pcen is set (extractSTFT:84)
2024-05-29 20:21:18.844 [ALFpaka] [WARNING] Log_spec ignored when pcen is set (extractSTFT:84)
2024-05-29 20:21:18.870 [ALFpaka] [WARNING] Log_spec ignored when pcen is set (extractSTFT:84)
2024-05-29 20:21:18.869 [ALFpaka] [WARNING] Log_spec ignored when pcen is set (extractSTFT:84)
2024-05-29 20:21:18.897 [ALFpaka] [WARNING] Log_spec ignored when pcen is set (extractSTFT:84)
2024-05-29 20:21:18.897 [ALFpaka] [WARNING] Log_spec ignored when pcen is set (extractSTFT:84)
2024-05-29 20:21:18.903 [ALFpaka] [WARNING] Log_spec ignored when pcen is set (extractSTFT:84)
2024-05-29 20:21:19.185 [ALFpaka] [WARNING] Log_spec ignored when pcen is set (extractSTFT:84)
2024-05-29 20:21:19.185 [ALFpaka] [WARNING] Log_spec ignored when pcen is set (extractSTFT:84)
2024-05-29 20:21:19.183 [ALFpaka] [WARNING] Log_spec ignored when pcen is set (extractSTFT:84)
2024-05-29 20:21:19.186 [ALFpaka] [WARNING] Log_spec ignored when pcen is set (extractSTFT:84)
2024-05-29 20:21:19.186 [ALFpaka] [WARNING] Log_spec ignored when pcen is set (extractSTFT:84)
2024-05-29 20:21:19.189 [ALFpaka] [WARNING] Log_spec ignored when pcen is set (extractSTFT:84)
2024-05-29 20:21:19.312 [ALFpaka] [WARNING] Log_spec ignored when pcen is set (extractSTFT:84)
2024-05-29 20:21:19.460 [ALFpaka] [WARNING] Log_spec ignored when pcen is set (extractSTFT:84)
2024-05-29 20:21:19.535 [ALFpaka] [WARNING] Log_spec ignored when pcen is set (extractSTFT:84)
2024-05-29 20:21:19.663 [ALFpaka] [WARNING] Log_spec ignored when pcen is set (extractSTFT:84)
2024-05-29 20:21:19.663 [ALFpaka] [WARNING] Log_spec ignored when pcen is set (extractSTFT:84)
2024-05-29 20:21:19.826 [ALFpaka] [WARNING] Log_spec ignored when pcen is set (extractSTFT:84)
2024-05-29 20:21:19.957 [ALFpaka] [WARNING] Log_spec ignored when pcen is set (extractSTFT:84)
2024-05-29 20:21:20.018 [ALFpaka] [WARNING] Log_spec ignored when pcen is set (extractSTFT:84)
2024-05-29 20:21:20.029 [ALFpaka] [WARNING] Log_spec ignored when pcen is set (extractSTFT:84)
2024-05-29 20:21:20.040 [ALFpaka] [WARNING] Log_spec ignored when pcen is set (extractSTFT:84)
2024-05-29 20:21:20.096 [ALFpaka] [WARNING] Log_spec ignored when pcen is set (extractSTFT:84)
2024-05-29 20:21:20.119 [ALFpaka] [WARNING] Log_spec ignored when pcen is set (extractSTFT:84)
2024-05-29 20:21:20.241 [ALFpaka] [WARNING] Log_spec ignored when pcen is set (extractSTFT:84)
2024-05-29 20:21:20.370 [ALFpaka] [WARNING] Log_spec ignored when pcen is set (extractSTFT:84)
2024-05-29 20:21:20.393 [ALFpaka] [WARNING] Log_spec ignored when pcen is set (extractSTFT:84)
2024-05-29 20:21:20.392 [ALFpaka] [WARNING] Log_spec ignored when pcen is set (extractSTFT:84)
2024-05-29 20:21:20.680 [ALFpaka] [WARNING] Log_spec ignored when pcen is set (extractSTFT:84)
2024-05-29 20:21:20.680 [ALFpaka] [WARNING] Log_spec ignored when pcen is set (extractSTFT:84)
2024-05-29 20:21:20.727 [ALFpaka] [WARNING] Log_spec ignored when pcen is set (extractSTFT:84)
2024-05-29 20:21:20.740 [ALFpaka] [WARNING] Log_spec ignored when pcen is set (extractSTFT:84)
2024-05-29 20:21:20.807 [ALFpaka] [WARNING] Log_spec ignored when pcen is set (extractSTFT:84)
2024-05-29 20:21:21.165 [ALFpaka] [WARNING] Log_spec ignored when pcen is set (extractSTFT:84)
2024-05-29 20:21:21.164 [ALFpaka] [WARNING] Log_spec ignored when pcen is set (extractSTFT:84)
2024-05-29 20:21:21.165 [ALFpaka] [WARNING] Log_spec ignored when pcen is set (extractSTFT:84)
2024-05-29 20:21:21.167 [ALFpaka] [WARNING] Log_spec ignored when pcen is set (extractSTFT:84)
2024-05-29 20:21:21.168 [ALFpaka] [WARNING] Log_spec ignored when pcen is set (extractSTFT:84)
2024-05-29 20:21:21.169 [ALFpaka] [WARNING] Log_spec ignored when pcen is set (extractSTFT:84)
2024-05-29 20:21:21.170 [ALFpaka] [WARNING] Log_spec ignored when pcen is set (extractSTFT:84)
2024-05-29 20:21:21.255 [ALFpaka] [WARNING] Log_spec ignored when pcen is set (extractSTFT:84)
2024-05-29 20:21:21.313 [ALFpaka] [WARNING] Log_spec ignored when pcen is set (extractSTFT:84)
2024-05-29 20:21:21.312 [ALFpaka] [WARNING] Log_spec ignored when pcen is set (extractSTFT:84)
2024-05-29 20:21:21.314 [ALFpaka] [WARNING] Log_spec ignored when pcen is set (extractSTFT:84)
2024-05-29 20:21:21.320 [ALFpaka] [WARNING] Log_spec ignored when pcen is set (extractSTFT:84)
2024-05-29 20:21:21.323 [ALFpaka] [WARNING] Log_spec ignored when pcen is set (extractSTFT:84)
2024-05-29 20:21:21.470 [ALFpaka] [WARNING] Log_spec ignored when pcen is set (extractSTFT:84)
2024-05-29 20:21:21.606 [ALFpaka] [WARNING] Log_spec ignored when pcen is set (extractSTFT:84)
2024-05-29 20:21:21.619 [ALFpaka] [WARNING] Log_spec ignored when pcen is set (extractSTFT:84)
2024-05-29 20:21:21.798 [ALFpaka] [WARNING] Log_spec ignored when pcen is set (extractSTFT:84)
2024-05-29 20:21:21.795 [ALFpaka] [WARNING] Log_spec ignored when pcen is set (extractSTFT:84)
2024-05-29 20:21:21.817 [ALFpaka] [WARNING] Log_spec ignored when pcen is set (extractSTFT:84)
2024-05-29 20:21:21.844 [ALFpaka] [WARNING] Log_spec ignored when pcen is set (extractSTFT:84)
2024-05-29 20:21:21.874 [ALFpaka] [WARNING] Log_spec ignored when pcen is set (extractSTFT:84)
2024-05-29 20:21:22.075 [ALFpaka] [WARNING] Log_spec ignored when pcen is set (extractSTFT:84)
2024-05-29 20:21:21.982 [ALFpaka] [WARNING] Log_spec ignored when pcen is set (extractSTFT:84)
2024-05-29 20:21:22.074 [ALFpaka] [WARNING] Log_spec ignored when pcen is set (extractSTFT:84)
2024-05-29 20:21:22.203 [ALFpaka] [WARNING] Log_spec ignored when pcen is set (extractSTFT:84)
2024-05-29 20:21:22.076 [ALFpaka] [WARNING] Log_spec ignored when pcen is set (extractSTFT:84)
2024-05-29 20:21:22.288 [ALFpaka] [WARNING] Log_spec ignored when pcen is set (extractSTFT:84)
2024-05-29 20:21:22.370 [ALFpaka] [WARNING] Log_spec ignored when pcen is set (extractSTFT:84)
2024-05-29 20:21:22.424 [ALFpaka] [WARNING] Log_spec ignored when pcen is set (extractSTFT:84)
2024-05-29 20:21:22.424 [ALFpaka] [WARNING] Log_spec ignored when pcen is set (extractSTFT:84)
2024-05-29 20:21:22.769 [ALFpaka] [WARNING] Log_spec ignored when pcen is set (extractSTFT:84)
2024-05-29 20:21:22.791 [ALFpaka] [WARNING] Log_spec ignored when pcen is set (extractSTFT:84)
2024-05-29 20:21:22.828 [ALFpaka] [WARNING] Log_spec ignored when pcen is set (extractSTFT:84)
2024-05-29 20:21:22.882 [ALFpaka] [WARNING] Log_spec ignored when pcen is set (extractSTFT:84)
2024-05-29 20:21:22.884 [ALFpaka] [WARNING] Log_spec ignored when pcen is set (extractSTFT:84)
2024-05-29 20:21:22.883 [ALFpaka] [WARNING] Log_spec ignored when pcen is set (extractSTFT:84)
2024-05-29 20:21:22.920 [ALFpaka] [WARNING] Log_spec ignored when pcen is set (extractSTFT:84)
2024-05-29 20:21:22.926 [ALFpaka] [WARNING] Log_spec ignored when pcen is set (extractSTFT:84)
2024-05-29 20:21:23.025 [ALFpaka] [WARNING] Log_spec ignored when pcen is set (extractSTFT:84)
2024-05-29 20:21:23.025 [ALFpaka] [WARNING] Log_spec ignored when pcen is set (extractSTFT:84)
2024-05-29 20:21:23.024 [ALFpaka] [WARNING] Log_spec ignored when pcen is set (extractSTFT:84)
2024-05-29 20:21:23.062 [ALFpaka] [WARNING] Log_spec ignored when pcen is set (extractSTFT:84)
2024-05-29 20:21:23.157 [ALFpaka] [WARNING] Log_spec ignored when pcen is set (extractSTFT:84)
2024-05-29 20:21:23.174 [ALFpaka] [WARNING] Log_spec ignored when pcen is set (extractSTFT:84)
2024-05-29 20:21:23.223 [ALFpaka] [WARNING] Log_spec ignored when pcen is set (extractSTFT:84)
2024-05-29 20:21:23.242 [ALFpaka] [WARNING] Log_spec ignored when pcen is set (extractSTFT:84)
2024-05-29 20:21:23.327 [ALFpaka] [WARNING] Log_spec ignored when pcen is set (extractSTFT:84)
2024-05-29 20:21:23.326 [ALFpaka] [WARNING] Log_spec ignored when pcen is set (extractSTFT:84)
2024-05-29 20:21:23.434 [ALFpaka] [WARNING] Log_spec ignored when pcen is set (extractSTFT:84)
2024-05-29 20:21:23.498 [ALFpaka] [WARNING] Log_spec ignored when pcen is set (extractSTFT:84)
2024-05-29 20:21:23.498 [ALFpaka] [WARNING] Log_spec ignored when pcen is set (extractSTFT:84)
2024-05-29 20:21:23.499 [ALFpaka] [WARNING] Log_spec ignored when pcen is set (extractSTFT:84)
2024-05-29 20:21:23.569 [ALFpaka] [WARNING] Log_spec ignored when pcen is set (extractSTFT:84)
2024-05-29 20:21:23.583 [ALFpaka] [WARNING] Log_spec ignored when pcen is set (extractSTFT:84)
2024-05-29 20:21:23.649 [ALFpaka] [WARNING] Log_spec ignored when pcen is set (extractSTFT:84)
2024-05-29 20:21:23.653 [ALFpaka] [WARNING] Log_spec ignored when pcen is set (extractSTFT:84)
2024-05-29 20:21:23.986 [ALFpaka] [WARNING] Log_spec ignored when pcen is set (extractSTFT:84)
2024-05-29 20:21:24.032 [ALFpaka] [WARNING] Log_spec ignored when pcen is set (extractSTFT:84)
2024-05-29 20:21:24.128 [ALFpaka] [WARNING] Log_spec ignored when pcen is set (extractSTFT:84)
2024-05-29 20:21:24.344 [ALFpaka] [WARNING] Log_spec ignored when pcen is set (extractSTFT:84)
2024-05-29 20:21:24.343 [ALFpaka] [WARNING] Log_spec ignored when pcen is set (extractSTFT:84)
2024-05-29 20:21:24.497 [ALFpaka] [WARNING] Log_spec ignored when pcen is set (extractSTFT:84)
2024-05-29 20:21:24.525 [ALFpaka] [WARNING] Log_spec ignored when pcen is set (extractSTFT:84)
2024-05-29 20:21:24.526 [ALFpaka] [WARNING] Log_spec ignored when pcen is set (extractSTFT:84)
2024-05-29 20:21:24.602 [ALFpaka] [WARNING] Log_spec ignored when pcen is set (extractSTFT:84)
2024-05-29 20:21:24.674 [ALFpaka] [WARNING] Log_spec ignored when pcen is set (extractSTFT:84)
2024-05-29 20:21:24.731 [ALFpaka] [WARNING] Log_spec ignored when pcen is set (extractSTFT:84)
2024-05-29 20:21:24.785 [ALFpaka] [WARNING] Log_spec ignored when pcen is set (extractSTFT:84)
2024-05-29 20:21:24.886 [ALFpaka] [WARNING] Log_spec ignored when pcen is set (extractSTFT:84)
2024-05-29 20:21:24.893 [ALFpaka] [WARNING] Log_spec ignored when pcen is set (extractSTFT:84)
2024-05-29 20:21:24.899 [ALFpaka] [WARNING] Log_spec ignored when pcen is set (extractSTFT:84)
2024-05-29 20:21:24.893 [ALFpaka] [WARNING] Log_spec ignored when pcen is set (extractSTFT:84)
2024-05-29 20:21:24.894 [ALFpaka] [WARNING] Log_spec ignored when pcen is set (extractSTFT:84)
2024-05-29 20:21:24.910 [ALFpaka] [WARNING] Log_spec ignored when pcen is set (extractSTFT:84)
2024-05-29 20:21:24.928 [ALFpaka] [WARNING] Log_spec ignored when pcen is set (extractSTFT:84)
2024-05-29 20:21:24.976 [ALFpaka] [WARNING] Log_spec ignored when pcen is set (extractSTFT:84)
2024-05-29 20:21:24.999 [ALFpaka] [WARNING] Log_spec ignored when pcen is set (extractSTFT:84)
2024-05-29 20:21:25.073 [ALFpaka] [WARNING] Log_spec ignored when pcen is set (extractSTFT:84)
2024-05-29 20:21:25.424 [ALFpaka] [WARNING] Log_spec ignored when pcen is set (extractSTFT:84)
2024-05-29 20:21:25.441 [ALFpaka] [WARNING] Log_spec ignored when pcen is set (extractSTFT:84)
2024-05-29 20:21:25.500 [ALFpaka] [WARNING] Log_spec ignored when pcen is set (extractSTFT:84)
2024-05-29 20:21:25.682 [ALFpaka] [WARNING] Log_spec ignored when pcen is set (extractSTFT:84)
2024-05-29 20:21:25.700 [ALFpaka] [WARNING] Log_spec ignored when pcen is set (extractSTFT:84)
2024-05-29 20:21:26.048 [ALFpaka] [WARNING] Log_spec ignored when pcen is set (extractSTFT:84)
2024-05-29 20:21:26.047 [ALFpaka] [WARNING] Log_spec ignored when pcen is set (extractSTFT:84)
2024-05-29 20:21:26.047 [ALFpaka] [WARNING] Log_spec ignored when pcen is set (extractSTFT:84)
2024-05-29 20:21:26.049 [ALFpaka] [WARNING] Log_spec ignored when pcen is set (extractSTFT:84)
2024-05-29 20:21:26.053 [ALFpaka] [WARNING] Log_spec ignored when pcen is set (extractSTFT:84)
2024-05-29 20:21:26.054 [ALFpaka] [WARNING] Log_spec ignored when pcen is set (extractSTFT:84)
2024-05-29 20:21:26.050 [ALFpaka] [WARNING] Log_spec ignored when pcen is set (extractSTFT:84)
2024-05-29 20:21:26.055 [ALFpaka] [WARNING] Log_spec ignored when pcen is set (extractSTFT:84)
2024-05-29 20:21:26.195 [ALFpaka] [WARNING] Log_spec ignored when pcen is set (extractSTFT:84)
2024-05-29 20:21:26.195 [ALFpaka] [WARNING] Log_spec ignored when pcen is set (extractSTFT:84)
2024-05-29 20:21:26.196 [ALFpaka] [WARNING] Log_spec ignored when pcen is set (extractSTFT:84)
2024-05-29 20:21:26.199 [ALFpaka] [WARNING] Log_spec ignored when pcen is set (extractSTFT:84)
2024-05-29 20:21:26.198 [ALFpaka] [WARNING] Log_spec ignored when pcen is set (extractSTFT:84)
2024-05-29 20:21:26.197 [ALFpaka] [WARNING] Log_spec ignored when pcen is set (extractSTFT:84)
2024-05-29 20:21:26.220 [ALFpaka] [WARNING] Log_spec ignored when pcen is set (extractSTFT:84)
2024-05-29 20:21:26.267 [ALFpaka] [WARNING] Log_spec ignored when pcen is set (extractSTFT:84)
2024-05-29 20:21:26.266 [ALFpaka] [WARNING] Log_spec ignored when pcen is set (extractSTFT:84)
2024-05-29 20:21:26.294 [ALFpaka] [WARNING] Log_spec ignored when pcen is set (extractSTFT:84)
2024-05-29 20:21:26.407 [ALFpaka] [WARNING] Log_spec ignored when pcen is set (extractSTFT:84)
2024-05-29 20:21:26.626 [ALFpaka] [WARNING] Log_spec ignored when pcen is set (extractSTFT:84)
2024-05-29 20:21:26.693 [ALFpaka] [WARNING] Log_spec ignored when pcen is set (extractSTFT:84)
2024-05-29 20:21:26.692 [ALFpaka] [WARNING] Log_spec ignored when pcen is set (extractSTFT:84)
2024-05-29 20:21:26.698 [ALFpaka] [WARNING] Log_spec ignored when pcen is set (extractSTFT:84)
2024-05-29 20:21:26.862 [ALFpaka] [WARNING] Log_spec ignored when pcen is set (extractSTFT:84)
2024-05-29 20:21:26.872 [ALFpaka] [WARNING] Log_spec ignored when pcen is set (extractSTFT:84)
2024-05-29 20:21:26.897 [ALFpaka] [WARNING] Log_spec ignored when pcen is set (extractSTFT:84)
2024-05-29 20:21:26.911 [ALFpaka] [WARNING] Log_spec ignored when pcen is set (extractSTFT:84)
2024-05-29 20:21:26.996 [ALFpaka] [WARNING] Log_spec ignored when pcen is set (extractSTFT:84)
2024-05-29 20:21:27.012 [ALFpaka] [WARNING] Log_spec ignored when pcen is set (extractSTFT:84)
2024-05-29 20:21:27.041 [ALFpaka] [WARNING] Log_spec ignored when pcen is set (extractSTFT:84)
2024-05-29 20:21:27.075 [ALFpaka] [WARNING] Log_spec ignored when pcen is set (extractSTFT:84)
2024-05-29 20:21:27.194 [ALFpaka] [WARNING] Log_spec ignored when pcen is set (extractSTFT:84)
2024-05-29 20:21:27.195 [ALFpaka] [WARNING] Log_spec ignored when pcen is set (extractSTFT:84)
2024-05-29 20:21:27.196 [ALFpaka] [WARNING] Log_spec ignored when pcen is set (extractSTFT:84)
2024-05-29 20:21:27.261 [ALFpaka] [WARNING] Log_spec ignored when pcen is set (extractSTFT:84)
2024-05-29 20:21:27.261 [ALFpaka] [WARNING] Log_spec ignored when pcen is set (extractSTFT:84)
2024-05-29 20:21:27.489 [ALFpaka] [WARNING] Log_spec ignored when pcen is set (extractSTFT:84)
2024-05-29 20:21:27.516 [ALFpaka] [WARNING] Log_spec ignored when pcen is set (extractSTFT:84)
2024-05-29 20:21:27.539 [ALFpaka] [WARNING] Log_spec ignored when pcen is set (extractSTFT:84)
2024-05-29 20:21:27.846 [ALFpaka] [WARNING] Log_spec ignored when pcen is set (extractSTFT:84)
2024-05-29 20:21:27.895 [ALFpaka] [WARNING] Log_spec ignored when pcen is set (extractSTFT:84)
2024-05-29 20:21:27.926 [ALFpaka] [WARNING] Log_spec ignored when pcen is set (extractSTFT:84)
2024-05-29 20:21:28.192 [ALFpaka] [WARNING] Log_spec ignored when pcen is set (extractSTFT:84)
2024-05-29 20:21:28.399 [ALFpaka] [WARNING] Log_spec ignored when pcen is set (extractSTFT:84)
2024-05-29 20:21:28.398 [ALFpaka] [WARNING] Log_spec ignored when pcen is set (extractSTFT:84)
2024-05-29 20:21:28.401 [ALFpaka] [WARNING] Log_spec ignored when pcen is set (extractSTFT:84)
2024-05-29 20:21:28.406 [ALFpaka] [WARNING] Log_spec ignored when pcen is set (extractSTFT:84)
2024-05-29 20:21:28.403 [ALFpaka] [WARNING] Log_spec ignored when pcen is set (extractSTFT:84)
2024-05-29 20:21:28.420 [ALFpaka] [WARNING] Log_spec ignored when pcen is set (extractSTFT:84)
2024-05-29 20:21:28.704 [ALFpaka] [WARNING] Log_spec ignored when pcen is set (extractSTFT:84)
2024-05-29 20:21:28.704 [ALFpaka] [WARNING] Log_spec ignored when pcen is set (extractSTFT:84)
2024-05-29 20:21:28.720 [ALFpaka] [WARNING] Log_spec ignored when pcen is set (extractSTFT:84)
2024-05-29 20:21:28.706 [ALFpaka] [WARNING] Log_spec ignored when pcen is set (extractSTFT:84)
2024-05-29 20:21:28.769 [ALFpaka] [WARNING] Log_spec ignored when pcen is set (extractSTFT:84)
2024-05-29 20:21:28.775 [ALFpaka] [WARNING] Log_spec ignored when pcen is set (extractSTFT:84)
2024-05-29 20:21:28.778 [ALFpaka] [WARNING] Log_spec ignored when pcen is set (extractSTFT:84)
2024-05-29 20:21:29.175 [ALFpaka] [WARNING] Log_spec ignored when pcen is set (extractSTFT:84)
2024-05-29 20:21:29.175 [ALFpaka] [WARNING] Log_spec ignored when pcen is set (extractSTFT:84)
2024-05-29 20:21:29.174 [ALFpaka] [WARNING] Log_spec ignored when pcen is set (extractSTFT:84)
2024-05-29 20:21:29.183 [ALFpaka] [WARNING] Log_spec ignored when pcen is set (extractSTFT:84)
2024-05-29 20:21:29.185 [ALFpaka] [WARNING] Log_spec ignored when pcen is set (extractSTFT:84)
2024-05-29 20:21:29.186 [ALFpaka] [WARNING] Log_spec ignored when pcen is set (extractSTFT:84)
2024-05-29 20:21:29.202 [ALFpaka] [WARNING] Log_spec ignored when pcen is set (extractSTFT:84)
2024-05-29 20:21:29.203 [ALFpaka] [WARNING] Log_spec ignored when pcen is set (extractSTFT:84)
2024-05-29 20:21:29.203 [ALFpaka] [WARNING] Log_spec ignored when pcen is set (extractSTFT:84)
2024-05-29 20:21:29.201 [ALFpaka] [WARNING] Log_spec ignored when pcen is set (extractSTFT:84)
2024-05-29 20:21:29.206 [ALFpaka] [WARNING] Log_spec ignored when pcen is set (extractSTFT:84)
2024-05-29 20:21:29.234 [ALFpaka] [WARNING] Log_spec ignored when pcen is set (extractSTFT:84)
2024-05-29 20:21:29.256 [ALFpaka] [WARNING] Log_spec ignored when pcen is set (extractSTFT:84)
2024-05-29 20:21:29.270 [ALFpaka] [WARNING] Log_spec ignored when pcen is set (extractSTFT:84)
2024-05-29 20:21:29.352 [ALFpaka] [WARNING] Log_spec ignored when pcen is set (extractSTFT:84)
2024-05-29 20:21:29.445 [ALFpaka] [WARNING] Log_spec ignored when pcen is set (extractSTFT:84)
2024-05-29 20:21:29.647 [ALFpaka] [WARNING] Log_spec ignored when pcen is set (extractSTFT:84)
2024-05-29 20:21:29.783 [ALFpaka] [WARNING] Log_spec ignored when pcen is set (extractSTFT:84)
2024-05-29 20:21:29.811 [ALFpaka] [WARNING] Log_spec ignored when pcen is set (extractSTFT:84)
2024-05-29 20:21:29.819 [ALFpaka] [WARNING] Log_spec ignored when pcen is set (extractSTFT:84)
2024-05-29 20:21:29.932 [ALFpaka] [WARNING] Log_spec ignored when pcen is set (extractSTFT:84)
2024-05-29 20:21:29.954 [ALFpaka] [WARNING] Log_spec ignored when pcen is set (extractSTFT:84)
2024-05-29 20:21:29.972 [ALFpaka] [WARNING] Log_spec ignored when pcen is set (extractSTFT:84)
2024-05-29 20:21:30.021 [ALFpaka] [WARNING] Log_spec ignored when pcen is set (extractSTFT:84)
2024-05-29 20:21:30.198 [ALFpaka] [WARNING] Log_spec ignored when pcen is set (extractSTFT:84)
2024-05-29 20:21:30.217 [ALFpaka] [WARNING] Log_spec ignored when pcen is set (extractSTFT:84)
2024-05-29 20:21:30.216 [ALFpaka] [WARNING] Log_spec ignored when pcen is set (extractSTFT:84)
2024-05-29 20:21:30.217 [ALFpaka] [WARNING] Log_spec ignored when pcen is set (extractSTFT:84)
2024-05-29 20:21:30.218 [ALFpaka] [WARNING] Log_spec ignored when pcen is set (extractSTFT:84)
2024-05-29 20:21:30.275 [ALFpaka] [WARNING] Log_spec ignored when pcen is set (extractSTFT:84)
2024-05-29 20:21:30.274 [ALFpaka] [WARNING] Log_spec ignored when pcen is set (extractSTFT:84)
2024-05-29 20:21:30.434 [ALFpaka] [WARNING] Log_spec ignored when pcen is set (extractSTFT:84)
2024-05-29 20:21:30.436 [ALFpaka] [WARNING] Log_spec ignored when pcen is set (extractSTFT:84)
2024-05-29 20:21:30.437 [ALFpaka] [WARNING] Log_spec ignored when pcen is set (extractSTFT:84)
2024-05-29 20:21:30.435 [ALFpaka] [WARNING] Log_spec ignored when pcen is set (extractSTFT:84)
2024-05-29 20:21:30.473 [ALFpaka] [WARNING] Log_spec ignored when pcen is set (extractSTFT:84)
2024-05-29 20:21:30.496 [ALFpaka] [WARNING] Log_spec ignored when pcen is set (extractSTFT:84)
2024-05-29 20:21:30.646 [ALFpaka] [WARNING] Log_spec ignored when pcen is set (extractSTFT:84)
2024-05-29 20:21:30.934 [ALFpaka] [WARNING] Log_spec ignored when pcen is set (extractSTFT:84)
2024-05-29 20:21:31.112 [ALFpaka] [WARNING] Log_spec ignored when pcen is set (extractSTFT:84)
2024-05-29 20:21:31.249 [ALFpaka] [WARNING] Log_spec ignored when pcen is set (extractSTFT:84)
2024-05-29 20:21:31.455 [ALFpaka] [WARNING] Log_spec ignored when pcen is set (extractSTFT:84)
2024-05-29 20:21:31.708 [ALFpaka] [WARNING] Log_spec ignored when pcen is set (extractSTFT:84)
2024-05-29 20:21:31.712 [ALFpaka] [WARNING] Log_spec ignored when pcen is set (extractSTFT:84)
2024-05-29 20:21:31.713 [ALFpaka] [WARNING] Log_spec ignored when pcen is set (extractSTFT:84)
2024-05-29 20:21:31.714 [ALFpaka] [WARNING] Log_spec ignored when pcen is set (extractSTFT:84)
2024-05-29 20:21:31.722 [ALFpaka] [WARNING] Log_spec ignored when pcen is set (extractSTFT:84)
2024-05-29 20:21:31.728 [ALFpaka] [WARNING] Log_spec ignored when pcen is set (extractSTFT:84)
2024-05-29 20:21:31.726 [ALFpaka] [WARNING] Log_spec ignored when pcen is set (extractSTFT:84)
2024-05-29 20:21:31.728 [ALFpaka] [WARNING] Log_spec ignored when pcen is set (extractSTFT:84)
2024-05-29 20:21:31.811 [ALFpaka] [WARNING] Log_spec ignored when pcen is set (extractSTFT:84)
2024-05-29 20:21:31.812 [ALFpaka] [WARNING] Log_spec ignored when pcen is set (extractSTFT:84)
2024-05-29 20:21:31.817 [ALFpaka] [WARNING] Log_spec ignored when pcen is set (extractSTFT:84)
2024-05-29 20:21:31.816 [ALFpaka] [WARNING] Log_spec ignored when pcen is set (extractSTFT:84)
2024-05-29 20:21:31.833 [ALFpaka] [WARNING] Log_spec ignored when pcen is set (extractSTFT:84)
2024-05-29 20:21:31.833 [ALFpaka] [WARNING] Log_spec ignored when pcen is set (extractSTFT:84)
2024-05-29 20:21:31.818 [ALFpaka] [WARNING] Log_spec ignored when pcen is set (extractSTFT:84)
2024-05-29 20:21:31.825 [ALFpaka] [WARNING] Log_spec ignored when pcen is set (extractSTFT:84)
2024-05-29 20:21:32.084 [ALFpaka] [WARNING] Log_spec ignored when pcen is set (extractSTFT:84)
2024-05-29 20:21:32.084 [ALFpaka] [WARNING] Log_spec ignored when pcen is set (extractSTFT:84)
2024-05-29 20:21:32.085 [ALFpaka] [WARNING] Log_spec ignored when pcen is set (extractSTFT:84)
2024-05-29 20:21:32.087 [ALFpaka] [WARNING] Log_spec ignored when pcen is set (extractSTFT:84)
2024-05-29 20:21:32.086 [ALFpaka] [WARNING] Log_spec ignored when pcen is set (extractSTFT:84)
2024-05-29 20:21:32.133 [ALFpaka] [WARNING] Log_spec ignored when pcen is set (extractSTFT:84)
2024-05-29 20:21:32.135 [ALFpaka] [WARNING] Log_spec ignored when pcen is set (extractSTFT:84)
2024-05-29 20:21:32.132 [ALFpaka] [WARNING] Log_spec ignored when pcen is set (extractSTFT:84)
2024-05-29 20:21:32.163 [ALFpaka] [WARNING] Log_spec ignored when pcen is set (extractSTFT:84)
2024-05-29 20:21:32.207 [ALFpaka] [WARNING] Log_spec ignored when pcen is set (extractSTFT:84)
2024-05-29 20:21:32.411 [ALFpaka] [WARNING] Log_spec ignored when pcen is set (extractSTFT:84)
2024-05-29 20:21:32.317 [ALFpaka] [WARNING] Log_spec ignored when pcen is set (extractSTFT:84)
2024-05-29 20:21:32.461 [ALFpaka] [WARNING] Log_spec ignored when pcen is set (extractSTFT:84)
2024-05-29 20:21:32.502 [ALFpaka] [WARNING] Log_spec ignored when pcen is set (extractSTFT:84)
2024-05-29 20:21:32.659 [ALFpaka] [WARNING] Log_spec ignored when pcen is set (extractSTFT:84)
2024-05-29 20:21:32.659 [ALFpaka] [WARNING] Log_spec ignored when pcen is set (extractSTFT:84)
2024-05-29 20:21:32.658 [ALFpaka] [WARNING] Log_spec ignored when pcen is set (extractSTFT:84)
2024-05-29 20:21:32.661 [ALFpaka] [WARNING] Log_spec ignored when pcen is set (extractSTFT:84)
2024-05-29 20:21:32.665 [ALFpaka] [WARNING] Log_spec ignored when pcen is set (extractSTFT:84)
2024-05-29 20:21:32.687 [ALFpaka] [WARNING] Audio normalization: Silent file with amplitude of 0. (normalize_audio:359)
2024-05-29 20:21:32.705 [ALFpaka] [WARNING] Log_spec ignored when pcen is set (extractSTFT:84)
2024-05-29 20:21:32.845 [ALFpaka] [WARNING] Log_spec ignored when pcen is set (extractSTFT:84)
2024-05-29 20:21:32.941 [ALFpaka] [WARNING] Log_spec ignored when pcen is set (extractSTFT:84)
2024-05-29 20:21:33.042 [ALFpaka] [WARNING] Log_spec ignored when pcen is set (extractSTFT:84)
2024-05-29 20:21:33.044 [ALFpaka] [WARNING] Log_spec ignored when pcen is set (extractSTFT:84)
2024-05-29 20:21:33.046 [ALFpaka] [WARNING] Log_spec ignored when pcen is set (extractSTFT:84)
2024-05-29 20:21:33.043 [ALFpaka] [WARNING] Log_spec ignored when pcen is set (extractSTFT:84)
2024-05-29 20:21:33.090 [ALFpaka] [WARNING] Log_spec ignored when pcen is set (extractSTFT:84)
2024-05-29 20:21:33.090 [ALFpaka] [WARNING] Log_spec ignored when pcen is set (extractSTFT:84)
2024-05-29 20:21:33.384 [ALFpaka] [WARNING] Log_spec ignored when pcen is set (extractSTFT:84)
2024-05-29 20:21:33.750 [ALFpaka] [WARNING] Log_spec ignored when pcen is set (extractSTFT:84)
2024-05-29 20:21:33.764 [ALFpaka] [WARNING] Audio normalization: Silent file with amplitude of 0. (normalize_audio:359)
2024-05-29 20:21:33.752 [ALFpaka] [WARNING] Log_spec ignored when pcen is set (extractSTFT:84)
2024-05-29 20:21:33.753 [ALFpaka] [WARNING] Log_spec ignored when pcen is set (extractSTFT:84)
2024-05-29 20:21:33.752 [ALFpaka] [WARNING] Log_spec ignored when pcen is set (extractSTFT:84)
2024-05-29 20:21:33.832 [ALFpaka] [WARNING] Log_spec ignored when pcen is set (extractSTFT:84)
2024-05-29 20:21:34.302 [ALFpaka] [WARNING] Log_spec ignored when pcen is set (extractSTFT:84)
2024-05-29 20:21:34.303 [ALFpaka] [WARNING] Log_spec ignored when pcen is set (extractSTFT:84)
2024-05-29 20:21:34.303 [ALFpaka] [WARNING] Log_spec ignored when pcen is set (extractSTFT:84)
2024-05-29 20:21:34.302 [ALFpaka] [WARNING] Log_spec ignored when pcen is set (extractSTFT:84)
2024-05-29 20:21:34.385 [ALFpaka] [WARNING] Log_spec ignored when pcen is set (extractSTFT:84)
2024-05-29 20:21:34.414 [ALFpaka] [WARNING] Log_spec ignored when pcen is set (extractSTFT:84)
2024-05-29 20:21:34.445 [ALFpaka] [WARNING] Log_spec ignored when pcen is set (extractSTFT:84)
2024-05-29 20:21:34.486 [ALFpaka] [WARNING] Log_spec ignored when pcen is set (extractSTFT:84)
2024-05-29 20:21:34.501 [ALFpaka] [WARNING] Log_spec ignored when pcen is set (extractSTFT:84)
2024-05-29 20:21:34.500 [ALFpaka] [WARNING] Log_spec ignored when pcen is set (extractSTFT:84)
2024-05-29 20:21:34.503 [ALFpaka] [WARNING] Log_spec ignored when pcen is set (extractSTFT:84)
2024-05-29 20:21:34.502 [ALFpaka] [WARNING] Log_spec ignored when pcen is set (extractSTFT:84)
2024-05-29 20:21:34.503 [ALFpaka] [WARNING] Log_spec ignored when pcen is set (extractSTFT:84)
2024-05-29 20:21:34.615 [ALFpaka] [WARNING] Log_spec ignored when pcen is set (extractSTFT:84)
2024-05-29 20:21:34.673 [ALFpaka] [WARNING] Log_spec ignored when pcen is set (extractSTFT:84)
2024-05-29 20:21:34.696 [ALFpaka] [WARNING] Log_spec ignored when pcen is set (extractSTFT:84)
2024-05-29 20:21:34.749 [ALFpaka] [WARNING] Log_spec ignored when pcen is set (extractSTFT:84)
2024-05-29 20:21:34.758 [ALFpaka] [WARNING] Log_spec ignored when pcen is set (extractSTFT:84)
2024-05-29 20:21:34.758 [ALFpaka] [WARNING] Log_spec ignored when pcen is set (extractSTFT:84)
2024-05-29 20:21:34.760 [ALFpaka] [WARNING] Log_spec ignored when pcen is set (extractSTFT:84)
2024-05-29 20:21:34.759 [ALFpaka] [WARNING] Log_spec ignored when pcen is set (extractSTFT:84)
2024-05-29 20:21:34.984 [ALFpaka] [WARNING] Log_spec ignored when pcen is set (extractSTFT:84)
2024-05-29 20:21:34.989 [ALFpaka] [WARNING] Log_spec ignored when pcen is set (extractSTFT:84)
2024-05-29 20:21:35.060 [ALFpaka] [WARNING] Log_spec ignored when pcen is set (extractSTFT:84)
2024-05-29 20:21:34.997 [ALFpaka] [WARNING] Log_spec ignored when pcen is set (extractSTFT:84)
2024-05-29 20:21:35.082 [ALFpaka] [WARNING] Log_spec ignored when pcen is set (extractSTFT:84)
2024-05-29 20:21:35.142 [ALFpaka] [WARNING] Log_spec ignored when pcen is set (extractSTFT:84)
2024-05-29 20:21:35.353 [ALFpaka] [WARNING] Log_spec ignored when pcen is set (extractSTFT:84)
2024-05-29 20:21:35.352 [ALFpaka] [WARNING] Log_spec ignored when pcen is set (extractSTFT:84)
2024-05-29 20:21:35.513 [ALFpaka] [WARNING] Log_spec ignored when pcen is set (extractSTFT:84)
2024-05-29 20:21:35.512 [ALFpaka] [WARNING] Log_spec ignored when pcen is set (extractSTFT:84)
2024-05-29 20:21:35.514 [ALFpaka] [WARNING] Log_spec ignored when pcen is set (extractSTFT:84)
2024-05-29 20:21:35.582 [ALFpaka] [WARNING] Log_spec ignored when pcen is set (extractSTFT:84)
2024-05-29 20:21:35.600 [ALFpaka] [WARNING] Log_spec ignored when pcen is set (extractSTFT:84)
2024-05-29 20:21:35.642 [ALFpaka] [WARNING] Log_spec ignored when pcen is set (extractSTFT:84)
2024-05-29 20:21:35.671 [ALFpaka] [WARNING] Log_spec ignored when pcen is set (extractSTFT:84)
2024-05-29 20:21:35.734 [ALFpaka] [WARNING] Log_spec ignored when pcen is set (extractSTFT:84)
2024-05-29 20:21:35.812 [ALFpaka] [WARNING] Log_spec ignored when pcen is set (extractSTFT:84)
2024-05-29 20:21:35.863 [ALFpaka] [WARNING] Log_spec ignored when pcen is set (extractSTFT:84)
2024-05-29 20:21:36.037 [ALFpaka] [WARNING] Log_spec ignored when pcen is set (extractSTFT:84)
2024-05-29 20:21:36.048 [ALFpaka] [WARNING] Log_spec ignored when pcen is set (extractSTFT:84)
2024-05-29 20:21:36.068 [ALFpaka] [WARNING] Log_spec ignored when pcen is set (extractSTFT:84)
2024-05-29 20:21:36.434 [ALFpaka] [WARNING] Log_spec ignored when pcen is set (extractSTFT:84)
2024-05-29 20:21:36.436 [ALFpaka] [WARNING] Log_spec ignored when pcen is set (extractSTFT:84)
2024-05-29 20:21:36.456 [ALFpaka] [WARNING] Log_spec ignored when pcen is set (extractSTFT:84)
2024-05-29 20:21:36.525 [ALFpaka] [WARNING] Log_spec ignored when pcen is set (extractSTFT:84)
2024-05-29 20:21:37.062 [ALFpaka] [WARNING] Log_spec ignored when pcen is set (extractSTFT:84)
2024-05-29 20:21:37.066 [ALFpaka] [WARNING] Log_spec ignored when pcen is set (extractSTFT:84)
2024-05-29 20:21:37.071 [ALFpaka] [WARNING] Log_spec ignored when pcen is set (extractSTFT:84)
2024-05-29 20:21:37.096 [ALFpaka] [WARNING] Log_spec ignored when pcen is set (extractSTFT:84)
2024-05-29 20:21:37.102 [ALFpaka] [WARNING] Log_spec ignored when pcen is set (extractSTFT:84)
2024-05-29 20:21:37.097 [ALFpaka] [WARNING] Log_spec ignored when pcen is set (extractSTFT:84)
2024-05-29 20:21:37.106 [ALFpaka] [WARNING] Log_spec ignored when pcen is set (extractSTFT:84)
2024-05-29 20:21:37.124 [ALFpaka] [WARNING] Log_spec ignored when pcen is set (extractSTFT:84)
2024-05-29 20:21:37.124 [ALFpaka] [WARNING] Log_spec ignored when pcen is set (extractSTFT:84)
2024-05-29 20:21:37.124 [ALFpaka] [WARNING] Log_spec ignored when pcen is set (extractSTFT:84)
2024-05-29 20:21:37.060 [ALFpaka] [WARNING] Log_spec ignored when pcen is set (extractSTFT:84)
2024-05-29 20:21:37.060 [ALFpaka] [WARNING] Log_spec ignored when pcen is set (extractSTFT:84)
2024-05-29 20:21:37.124 [ALFpaka] [WARNING] Log_spec ignored when pcen is set (extractSTFT:84)
2024-05-29 20:21:37.124 [ALFpaka] [WARNING] Log_spec ignored when pcen is set (extractSTFT:84)
2024-05-29 20:21:37.136 [ALFpaka] [WARNING] Log_spec ignored when pcen is set (extractSTFT:84)
2024-05-29 20:21:37.201 [ALFpaka] [WARNING] Log_spec ignored when pcen is set (extractSTFT:84)
2024-05-29 20:21:37.411 [ALFpaka] [WARNING] Log_spec ignored when pcen is set (extractSTFT:84)
2024-05-29 20:21:37.726 [ALFpaka] [WARNING] Log_spec ignored when pcen is set (extractSTFT:84)
2024-05-29 20:21:37.786 [ALFpaka] [WARNING] Log_spec ignored when pcen is set (extractSTFT:84)
2024-05-29 20:21:37.784 [ALFpaka] [WARNING] Log_spec ignored when pcen is set (extractSTFT:84)
2024-05-29 20:21:37.837 [ALFpaka] [WARNING] Log_spec ignored when pcen is set (extractSTFT:84)
2024-05-29 20:21:38.143 [ALFpaka] [WARNING] Log_spec ignored when pcen is set (extractSTFT:84)
2024-05-29 20:21:38.135 [ALFpaka] [WARNING] Log_spec ignored when pcen is set (extractSTFT:84)
2024-05-29 20:21:38.143 [ALFpaka] [WARNING] Log_spec ignored when pcen is set (extractSTFT:84)
2024-05-29 20:21:38.145 [ALFpaka] [WARNING] Log_spec ignored when pcen is set (extractSTFT:84)
2024-05-29 20:21:38.144 [ALFpaka] [WARNING] Log_spec ignored when pcen is set (extractSTFT:84)
2024-05-29 20:21:38.208 [ALFpaka] [WARNING] Log_spec ignored when pcen is set (extractSTFT:84)
2024-05-29 20:21:38.233 [ALFpaka] [WARNING] Log_spec ignored when pcen is set (extractSTFT:84)
2024-05-29 20:21:38.212 [ALFpaka] [WARNING] Log_spec ignored when pcen is set (extractSTFT:84)
2024-05-29 20:21:38.209 [ALFpaka] [WARNING] Log_spec ignored when pcen is set (extractSTFT:84)
2024-05-29 20:21:38.212 [ALFpaka] [WARNING] Log_spec ignored when pcen is set (extractSTFT:84)
2024-05-29 20:21:38.348 [ALFpaka] [WARNING] Log_spec ignored when pcen is set (extractSTFT:84)
2024-05-29 20:21:38.347 [ALFpaka] [WARNING] Log_spec ignored when pcen is set (extractSTFT:84)
2024-05-29 20:21:38.533 [ALFpaka] [WARNING] Log_spec ignored when pcen is set (extractSTFT:84)
2024-05-29 20:21:38.544 [ALFpaka] [WARNING] Audio normalization: Silent file with amplitude of 0. (normalize_audio:359)
2024-05-29 20:21:38.739 [ALFpaka] [WARNING] Log_spec ignored when pcen is set (extractSTFT:84)
2024-05-29 20:21:38.982 [ALFpaka] [WARNING] Log_spec ignored when pcen is set (extractSTFT:84)
2024-05-29 20:21:38.926 [ALFpaka] [WARNING] Log_spec ignored when pcen is set (extractSTFT:84)
2024-05-29 20:21:38.518 [ALFpaka] [WARNING] Log_spec ignored when pcen is set (extractSTFT:84)
2024-05-29 20:21:39.032 [ALFpaka] [WARNING] Audio normalization: Silent file with amplitude of 0. (normalize_audio:359)
2024-05-29 20:21:38.483 [ALFpaka] [WARNING] Log_spec ignored when pcen is set (extractSTFT:84)
2024-05-29 20:21:39.055 [ALFpaka] [WARNING] Log_spec ignored when pcen is set (extractSTFT:84)
2024-05-29 20:21:39.113 [ALFpaka] [WARNING] Log_spec ignored when pcen is set (extractSTFT:84)
2024-05-29 20:21:39.244 [ALFpaka] [WARNING] Log_spec ignored when pcen is set (extractSTFT:84)
2024-05-29 20:21:39.265 [ALFpaka] [WARNING] Log_spec ignored when pcen is set (extractSTFT:84)
2024-05-29 20:21:39.268 [ALFpaka] [WARNING] Audio normalization: Silent file with amplitude of 0. (normalize_audio:359)
2024-05-29 20:21:39.296 [ALFpaka] [WARNING] Log_spec ignored when pcen is set (extractSTFT:84)
2024-05-29 20:21:39.302 [ALFpaka] [WARNING] Audio normalization: Silent file with amplitude of 0. (normalize_audio:359)
2024-05-29 20:21:39.347 [ALFpaka] [WARNING] Log_spec ignored when pcen is set (extractSTFT:84)
2024-05-29 20:21:39.388 [ALFpaka] [WARNING] Log_spec ignored when pcen is set (extractSTFT:84)
2024-05-29 20:21:39.638 [ALFpaka] [WARNING] Log_spec ignored when pcen is set (extractSTFT:84)
2024-05-29 20:21:39.638 [ALFpaka] [WARNING] Log_spec ignored when pcen is set (extractSTFT:84)
2024-05-29 20:21:39.637 [ALFpaka] [WARNING] Log_spec ignored when pcen is set (extractSTFT:84)
2024-05-29 20:21:39.639 [ALFpaka] [WARNING] Log_spec ignored when pcen is set (extractSTFT:84)
2024-05-29 20:21:39.734 [ALFpaka] [WARNING] Log_spec ignored when pcen is set (extractSTFT:84)
2024-05-29 20:21:39.738 [ALFpaka] [WARNING] Log_spec ignored when pcen is set (extractSTFT:84)
2024-05-29 20:21:39.755 [ALFpaka] [WARNING] Log_spec ignored when pcen is set (extractSTFT:84)
2024-05-29 20:21:39.760 [ALFpaka] [WARNING] Log_spec ignored when pcen is set (extractSTFT:84)
2024-05-29 20:21:39.765 [ALFpaka] [WARNING] Log_spec ignored when pcen is set (extractSTFT:84)
2024-05-29 20:21:39.768 [ALFpaka] [WARNING] Log_spec ignored when pcen is set (extractSTFT:84)
2024-05-29 20:21:39.788 [ALFpaka] [WARNING] Log_spec ignored when pcen is set (extractSTFT:84)
2024-05-29 20:21:40.477 [ALFpaka] [WARNING] Log_spec ignored when pcen is set (extractSTFT:84)
2024-05-29 20:21:40.670 [ALFpaka] [WARNING] Log_spec ignored when pcen is set (extractSTFT:84)
2024-05-29 20:21:40.683 [ALFpaka] [WARNING] Log_spec ignored when pcen is set (extractSTFT:84)
2024-05-29 20:21:40.682 [ALFpaka] [WARNING] Log_spec ignored when pcen is set (extractSTFT:84)
2024-05-29 20:21:40.708 [ALFpaka] [WARNING] Log_spec ignored when pcen is set (extractSTFT:84)
2024-05-29 20:21:40.713 [ALFpaka] [WARNING] Log_spec ignored when pcen is set (extractSTFT:84)
2024-05-29 20:21:40.705 [ALFpaka] [WARNING] Log_spec ignored when pcen is set (extractSTFT:84)
2024-05-29 20:21:40.707 [ALFpaka] [WARNING] Log_spec ignored when pcen is set (extractSTFT:84)
2024-05-29 20:21:40.714 [ALFpaka] [WARNING] Log_spec ignored when pcen is set (extractSTFT:84)
2024-05-29 20:21:40.718 [ALFpaka] [WARNING] Log_spec ignored when pcen is set (extractSTFT:84)
2024-05-29 20:21:40.790 [ALFpaka] [WARNING] Log_spec ignored when pcen is set (extractSTFT:84)
2024-05-29 20:21:40.789 [ALFpaka] [WARNING] Log_spec ignored when pcen is set (extractSTFT:84)
2024-05-29 20:21:40.795 [ALFpaka] [WARNING] Log_spec ignored when pcen is set (extractSTFT:84)
2024-05-29 20:21:40.824 [ALFpaka] [WARNING] Log_spec ignored when pcen is set (extractSTFT:84)
2024-05-29 20:21:40.837 [ALFpaka] [WARNING] Log_spec ignored when pcen is set (extractSTFT:84)
2024-05-29 20:21:40.836 [ALFpaka] [WARNING] Log_spec ignored when pcen is set (extractSTFT:84)
2024-05-29 20:21:41.246 [ALFpaka] [WARNING] Log_spec ignored when pcen is set (extractSTFT:84)
2024-05-29 20:21:41.247 [ALFpaka] [WARNING] Log_spec ignored when pcen is set (extractSTFT:84)
2024-05-29 20:21:41.246 [ALFpaka] [WARNING] Log_spec ignored when pcen is set (extractSTFT:84)
2024-05-29 20:21:41.293 [ALFpaka] [WARNING] Log_spec ignored when pcen is set (extractSTFT:84)
2024-05-29 20:21:41.294 [ALFpaka] [WARNING] Log_spec ignored when pcen is set (extractSTFT:84)
2024-05-29 20:21:41.292 [ALFpaka] [WARNING] Log_spec ignored when pcen is set (extractSTFT:84)
2024-05-29 20:21:41.399 [ALFpaka] [WARNING] Log_spec ignored when pcen is set (extractSTFT:84)
2024-05-29 20:21:41.530 [ALFpaka] [WARNING] Log_spec ignored when pcen is set (extractSTFT:84)
2024-05-29 20:21:41.659 [ALFpaka] [WARNING] Log_spec ignored when pcen is set (extractSTFT:84)
2024-05-29 20:21:42.139 [ALFpaka] [WARNING] Log_spec ignored when pcen is set (extractSTFT:84)
2024-05-29 20:21:42.145 [ALFpaka] [WARNING] Log_spec ignored when pcen is set (extractSTFT:84)
2024-05-29 20:21:42.139 [ALFpaka] [WARNING] Log_spec ignored when pcen is set (extractSTFT:84)
2024-05-29 20:21:42.147 [ALFpaka] [WARNING] Log_spec ignored when pcen is set (extractSTFT:84)
2024-05-29 20:21:42.150 [ALFpaka] [WARNING] Log_spec ignored when pcen is set (extractSTFT:84)
2024-05-29 20:21:42.203 [ALFpaka] [WARNING] Log_spec ignored when pcen is set (extractSTFT:84)
2024-05-29 20:21:42.203 [ALFpaka] [WARNING] Log_spec ignored when pcen is set (extractSTFT:84)
2024-05-29 20:21:42.231 [ALFpaka] [WARNING] Log_spec ignored when pcen is set (extractSTFT:84)
2024-05-29 20:21:42.276 [ALFpaka] [WARNING] Log_spec ignored when pcen is set (extractSTFT:84)
2024-05-29 20:21:42.323 [ALFpaka] [WARNING] Log_spec ignored when pcen is set (extractSTFT:84)
2024-05-29 20:21:42.377 [ALFpaka] [WARNING] Log_spec ignored when pcen is set (extractSTFT:84)
2024-05-29 20:21:42.446 [ALFpaka] [WARNING] Log_spec ignored when pcen is set (extractSTFT:84)
2024-05-29 20:21:42.595 [ALFpaka] [WARNING] Log_spec ignored when pcen is set (extractSTFT:84)
2024-05-29 20:21:42.679 [ALFpaka] [WARNING] Log_spec ignored when pcen is set (extractSTFT:84)
2024-05-29 20:21:42.620 [ALFpaka] [WARNING] Log_spec ignored when pcen is set (extractSTFT:84)
2024-05-29 20:21:42.939 [ALFpaka] [WARNING] Log_spec ignored when pcen is set (extractSTFT:84)
2024-05-29 20:21:42.999 [ALFpaka] [WARNING] Log_spec ignored when pcen is set (extractSTFT:84)
2024-05-29 20:21:43.098 [ALFpaka] [WARNING] Log_spec ignored when pcen is set (extractSTFT:84)
2024-05-29 20:21:43.101 [ALFpaka] [WARNING] Log_spec ignored when pcen is set (extractSTFT:84)
2024-05-29 20:21:43.478 [ALFpaka] [WARNING] Log_spec ignored when pcen is set (extractSTFT:84)
2024-05-29 20:21:43.486 [ALFpaka] [WARNING] Log_spec ignored when pcen is set (extractSTFT:84)
2024-05-29 20:21:43.489 [ALFpaka] [WARNING] Log_spec ignored when pcen is set (extractSTFT:84)
2024-05-29 20:21:43.494 [ALFpaka] [WARNING] Log_spec ignored when pcen is set (extractSTFT:84)
2024-05-29 20:21:43.498 [ALFpaka] [WARNING] Log_spec ignored when pcen is set (extractSTFT:84)
2024-05-29 20:21:43.487 [ALFpaka] [WARNING] Log_spec ignored when pcen is set (extractSTFT:84)
2024-05-29 20:21:43.478 [ALFpaka] [WARNING] Log_spec ignored when pcen is set (extractSTFT:84)
2024-05-29 20:21:43.552 [ALFpaka] [WARNING] Log_spec ignored when pcen is set (extractSTFT:84)
2024-05-29 20:21:43.562 [ALFpaka] [WARNING] Log_spec ignored when pcen is set (extractSTFT:84)
2024-05-29 20:21:43.552 [ALFpaka] [WARNING] Log_spec ignored when pcen is set (extractSTFT:84)
2024-05-29 20:21:43.586 [ALFpaka] [WARNING] Log_spec ignored when pcen is set (extractSTFT:84)
2024-05-29 20:21:43.591 [ALFpaka] [WARNING] Log_spec ignored when pcen is set (extractSTFT:84)
2024-05-29 20:21:43.601 [ALFpaka] [WARNING] Log_spec ignored when pcen is set (extractSTFT:84)
2024-05-29 20:21:43.609 [ALFpaka] [WARNING] Log_spec ignored when pcen is set (extractSTFT:84)
2024-05-29 20:21:43.623 [ALFpaka] [WARNING] Log_spec ignored when pcen is set (extractSTFT:84)
2024-05-29 20:21:44.050 [ALFpaka] [WARNING] Log_spec ignored when pcen is set (extractSTFT:84)
2024-05-29 20:21:44.048 [ALFpaka] [WARNING] Log_spec ignored when pcen is set (extractSTFT:84)
2024-05-29 20:21:44.056 [ALFpaka] [WARNING] Log_spec ignored when pcen is set (extractSTFT:84)
2024-05-29 20:21:44.059 [ALFpaka] [WARNING] Log_spec ignored when pcen is set (extractSTFT:84)
2024-05-29 20:21:44.054 [ALFpaka] [WARNING] Log_spec ignored when pcen is set (extractSTFT:84)
2024-05-29 20:21:44.058 [ALFpaka] [WARNING] Log_spec ignored when pcen is set (extractSTFT:84)
2024-05-29 20:21:44.115 [ALFpaka] [WARNING] Log_spec ignored when pcen is set (extractSTFT:84)
2024-05-29 20:21:44.122 [ALFpaka] [WARNING] Log_spec ignored when pcen is set (extractSTFT:84)
2024-05-29 20:21:44.203 [ALFpaka] [WARNING] Log_spec ignored when pcen is set (extractSTFT:84)
2024-05-29 20:21:44.478 [ALFpaka] [WARNING] Log_spec ignored when pcen is set (extractSTFT:84)
2024-05-29 20:21:44.478 [ALFpaka] [WARNING] Log_spec ignored when pcen is set (extractSTFT:84)
2024-05-29 20:21:44.477 [ALFpaka] [WARNING] Log_spec ignored when pcen is set (extractSTFT:84)
2024-05-29 20:21:44.486 [ALFpaka] [WARNING] Log_spec ignored when pcen is set (extractSTFT:84)
2024-05-29 20:21:44.515 [ALFpaka] [WARNING] Log_spec ignored when pcen is set (extractSTFT:84)
2024-05-29 20:21:44.554 [ALFpaka] [WARNING] Log_spec ignored when pcen is set (extractSTFT:84)
2024-05-29 20:21:44.553 [ALFpaka] [WARNING] Log_spec ignored when pcen is set (extractSTFT:84)
2024-05-29 20:21:44.545 [ALFpaka] [WARNING] Log_spec ignored when pcen is set (extractSTFT:84)
2024-05-29 20:21:44.558 [ALFpaka] [WARNING] Log_spec ignored when pcen is set (extractSTFT:84)
2024-05-29 20:21:44.604 [ALFpaka] [WARNING] Log_spec ignored when pcen is set (extractSTFT:84)
2024-05-29 20:21:44.664 [ALFpaka] [WARNING] Log_spec ignored when pcen is set (extractSTFT:84)
2024-05-29 20:21:44.668 [ALFpaka] [WARNING] Log_spec ignored when pcen is set (extractSTFT:84)
2024-05-29 20:21:45.084 [ALFpaka] [WARNING] Log_spec ignored when pcen is set (extractSTFT:84)
2024-05-29 20:21:45.069 [ALFpaka] [WARNING] Log_spec ignored when pcen is set (extractSTFT:84)
2024-05-29 20:21:45.204 [ALFpaka] [WARNING] Log_spec ignored when pcen is set (extractSTFT:84)
2024-05-29 20:21:45.552 [ALFpaka] [WARNING] Log_spec ignored when pcen is set (extractSTFT:84)
2024-05-29 20:21:45.855 [ALFpaka] [WARNING] Log_spec ignored when pcen is set (extractSTFT:84)
2024-05-29 20:21:45.884 [ALFpaka] [WARNING] Log_spec ignored when pcen is set (extractSTFT:84)
2024-05-29 20:21:45.856 [ALFpaka] [WARNING] Log_spec ignored when pcen is set (extractSTFT:84)
2024-05-29 20:21:45.856 [ALFpaka] [WARNING] Log_spec ignored when pcen is set (extractSTFT:84)
2024-05-29 20:21:45.886 [ALFpaka] [WARNING] Log_spec ignored when pcen is set (extractSTFT:84)
2024-05-29 20:21:45.949 [ALFpaka] [WARNING] Log_spec ignored when pcen is set (extractSTFT:84)
2024-05-29 20:21:45.993 [ALFpaka] [WARNING] Log_spec ignored when pcen is set (extractSTFT:84)
2024-05-29 20:21:45.991 [ALFpaka] [WARNING] Log_spec ignored when pcen is set (extractSTFT:84)
2024-05-29 20:21:45.990 [ALFpaka] [WARNING] Log_spec ignored when pcen is set (extractSTFT:84)
2024-05-29 20:21:45.992 [ALFpaka] [WARNING] Log_spec ignored when pcen is set (extractSTFT:84)
2024-05-29 20:21:45.988 [ALFpaka] [WARNING] Log_spec ignored when pcen is set (extractSTFT:84)
2024-05-29 20:21:46.063 [ALFpaka] [WARNING] Log_spec ignored when pcen is set (extractSTFT:84)
2024-05-29 20:21:46.098 [ALFpaka] [WARNING] Log_spec ignored when pcen is set (extractSTFT:84)
2024-05-29 20:21:46.122 [ALFpaka] [WARNING] Log_spec ignored when pcen is set (extractSTFT:84)
2024-05-29 20:21:46.204 [ALFpaka] [WARNING] Log_spec ignored when pcen is set (extractSTFT:84)
2024-05-29 20:21:46.221 [ALFpaka] [WARNING] Log_spec ignored when pcen is set (extractSTFT:84)
2024-05-29 20:21:46.351 [ALFpaka] [WARNING] Log_spec ignored when pcen is set (extractSTFT:84)
2024-05-29 20:21:46.394 [ALFpaka] [WARNING] Log_spec ignored when pcen is set (extractSTFT:84)
2024-05-29 20:21:46.789 [ALFpaka] [WARNING] Log_spec ignored when pcen is set (extractSTFT:84)
2024-05-29 20:21:46.788 [ALFpaka] [WARNING] Log_spec ignored when pcen is set (extractSTFT:84)
2024-05-29 20:21:46.795 [ALFpaka] [WARNING] Log_spec ignored when pcen is set (extractSTFT:84)
2024-05-29 20:21:46.815 [ALFpaka] [WARNING] Log_spec ignored when pcen is set (extractSTFT:84)
2024-05-29 20:21:46.954 [ALFpaka] [WARNING] Log_spec ignored when pcen is set (extractSTFT:84)
2024-05-29 20:21:47.060 [ALFpaka] [WARNING] Log_spec ignored when pcen is set (extractSTFT:84)
2024-05-29 20:21:47.199 [ALFpaka] [WARNING] Log_spec ignored when pcen is set (extractSTFT:84)
2024-05-29 20:21:47.306 [ALFpaka] [WARNING] Log_spec ignored when pcen is set (extractSTFT:84)
2024-05-29 20:21:47.318 [ALFpaka] [WARNING] Log_spec ignored when pcen is set (extractSTFT:84)
2024-05-29 20:21:47.320 [ALFpaka] [WARNING] Log_spec ignored when pcen is set (extractSTFT:84)
2024-05-29 20:21:47.324 [ALFpaka] [WARNING] Log_spec ignored when pcen is set (extractSTFT:84)
2024-05-29 20:21:47.319 [ALFpaka] [WARNING] Log_spec ignored when pcen is set (extractSTFT:84)
2024-05-29 20:21:47.317 [ALFpaka] [WARNING] Log_spec ignored when pcen is set (extractSTFT:84)
2024-05-29 20:21:47.339 [ALFpaka] [WARNING] Log_spec ignored when pcen is set (extractSTFT:84)
2024-05-29 20:21:47.385 [ALFpaka] [WARNING] Log_spec ignored when pcen is set (extractSTFT:84)
2024-05-29 20:21:47.402 [ALFpaka] [WARNING] Log_spec ignored when pcen is set (extractSTFT:84)
2024-05-29 20:21:47.857 [ALFpaka] [WARNING] Log_spec ignored when pcen is set (extractSTFT:84)
2024-05-29 20:21:47.853 [ALFpaka] [WARNING] Log_spec ignored when pcen is set (extractSTFT:84)
2024-05-29 20:21:47.855 [ALFpaka] [WARNING] Log_spec ignored when pcen is set (extractSTFT:84)
2024-05-29 20:21:47.855 [ALFpaka] [WARNING] Log_spec ignored when pcen is set (extractSTFT:84)
2024-05-29 20:21:47.856 [ALFpaka] [WARNING] Log_spec ignored when pcen is set (extractSTFT:84)
2024-05-29 20:21:47.853 [ALFpaka] [WARNING] Log_spec ignored when pcen is set (extractSTFT:84)
2024-05-29 20:21:47.948 [ALFpaka] [WARNING] Log_spec ignored when pcen is set (extractSTFT:84)
2024-05-29 20:21:47.957 [ALFpaka] [WARNING] Log_spec ignored when pcen is set (extractSTFT:84)
2024-05-29 20:21:47.984 [ALFpaka] [WARNING] Log_spec ignored when pcen is set (extractSTFT:84)
2024-05-29 20:21:47.995 [ALFpaka] [WARNING] Log_spec ignored when pcen is set (extractSTFT:84)
2024-05-29 20:21:47.995 [ALFpaka] [WARNING] Log_spec ignored when pcen is set (extractSTFT:84)
2024-05-29 20:21:48.066 [ALFpaka] [WARNING] Log_spec ignored when pcen is set (extractSTFT:84)
2024-05-29 20:21:48.131 [ALFpaka] [WARNING] Log_spec ignored when pcen is set (extractSTFT:84)
2024-05-29 20:21:48.237 [ALFpaka] [WARNING] Log_spec ignored when pcen is set (extractSTFT:84)
2024-05-29 20:21:48.233 [ALFpaka] [WARNING] Log_spec ignored when pcen is set (extractSTFT:84)
2024-05-29 20:21:48.572 [ALFpaka] [WARNING] Log_spec ignored when pcen is set (extractSTFT:84)
2024-05-29 20:21:48.617 [ALFpaka] [WARNING] Log_spec ignored when pcen is set (extractSTFT:84)
2024-05-29 20:21:48.653 [ALFpaka] [WARNING] Log_spec ignored when pcen is set (extractSTFT:84)
2024-05-29 20:21:48.794 [ALFpaka] [WARNING] Log_spec ignored when pcen is set (extractSTFT:84)
2024-05-29 20:21:48.955 [ALFpaka] [WARNING] Log_spec ignored when pcen is set (extractSTFT:84)
2024-05-29 20:21:48.954 [ALFpaka] [WARNING] Log_spec ignored when pcen is set (extractSTFT:84)
2024-05-29 20:21:48.958 [ALFpaka] [WARNING] Log_spec ignored when pcen is set (extractSTFT:84)
2024-05-29 20:21:48.993 [ALFpaka] [WARNING] Log_spec ignored when pcen is set (extractSTFT:84)
2024-05-29 20:21:49.072 [ALFpaka] [WARNING] Log_spec ignored when pcen is set (extractSTFT:84)
2024-05-29 20:21:49.090 [ALFpaka] [WARNING] Log_spec ignored when pcen is set (extractSTFT:84)
2024-05-29 20:21:49.102 [ALFpaka] [WARNING] Log_spec ignored when pcen is set (extractSTFT:84)
2024-05-29 20:21:49.354 [ALFpaka] [WARNING] Log_spec ignored when pcen is set (extractSTFT:84)
2024-05-29 20:21:49.360 [ALFpaka] [WARNING] Log_spec ignored when pcen is set (extractSTFT:84)
2024-05-29 20:21:49.354 [ALFpaka] [WARNING] Log_spec ignored when pcen is set (extractSTFT:84)
2024-05-29 20:21:49.365 [ALFpaka] [WARNING] Log_spec ignored when pcen is set (extractSTFT:84)
2024-05-29 20:21:49.378 [ALFpaka] [WARNING] Log_spec ignored when pcen is set (extractSTFT:84)
2024-05-29 20:21:49.373 [ALFpaka] [WARNING] Log_spec ignored when pcen is set (extractSTFT:84)
2024-05-29 20:21:49.383 [ALFpaka] [WARNING] Log_spec ignored when pcen is set (extractSTFT:84)
2024-05-29 20:21:49.386 [ALFpaka] [WARNING] Log_spec ignored when pcen is set (extractSTFT:84)
2024-05-29 20:21:49.457 [ALFpaka] [WARNING] Log_spec ignored when pcen is set (extractSTFT:84)
2024-05-29 20:21:49.504 [ALFpaka] [WARNING] Audio normalization: Silent file with amplitude of 0. (normalize_audio:359)
2024-05-29 20:21:49.557 [ALFpaka] [WARNING] Log_spec ignored when pcen is set (extractSTFT:84)
2024-05-29 20:21:49.561 [ALFpaka] [WARNING] Audio normalization: Silent file with amplitude of 0. (normalize_audio:359)
2024-05-29 20:21:49.801 [ALFpaka] [WARNING] Log_spec ignored when pcen is set (extractSTFT:84)
2024-05-29 20:21:49.807 [ALFpaka] [WARNING] Log_spec ignored when pcen is set (extractSTFT:84)
2024-05-29 20:21:49.806 [ALFpaka] [WARNING] Log_spec ignored when pcen is set (extractSTFT:84)
2024-05-29 20:21:49.887 [ALFpaka] [WARNING] Log_spec ignored when pcen is set (extractSTFT:84)
2024-05-29 20:21:49.897 [ALFpaka] [WARNING] Log_spec ignored when pcen is set (extractSTFT:84)
2024-05-29 20:21:49.990 [ALFpaka] [WARNING] Log_spec ignored when pcen is set (extractSTFT:84)
2024-05-29 20:21:50.012 [ALFpaka] [WARNING] Log_spec ignored when pcen is set (extractSTFT:84)
2024-05-29 20:21:50.034 [ALFpaka] [WARNING] Log_spec ignored when pcen is set (extractSTFT:84)
2024-05-29 20:21:50.113 [ALFpaka] [WARNING] Log_spec ignored when pcen is set (extractSTFT:84)
2024-05-29 20:21:50.206 [ALFpaka] [WARNING] Log_spec ignored when pcen is set (extractSTFT:84)
2024-05-29 20:21:50.242 [ALFpaka] [WARNING] Log_spec ignored when pcen is set (extractSTFT:84)
2024-05-29 20:21:50.369 [ALFpaka] [WARNING] Log_spec ignored when pcen is set (extractSTFT:84)
2024-05-29 20:21:50.491 [ALFpaka] [WARNING] Log_spec ignored when pcen is set (extractSTFT:84)
2024-05-29 20:21:50.490 [ALFpaka] [WARNING] Log_spec ignored when pcen is set (extractSTFT:84)
2024-05-29 20:21:50.645 [ALFpaka] [WARNING] Log_spec ignored when pcen is set (extractSTFT:84)
2024-05-29 20:21:50.646 [ALFpaka] [WARNING] Log_spec ignored when pcen is set (extractSTFT:84)
2024-05-29 20:21:50.647 [ALFpaka] [WARNING] Log_spec ignored when pcen is set (extractSTFT:84)
2024-05-29 20:21:50.747 [ALFpaka] [WARNING] Log_spec ignored when pcen is set (extractSTFT:84)
2024-05-29 20:21:50.789 [ALFpaka] [WARNING] Log_spec ignored when pcen is set (extractSTFT:84)
2024-05-29 20:21:50.788 [ALFpaka] [WARNING] Log_spec ignored when pcen is set (extractSTFT:84)
2024-05-29 20:21:50.984 [ALFpaka] [WARNING] Log_spec ignored when pcen is set (extractSTFT:84)
2024-05-29 20:21:51.081 [ALFpaka] [WARNING] Log_spec ignored when pcen is set (extractSTFT:84)
2024-05-29 20:21:51.123 [ALFpaka] [WARNING] Log_spec ignored when pcen is set (extractSTFT:84)
2024-05-29 20:21:51.122 [ALFpaka] [WARNING] Log_spec ignored when pcen is set (extractSTFT:84)
2024-05-29 20:21:51.145 [ALFpaka] [WARNING] Log_spec ignored when pcen is set (extractSTFT:84)
2024-05-29 20:21:51.290 [ALFpaka] [WARNING] Log_spec ignored when pcen is set (extractSTFT:84)
2024-05-29 20:21:51.359 [ALFpaka] [WARNING] Log_spec ignored when pcen is set (extractSTFT:84)
2024-05-29 20:21:51.384 [ALFpaka] [WARNING] Log_spec ignored when pcen is set (extractSTFT:84)
2024-05-29 20:21:51.373 [ALFpaka] [WARNING] Log_spec ignored when pcen is set (extractSTFT:84)
2024-05-29 20:21:51.399 [ALFpaka] [WARNING] Log_spec ignored when pcen is set (extractSTFT:84)
2024-05-29 20:21:51.426 [ALFpaka] [WARNING] Log_spec ignored when pcen is set (extractSTFT:84)
2024-05-29 20:21:51.426 [ALFpaka] [WARNING] Log_spec ignored when pcen is set (extractSTFT:84)
2024-05-29 20:21:51.404 [ALFpaka] [WARNING] Audio normalization: Silent file with amplitude of 0. (normalize_audio:359)
2024-05-29 20:21:51.908 [ALFpaka] [WARNING] Log_spec ignored when pcen is set (extractSTFT:84)
2024-05-29 20:21:51.909 [ALFpaka] [WARNING] Log_spec ignored when pcen is set (extractSTFT:84)
2024-05-29 20:21:51.908 [ALFpaka] [WARNING] Log_spec ignored when pcen is set (extractSTFT:84)
2024-05-29 20:21:51.927 [ALFpaka] [WARNING] Audio normalization: Silent file with amplitude of 0. (normalize_audio:359)
2024-05-29 20:21:51.910 [ALFpaka] [WARNING] Log_spec ignored when pcen is set (extractSTFT:84)
2024-05-29 20:21:52.474 [ALFpaka] [WARNING] Log_spec ignored when pcen is set (extractSTFT:84)
2024-05-29 20:21:52.479 [ALFpaka] [WARNING] Log_spec ignored when pcen is set (extractSTFT:84)
2024-05-29 20:21:52.474 [ALFpaka] [WARNING] Log_spec ignored when pcen is set (extractSTFT:84)
2024-05-29 20:21:52.485 [ALFpaka] [WARNING] Log_spec ignored when pcen is set (extractSTFT:84)
2024-05-29 20:21:52.480 [ALFpaka] [WARNING] Log_spec ignored when pcen is set (extractSTFT:84)
2024-05-29 20:21:52.481 [ALFpaka] [WARNING] Log_spec ignored when pcen is set (extractSTFT:84)
2024-05-29 20:21:52.479 [ALFpaka] [WARNING] Log_spec ignored when pcen is set (extractSTFT:84)
2024-05-29 20:21:52.509 [ALFpaka] [WARNING] Log_spec ignored when pcen is set (extractSTFT:84)
2024-05-29 20:21:52.510 [ALFpaka] [WARNING] Log_spec ignored when pcen is set (extractSTFT:84)
2024-05-29 20:21:52.669 [ALFpaka] [WARNING] Log_spec ignored when pcen is set (extractSTFT:84)
2024-05-29 20:21:53.017 [ALFpaka] [WARNING] Log_spec ignored when pcen is set (extractSTFT:84)
2024-05-29 20:21:53.025 [ALFpaka] [WARNING] Log_spec ignored when pcen is set (extractSTFT:84)
2024-05-29 20:21:53.021 [ALFpaka] [WARNING] Log_spec ignored when pcen is set (extractSTFT:84)
2024-05-29 20:21:53.038 [ALFpaka] [WARNING] Log_spec ignored when pcen is set (extractSTFT:84)
2024-05-29 20:21:53.018 [ALFpaka] [WARNING] Log_spec ignored when pcen is set (extractSTFT:84)
2024-05-29 20:21:53.020 [ALFpaka] [WARNING] Log_spec ignored when pcen is set (extractSTFT:84)
2024-05-29 20:21:53.019 [ALFpaka] [WARNING] Log_spec ignored when pcen is set (extractSTFT:84)
2024-05-29 20:21:53.042 [ALFpaka] [WARNING] Log_spec ignored when pcen is set (extractSTFT:84)
2024-05-29 20:21:53.016 [ALFpaka] [WARNING] Log_spec ignored when pcen is set (extractSTFT:84)
2024-05-29 20:21:53.068 [ALFpaka] [WARNING] Log_spec ignored when pcen is set (extractSTFT:84)
2024-05-29 20:21:53.055 [ALFpaka] [WARNING] Log_spec ignored when pcen is set (extractSTFT:84)
2024-05-29 20:21:53.154 [ALFpaka] [WARNING] Log_spec ignored when pcen is set (extractSTFT:84)
2024-05-29 20:21:53.272 [ALFpaka] [WARNING] Log_spec ignored when pcen is set (extractSTFT:84)
2024-05-29 20:21:53.043 [ALFpaka] [WARNING] Log_spec ignored when pcen is set (extractSTFT:84)
2024-05-29 20:21:53.077 [ALFpaka] [WARNING] Log_spec ignored when pcen is set (extractSTFT:84)
2024-05-29 20:21:53.027 [ALFpaka] [WARNING] Log_spec ignored when pcen is set (extractSTFT:84)
2024-05-29 20:21:53.037 [ALFpaka] [WARNING] Log_spec ignored when pcen is set (extractSTFT:84)
2024-05-29 20:21:53.039 [ALFpaka] [WARNING] Log_spec ignored when pcen is set (extractSTFT:84)
2024-05-29 20:21:53.044 [ALFpaka] [WARNING] Log_spec ignored when pcen is set (extractSTFT:84)
2024-05-29 20:21:53.153 [ALFpaka] [WARNING] Log_spec ignored when pcen is set (extractSTFT:84)
2024-05-29 20:21:53.330 [ALFpaka] [WARNING] Log_spec ignored when pcen is set (extractSTFT:84)
2024-05-29 20:21:53.405 [ALFpaka] [WARNING] Log_spec ignored when pcen is set (extractSTFT:84)
2024-05-29 20:21:53.418 [ALFpaka] [WARNING] Log_spec ignored when pcen is set (extractSTFT:84)
2024-05-29 20:21:53.487 [ALFpaka] [WARNING] Log_spec ignored when pcen is set (extractSTFT:84)
2024-05-29 20:21:53.642 [ALFpaka] [WARNING] Log_spec ignored when pcen is set (extractSTFT:84)
2024-05-29 20:21:53.669 [ALFpaka] [WARNING] Log_spec ignored when pcen is set (extractSTFT:84)
2024-05-29 20:21:53.684 [ALFpaka] [WARNING] Log_spec ignored when pcen is set (extractSTFT:84)
2024-05-29 20:21:53.678 [ALFpaka] [WARNING] Log_spec ignored when pcen is set (extractSTFT:84)
2024-05-29 20:21:53.763 [ALFpaka] [WARNING] Log_spec ignored when pcen is set (extractSTFT:84)
2024-05-29 20:21:53.891 [ALFpaka] [WARNING] Log_spec ignored when pcen is set (extractSTFT:84)
2024-05-29 20:21:53.917 [ALFpaka] [WARNING] Log_spec ignored when pcen is set (extractSTFT:84)
2024-05-29 20:21:53.975 [ALFpaka] [WARNING] Log_spec ignored when pcen is set (extractSTFT:84)
2024-05-29 20:21:54.011 [ALFpaka] [WARNING] Log_spec ignored when pcen is set (extractSTFT:84)
2024-05-29 20:21:54.088 [ALFpaka] [WARNING] Log_spec ignored when pcen is set (extractSTFT:84)
2024-05-29 20:21:54.439 [ALFpaka] [WARNING] Log_spec ignored when pcen is set (extractSTFT:84)
2024-05-29 20:21:54.439 [ALFpaka] [WARNING] Log_spec ignored when pcen is set (extractSTFT:84)
2024-05-29 20:21:54.463 [ALFpaka] [WARNING] Log_spec ignored when pcen is set (extractSTFT:84)
2024-05-29 20:21:54.462 [ALFpaka] [WARNING] Log_spec ignored when pcen is set (extractSTFT:84)
2024-05-29 20:21:54.492 [ALFpaka] [WARNING] Log_spec ignored when pcen is set (extractSTFT:84)
2024-05-29 20:21:54.791 [ALFpaka] [WARNING] Log_spec ignored when pcen is set (extractSTFT:84)
2024-05-29 20:21:54.790 [ALFpaka] [WARNING] Log_spec ignored when pcen is set (extractSTFT:84)
2024-05-29 20:21:54.841 [ALFpaka] [WARNING] Log_spec ignored when pcen is set (extractSTFT:84)
2024-05-29 20:21:55.113 [ALFpaka] [WARNING] Log_spec ignored when pcen is set (extractSTFT:84)
2024-05-29 20:21:55.185 [ALFpaka] [WARNING] Log_spec ignored when pcen is set (extractSTFT:84)
2024-05-29 20:21:55.222 [ALFpaka] [WARNING] Log_spec ignored when pcen is set (extractSTFT:84)
2024-05-29 20:21:55.309 [ALFpaka] [WARNING] Log_spec ignored when pcen is set (extractSTFT:84)
2024-05-29 20:21:55.331 [ALFpaka] [WARNING] Log_spec ignored when pcen is set (extractSTFT:84)
2024-05-29 20:21:55.347 [ALFpaka] [WARNING] Log_spec ignored when pcen is set (extractSTFT:84)
2024-05-29 20:21:55.349 [ALFpaka] [WARNING] Log_spec ignored when pcen is set (extractSTFT:84)
2024-05-29 20:21:55.350 [ALFpaka] [WARNING] Log_spec ignored when pcen is set (extractSTFT:84)
2024-05-29 20:21:55.360 [ALFpaka] [WARNING] Log_spec ignored when pcen is set (extractSTFT:84)
2024-05-29 20:21:55.504 [ALFpaka] [WARNING] Log_spec ignored when pcen is set (extractSTFT:84)
2024-05-29 20:21:55.857 [ALFpaka] [WARNING] Log_spec ignored when pcen is set (extractSTFT:84)
2024-05-29 20:21:55.852 [ALFpaka] [WARNING] Log_spec ignored when pcen is set (extractSTFT:84)
2024-05-29 20:21:55.912 [ALFpaka] [WARNING] Log_spec ignored when pcen is set (extractSTFT:84)
2024-05-29 20:21:55.943 [ALFpaka] [WARNING] Log_spec ignored when pcen is set (extractSTFT:84)
2024-05-29 20:21:56.023 [ALFpaka] [WARNING] Log_spec ignored when pcen is set (extractSTFT:84)
2024-05-29 20:21:56.094 [ALFpaka] [WARNING] Log_spec ignored when pcen is set (extractSTFT:84)
2024-05-29 20:21:56.117 [ALFpaka] [WARNING] Log_spec ignored when pcen is set (extractSTFT:84)
2024-05-29 20:21:56.461 [ALFpaka] [WARNING] Log_spec ignored when pcen is set (extractSTFT:84)
2024-05-29 20:21:56.460 [ALFpaka] [WARNING] Log_spec ignored when pcen is set (extractSTFT:84)
2024-05-29 20:21:56.465 [ALFpaka] [WARNING] Log_spec ignored when pcen is set (extractSTFT:84)
2024-05-29 20:21:56.464 [ALFpaka] [WARNING] Log_spec ignored when pcen is set (extractSTFT:84)
2024-05-29 20:21:56.463 [ALFpaka] [WARNING] Log_spec ignored when pcen is set (extractSTFT:84)
2024-05-29 20:21:56.465 [ALFpaka] [WARNING] Log_spec ignored when pcen is set (extractSTFT:84)
2024-05-29 20:21:56.466 [ALFpaka] [WARNING] Log_spec ignored when pcen is set (extractSTFT:84)
2024-05-29 20:21:56.462 [ALFpaka] [WARNING] Log_spec ignored when pcen is set (extractSTFT:84)
2024-05-29 20:21:56.600 [ALFpaka] [WARNING] Log_spec ignored when pcen is set (extractSTFT:84)
2024-05-29 20:21:56.477 [ALFpaka] [WARNING] Log_spec ignored when pcen is set (extractSTFT:84)
2024-05-29 20:21:56.470 [ALFpaka] [WARNING] Log_spec ignored when pcen is set (extractSTFT:84)
2024-05-29 20:21:56.494 [ALFpaka] [WARNING] Log_spec ignored when pcen is set (extractSTFT:84)
2024-05-29 20:21:56.687 [ALFpaka] [WARNING] Log_spec ignored when pcen is set (extractSTFT:84)
2024-05-29 20:21:56.686 [ALFpaka] [WARNING] Log_spec ignored when pcen is set (extractSTFT:84)
2024-05-29 20:21:56.685 [ALFpaka] [WARNING] Log_spec ignored when pcen is set (extractSTFT:84)
2024-05-29 20:21:56.830 [ALFpaka] [WARNING] Log_spec ignored when pcen is set (extractSTFT:84)
2024-05-29 20:21:56.841 [ALFpaka] [WARNING] Log_spec ignored when pcen is set (extractSTFT:84)
2024-05-29 20:21:56.873 [ALFpaka] [WARNING] Log_spec ignored when pcen is set (extractSTFT:84)
2024-05-29 20:21:56.981 [ALFpaka] [WARNING] Log_spec ignored when pcen is set (extractSTFT:84)
2024-05-29 20:21:56.998 [ALFpaka] [WARNING] Log_spec ignored when pcen is set (extractSTFT:84)
2024-05-29 20:21:57.019 [ALFpaka] [WARNING] Log_spec ignored when pcen is set (extractSTFT:84)
2024-05-29 20:21:57.157 [ALFpaka] [WARNING] Log_spec ignored when pcen is set (extractSTFT:84)
2024-05-29 20:21:57.597 [ALFpaka] [WARNING] Log_spec ignored when pcen is set (extractSTFT:84)
2024-05-29 20:21:57.609 [ALFpaka] [WARNING] Log_spec ignored when pcen is set (extractSTFT:84)
2024-05-29 20:21:57.614 [ALFpaka] [WARNING] Log_spec ignored when pcen is set (extractSTFT:84)
2024-05-29 20:21:57.613 [ALFpaka] [WARNING] Log_spec ignored when pcen is set (extractSTFT:84)
2024-05-29 20:21:57.612 [ALFpaka] [WARNING] Log_spec ignored when pcen is set (extractSTFT:84)
2024-05-29 20:21:57.625 [ALFpaka] [WARNING] Log_spec ignored when pcen is set (extractSTFT:84)
2024-05-29 20:21:57.654 [ALFpaka] [WARNING] Log_spec ignored when pcen is set (extractSTFT:84)
2024-05-29 20:21:57.754 [ALFpaka] [WARNING] Log_spec ignored when pcen is set (extractSTFT:84)
2024-05-29 20:21:57.754 [ALFpaka] [WARNING] Log_spec ignored when pcen is set (extractSTFT:84)
2024-05-29 20:21:57.945 [ALFpaka] [WARNING] Log_spec ignored when pcen is set (extractSTFT:84)
2024-05-29 20:21:57.946 [ALFpaka] [WARNING] Log_spec ignored when pcen is set (extractSTFT:84)
2024-05-29 20:21:57.944 [ALFpaka] [WARNING] Log_spec ignored when pcen is set (extractSTFT:84)
2024-05-29 20:21:57.981 [ALFpaka] [WARNING] Log_spec ignored when pcen is set (extractSTFT:84)
2024-05-29 20:21:57.998 [ALFpaka] [WARNING] Log_spec ignored when pcen is set (extractSTFT:84)
2024-05-29 20:21:58.089 [ALFpaka] [WARNING] Log_spec ignored when pcen is set (extractSTFT:84)
2024-05-29 20:21:58.183 [ALFpaka] [WARNING] Log_spec ignored when pcen is set (extractSTFT:84)
2024-05-29 20:21:58.184 [ALFpaka] [WARNING] Log_spec ignored when pcen is set (extractSTFT:84)
2024-05-29 20:21:58.489 [ALFpaka] [WARNING] Log_spec ignored when pcen is set (extractSTFT:84)
2024-05-29 20:21:58.489 [ALFpaka] [WARNING] Log_spec ignored when pcen is set (extractSTFT:84)
2024-05-29 20:21:58.490 [ALFpaka] [WARNING] Log_spec ignored when pcen is set (extractSTFT:84)
2024-05-29 20:21:58.609 [ALFpaka] [WARNING] Log_spec ignored when pcen is set (extractSTFT:84)
2024-05-29 20:21:58.616 [ALFpaka] [WARNING] Log_spec ignored when pcen is set (extractSTFT:84)
2024-05-29 20:21:58.768 [ALFpaka] [WARNING] Log_spec ignored when pcen is set (extractSTFT:84)
2024-05-29 20:21:58.769 [ALFpaka] [WARNING] Log_spec ignored when pcen is set (extractSTFT:84)
2024-05-29 20:21:58.810 [ALFpaka] [WARNING] Log_spec ignored when pcen is set (extractSTFT:84)
2024-05-29 20:21:58.825 [ALFpaka] [WARNING] Log_spec ignored when pcen is set (extractSTFT:84)
2024-05-29 20:21:58.582 [ALFpaka] [WARNING] Log_spec ignored when pcen is set (extractSTFT:84)
2024-05-29 20:21:58.874 [ALFpaka] [WARNING] Log_spec ignored when pcen is set (extractSTFT:84)
2024-05-29 20:21:58.888 [ALFpaka] [WARNING] Log_spec ignored when pcen is set (extractSTFT:84)
2024-05-29 20:21:58.920 [ALFpaka] [WARNING] Log_spec ignored when pcen is set (extractSTFT:84)
2024-05-29 20:21:58.968 [ALFpaka] [WARNING] Log_spec ignored when pcen is set (extractSTFT:84)
2024-05-29 20:21:59.021 [ALFpaka] [WARNING] Log_spec ignored when pcen is set (extractSTFT:84)
2024-05-29 20:21:59.073 [ALFpaka] [WARNING] Log_spec ignored when pcen is set (extractSTFT:84)
2024-05-29 20:21:59.320 [ALFpaka] [WARNING] Log_spec ignored when pcen is set (extractSTFT:84)
2024-05-29 20:21:59.321 [ALFpaka] [WARNING] Log_spec ignored when pcen is set (extractSTFT:84)
2024-05-29 20:21:59.331 [ALFpaka] [WARNING] Log_spec ignored when pcen is set (extractSTFT:84)
2024-05-29 20:21:59.426 [ALFpaka] [WARNING] Log_spec ignored when pcen is set (extractSTFT:84)
2024-05-29 20:21:59.422 [ALFpaka] [WARNING] Log_spec ignored when pcen is set (extractSTFT:84)
2024-05-29 20:21:59.426 [ALFpaka] [WARNING] Log_spec ignored when pcen is set (extractSTFT:84)
2024-05-29 20:21:59.333 [ALFpaka] [WARNING] Log_spec ignored when pcen is set (extractSTFT:84)
2024-05-29 20:21:59.429 [ALFpaka] [WARNING] Log_spec ignored when pcen is set (extractSTFT:84)
2024-05-29 20:21:59.427 [ALFpaka] [WARNING] Log_spec ignored when pcen is set (extractSTFT:84)
2024-05-29 20:21:59.983 [ALFpaka] [WARNING] Log_spec ignored when pcen is set (extractSTFT:84)
2024-05-29 20:21:59.984 [ALFpaka] [WARNING] Log_spec ignored when pcen is set (extractSTFT:84)
2024-05-29 20:21:59.989 [ALFpaka] [WARNING] Log_spec ignored when pcen is set (extractSTFT:84)
2024-05-29 20:21:59.982 [ALFpaka] [WARNING] Log_spec ignored when pcen is set (extractSTFT:84)
2024-05-29 20:21:59.990 [ALFpaka] [WARNING] Log_spec ignored when pcen is set (extractSTFT:84)
2024-05-29 20:22:00.066 [ALFpaka] [WARNING] Log_spec ignored when pcen is set (extractSTFT:84)
2024-05-29 20:22:00.135 [ALFpaka] [WARNING] Log_spec ignored when pcen is set (extractSTFT:84)
2024-05-29 20:22:00.679 [ALFpaka] [WARNING] Log_spec ignored when pcen is set (extractSTFT:84)
2024-05-29 20:22:00.678 [ALFpaka] [WARNING] Log_spec ignored when pcen is set (extractSTFT:84)
2024-05-29 20:22:00.715 [ALFpaka] [WARNING] Log_spec ignored when pcen is set (extractSTFT:84)
2024-05-29 20:22:00.716 [ALFpaka] [WARNING] Log_spec ignored when pcen is set (extractSTFT:84)
2024-05-29 20:22:00.680 [ALFpaka] [WARNING] Log_spec ignored when pcen is set (extractSTFT:84)
2024-05-29 20:22:00.759 [ALFpaka] [WARNING] Log_spec ignored when pcen is set (extractSTFT:84)
2024-05-29 20:22:00.851 [ALFpaka] [WARNING] Log_spec ignored when pcen is set (extractSTFT:84)
2024-05-29 20:22:00.816 [ALFpaka] [WARNING] Log_spec ignored when pcen is set (extractSTFT:84)
2024-05-29 20:22:01.172 [ALFpaka] [WARNING] Log_spec ignored when pcen is set (extractSTFT:84)
2024-05-29 20:22:01.221 [ALFpaka] [WARNING] Log_spec ignored when pcen is set (extractSTFT:84)
2024-05-29 20:22:01.220 [ALFpaka] [WARNING] Log_spec ignored when pcen is set (extractSTFT:84)
2024-05-29 20:22:01.306 [ALFpaka] [WARNING] Log_spec ignored when pcen is set (extractSTFT:84)
2024-05-29 20:22:01.350 [ALFpaka] [WARNING] Log_spec ignored when pcen is set (extractSTFT:84)
2024-05-29 20:22:01.395 [ALFpaka] [WARNING] Log_spec ignored when pcen is set (extractSTFT:84)
2024-05-29 20:22:01.875 [ALFpaka] [WARNING] Log_spec ignored when pcen is set (extractSTFT:84)
2024-05-29 20:22:01.875 [ALFpaka] [WARNING] Log_spec ignored when pcen is set (extractSTFT:84)
2024-05-29 20:22:01.876 [ALFpaka] [WARNING] Log_spec ignored when pcen is set (extractSTFT:84)
2024-05-29 20:22:01.878 [ALFpaka] [WARNING] Log_spec ignored when pcen is set (extractSTFT:84)
2024-05-29 20:22:01.883 [ALFpaka] [WARNING] Log_spec ignored when pcen is set (extractSTFT:84)
2024-05-29 20:22:01.928 [ALFpaka] [WARNING] Log_spec ignored when pcen is set (extractSTFT:84)
2024-05-29 20:22:01.932 [ALFpaka] [WARNING] Log_spec ignored when pcen is set (extractSTFT:84)
2024-05-29 20:22:01.877 [ALFpaka] [WARNING] Log_spec ignored when pcen is set (extractSTFT:84)
2024-05-29 20:22:01.884 [ALFpaka] [WARNING] Log_spec ignored when pcen is set (extractSTFT:84)
2024-05-29 20:22:01.881 [ALFpaka] [WARNING] Log_spec ignored when pcen is set (extractSTFT:84)
2024-05-29 20:22:01.880 [ALFpaka] [WARNING] Log_spec ignored when pcen is set (extractSTFT:84)
2024-05-29 20:22:01.881 [ALFpaka] [WARNING] Log_spec ignored when pcen is set (extractSTFT:84)
2024-05-29 20:22:01.879 [ALFpaka] [WARNING] Log_spec ignored when pcen is set (extractSTFT:84)
2024-05-29 20:22:02.532 [ALFpaka] [WARNING] Log_spec ignored when pcen is set (extractSTFT:84)
2024-05-29 20:22:02.644 [ALFpaka] [WARNING] Log_spec ignored when pcen is set (extractSTFT:84)
2024-05-29 20:22:02.738 [ALFpaka] [WARNING] Log_spec ignored when pcen is set (extractSTFT:84)
2024-05-29 20:22:02.739 [ALFpaka] [WARNING] Log_spec ignored when pcen is set (extractSTFT:84)
2024-05-29 20:22:02.737 [ALFpaka] [WARNING] Log_spec ignored when pcen is set (extractSTFT:84)
2024-05-29 20:22:02.740 [ALFpaka] [WARNING] Log_spec ignored when pcen is set (extractSTFT:84)
2024-05-29 20:22:02.739 [ALFpaka] [WARNING] Log_spec ignored when pcen is set (extractSTFT:84)
2024-05-29 20:22:02.739 [ALFpaka] [WARNING] Log_spec ignored when pcen is set (extractSTFT:84)
2024-05-29 20:22:02.761 [ALFpaka] [WARNING] Log_spec ignored when pcen is set (extractSTFT:84)
2024-05-29 20:22:02.761 [ALFpaka] [WARNING] Log_spec ignored when pcen is set (extractSTFT:84)
2024-05-29 20:22:02.773 [ALFpaka] [WARNING] Log_spec ignored when pcen is set (extractSTFT:84)
2024-05-29 20:22:02.767 [ALFpaka] [WARNING] Log_spec ignored when pcen is set (extractSTFT:84)
2024-05-29 20:22:02.764 [ALFpaka] [WARNING] Log_spec ignored when pcen is set (extractSTFT:84)
2024-05-29 20:22:02.766 [ALFpaka] [WARNING] Log_spec ignored when pcen is set (extractSTFT:84)
2024-05-29 20:22:02.762 [ALFpaka] [WARNING] Log_spec ignored when pcen is set (extractSTFT:84)
2024-05-29 20:22:02.765 [ALFpaka] [WARNING] Log_spec ignored when pcen is set (extractSTFT:84)
2024-05-29 20:22:02.769 [ALFpaka] [WARNING] Log_spec ignored when pcen is set (extractSTFT:84)
2024-05-29 20:22:02.769 [ALFpaka] [WARNING] Log_spec ignored when pcen is set (extractSTFT:84)
2024-05-29 20:22:02.768 [ALFpaka] [WARNING] Log_spec ignored when pcen is set (extractSTFT:84)
2024-05-29 20:22:02.851 [ALFpaka] [WARNING] Log_spec ignored when pcen is set (extractSTFT:84)
2024-05-29 20:22:03.032 [ALFpaka] [WARNING] Log_spec ignored when pcen is set (extractSTFT:84)
2024-05-29 20:22:03.392 [ALFpaka] [WARNING] Log_spec ignored when pcen is set (extractSTFT:84)
2024-05-29 20:22:03.626 [ALFpaka] [WARNING] Log_spec ignored when pcen is set (extractSTFT:84)
2024-05-29 20:22:03.627 [ALFpaka] [WARNING] Log_spec ignored when pcen is set (extractSTFT:84)
2024-05-29 20:22:03.625 [ALFpaka] [WARNING] Log_spec ignored when pcen is set (extractSTFT:84)
2024-05-29 20:22:03.816 [ALFpaka] [WARNING] Log_spec ignored when pcen is set (extractSTFT:84)
2024-05-29 20:22:03.816 [ALFpaka] [WARNING] Log_spec ignored when pcen is set (extractSTFT:84)
2024-05-29 20:22:03.976 [ALFpaka] [WARNING] Log_spec ignored when pcen is set (extractSTFT:84)
2024-05-29 20:22:04.000 [ALFpaka] [WARNING] Log_spec ignored when pcen is set (extractSTFT:84)
2024-05-29 20:22:04.019 [ALFpaka] [WARNING] Log_spec ignored when pcen is set (extractSTFT:84)
2024-05-29 20:22:04.032 [ALFpaka] [WARNING] Log_spec ignored when pcen is set (extractSTFT:84)
2024-05-29 20:22:04.035 [ALFpaka] [WARNING] Log_spec ignored when pcen is set (extractSTFT:84)
2024-05-29 20:22:04.141 [ALFpaka] [WARNING] Log_spec ignored when pcen is set (extractSTFT:84)
2024-05-29 20:22:04.141 [ALFpaka] [WARNING] Log_spec ignored when pcen is set (extractSTFT:84)
2024-05-29 20:22:04.147 [ALFpaka] [WARNING] Log_spec ignored when pcen is set (extractSTFT:84)
2024-05-29 20:22:04.355 [ALFpaka] [WARNING] Log_spec ignored when pcen is set (extractSTFT:84)
2024-05-29 20:22:04.349 [ALFpaka] [WARNING] Log_spec ignored when pcen is set (extractSTFT:84)
2024-05-29 20:22:04.500 [ALFpaka] [WARNING] Log_spec ignored when pcen is set (extractSTFT:84)
2024-05-29 20:22:04.483 [ALFpaka] [WARNING] Log_spec ignored when pcen is set (extractSTFT:84)
2024-05-29 20:22:04.654 [ALFpaka] [WARNING] Log_spec ignored when pcen is set (extractSTFT:84)
2024-05-29 20:22:04.669 [ALFpaka] [WARNING] Log_spec ignored when pcen is set (extractSTFT:84)
2024-05-29 20:22:04.716 [ALFpaka] [WARNING] Log_spec ignored when pcen is set (extractSTFT:84)
2024-05-29 20:22:04.715 [ALFpaka] [WARNING] Log_spec ignored when pcen is set (extractSTFT:84)
2024-05-29 20:22:04.751 [ALFpaka] [WARNING] Log_spec ignored when pcen is set (extractSTFT:84)
2024-05-29 20:22:04.797 [ALFpaka] [WARNING] Log_spec ignored when pcen is set (extractSTFT:84)
2024-05-29 20:22:04.809 [ALFpaka] [WARNING] Log_spec ignored when pcen is set (extractSTFT:84)
2024-05-29 20:22:04.848 [ALFpaka] [WARNING] Log_spec ignored when pcen is set (extractSTFT:84)
2024-05-29 20:22:04.853 [ALFpaka] [WARNING] Log_spec ignored when pcen is set (extractSTFT:84)
2024-05-29 20:22:04.888 [ALFpaka] [WARNING] Log_spec ignored when pcen is set (extractSTFT:84)
2024-05-29 20:22:04.913 [ALFpaka] [WARNING] Log_spec ignored when pcen is set (extractSTFT:84)
2024-05-29 20:22:04.935 [ALFpaka] [WARNING] Log_spec ignored when pcen is set (extractSTFT:84)
2024-05-29 20:22:04.972 [ALFpaka] [WARNING] Log_spec ignored when pcen is set (extractSTFT:84)
2024-05-29 20:22:05.133 [ALFpaka] [WARNING] Log_spec ignored when pcen is set (extractSTFT:84)
2024-05-29 20:22:05.135 [ALFpaka] [WARNING] Log_spec ignored when pcen is set (extractSTFT:84)
2024-05-29 20:22:05.133 [ALFpaka] [WARNING] Log_spec ignored when pcen is set (extractSTFT:84)
2024-05-29 20:22:05.136 [ALFpaka] [WARNING] Log_spec ignored when pcen is set (extractSTFT:84)
2024-05-29 20:22:05.217 [ALFpaka] [WARNING] Log_spec ignored when pcen is set (extractSTFT:84)
2024-05-29 20:22:05.474 [ALFpaka] [WARNING] Log_spec ignored when pcen is set (extractSTFT:84)
2024-05-29 20:22:05.474 [ALFpaka] [WARNING] Log_spec ignored when pcen is set (extractSTFT:84)
2024-05-29 20:22:05.475 [ALFpaka] [WARNING] Log_spec ignored when pcen is set (extractSTFT:84)
2024-05-29 20:22:05.477 [ALFpaka] [WARNING] Log_spec ignored when pcen is set (extractSTFT:84)
2024-05-29 20:22:05.918 [ALFpaka] [WARNING] Log_spec ignored when pcen is set (extractSTFT:84)
2024-05-29 20:22:05.917 [ALFpaka] [WARNING] Log_spec ignored when pcen is set (extractSTFT:84)
2024-05-29 20:22:05.923 [ALFpaka] [WARNING] Log_spec ignored when pcen is set (extractSTFT:84)
2024-05-29 20:22:05.922 [ALFpaka] [WARNING] Log_spec ignored when pcen is set (extractSTFT:84)
2024-05-29 20:22:05.945 [ALFpaka] [WARNING] Log_spec ignored when pcen is set (extractSTFT:84)
2024-05-29 20:22:05.926 [ALFpaka] [WARNING] Log_spec ignored when pcen is set (extractSTFT:84)
2024-05-29 20:22:05.928 [ALFpaka] [WARNING] Log_spec ignored when pcen is set (extractSTFT:84)
2024-05-29 20:22:05.961 [ALFpaka] [WARNING] Log_spec ignored when pcen is set (extractSTFT:84)
2024-05-29 20:22:05.924 [ALFpaka] [WARNING] Log_spec ignored when pcen is set (extractSTFT:84)
2024-05-29 20:22:05.971 [ALFpaka] [WARNING] Log_spec ignored when pcen is set (extractSTFT:84)
2024-05-29 20:22:05.922 [ALFpaka] [WARNING] Log_spec ignored when pcen is set (extractSTFT:84)
2024-05-29 20:22:05.979 [ALFpaka] [WARNING] Log_spec ignored when pcen is set (extractSTFT:84)
2024-05-29 20:22:06.025 [ALFpaka] [WARNING] Log_spec ignored when pcen is set (extractSTFT:84)
2024-05-29 20:22:06.024 [ALFpaka] [WARNING] Log_spec ignored when pcen is set (extractSTFT:84)
2024-05-29 20:22:06.510 [ALFpaka] [WARNING] Log_spec ignored when pcen is set (extractSTFT:84)
2024-05-29 20:22:06.576 [ALFpaka] [WARNING] Log_spec ignored when pcen is set (extractSTFT:84)
2024-05-29 20:22:06.652 [ALFpaka] [WARNING] Log_spec ignored when pcen is set (extractSTFT:84)
2024-05-29 20:22:06.659 [ALFpaka] [WARNING] Audio normalization: Silent file with amplitude of 0. (normalize_audio:359)
2024-05-29 20:22:06.941 [ALFpaka] [WARNING] Log_spec ignored when pcen is set (extractSTFT:84)
2024-05-29 20:22:06.947 [ALFpaka] [WARNING] Log_spec ignored when pcen is set (extractSTFT:84)
2024-05-29 20:22:06.951 [ALFpaka] [WARNING] Audio normalization: Silent file with amplitude of 0. (normalize_audio:359)
2024-05-29 20:22:06.955 [ALFpaka] [WARNING] Audio normalization: Silent file with amplitude of 0. (normalize_audio:359)
2024-05-29 20:22:07.346 [ALFpaka] [WARNING] Log_spec ignored when pcen is set (extractSTFT:84)
2024-05-29 20:22:07.346 [ALFpaka] [WARNING] Log_spec ignored when pcen is set (extractSTFT:84)
2024-05-29 20:22:07.353 [ALFpaka] [WARNING] Log_spec ignored when pcen is set (extractSTFT:84)
2024-05-29 20:22:07.359 [ALFpaka] [WARNING] Log_spec ignored when pcen is set (extractSTFT:84)
2024-05-29 20:22:07.352 [ALFpaka] [WARNING] Log_spec ignored when pcen is set (extractSTFT:84)
2024-05-29 20:22:07.413 [ALFpaka] [WARNING] Log_spec ignored when pcen is set (extractSTFT:84)
2024-05-29 20:22:07.434 [ALFpaka] [WARNING] Audio normalization: Silent file with amplitude of 0. (normalize_audio:359)
2024-05-29 20:22:07.459 [ALFpaka] [WARNING] Log_spec ignored when pcen is set (extractSTFT:84)
2024-05-29 20:22:07.476 [ALFpaka] [WARNING] Log_spec ignored when pcen is set (extractSTFT:84)
2024-05-29 20:22:07.480 [ALFpaka] [WARNING] Log_spec ignored when pcen is set (extractSTFT:84)
2024-05-29 20:22:07.355 [ALFpaka] [WARNING] Log_spec ignored when pcen is set (extractSTFT:84)
2024-05-29 20:22:07.355 [ALFpaka] [WARNING] Log_spec ignored when pcen is set (extractSTFT:84)
2024-05-29 20:22:07.361 [ALFpaka] [WARNING] Log_spec ignored when pcen is set (extractSTFT:84)
2024-05-29 20:22:07.460 [ALFpaka] [WARNING] Log_spec ignored when pcen is set (extractSTFT:84)
2024-05-29 20:22:07.354 [ALFpaka] [WARNING] Log_spec ignored when pcen is set (extractSTFT:84)
2024-05-29 20:22:07.736 [ALFpaka] [WARNING] Log_spec ignored when pcen is set (extractSTFT:84)
2024-05-29 20:22:09.834 [ALFpaka] [INFO] Extracting features for class police with id 2 (extractAndAddFeaturesToDataset:69)
2024-05-29 20:22:11.363 [ALFpaka] [WARNING] Log_spec ignored when pcen is set (extractSTFT:84)
2024-05-29 20:22:11.363 [ALFpaka] [WARNING] Log_spec ignored when pcen is set (extractSTFT:84)
2024-05-29 20:22:11.364 [ALFpaka] [WARNING] Log_spec ignored when pcen is set (extractSTFT:84)
2024-05-29 20:22:11.363 [ALFpaka] [WARNING] Log_spec ignored when pcen is set (extractSTFT:84)
2024-05-29 20:22:11.364 [ALFpaka] [WARNING] Log_spec ignored when pcen is set (extractSTFT:84)
2024-05-29 20:22:11.364 [ALFpaka] [WARNING] Log_spec ignored when pcen is set (extractSTFT:84)
2024-05-29 20:22:11.364 [ALFpaka] [WARNING] Log_spec ignored when pcen is set (extractSTFT:84)
2024-05-29 20:22:11.364 [ALFpaka] [WARNING] Log_spec ignored when pcen is set (extractSTFT:84)
2024-05-29 20:22:11.364 [ALFpaka] [WARNING] Log_spec ignored when pcen is set (extractSTFT:84)
2024-05-29 20:22:11.364 [ALFpaka] [WARNING] Log_spec ignored when pcen is set (extractSTFT:84)
2024-05-29 20:22:11.365 [ALFpaka] [WARNING] Log_spec ignored when pcen is set (extractSTFT:84)
2024-05-29 20:22:11.365 [ALFpaka] [WARNING] Log_spec ignored when pcen is set (extractSTFT:84)
2024-05-29 20:22:11.365 [ALFpaka] [WARNING] Log_spec ignored when pcen is set (extractSTFT:84)
2024-05-29 20:22:11.365 [ALFpaka] [WARNING] Log_spec ignored when pcen is set (extractSTFT:84)
2024-05-29 20:22:11.365 [ALFpaka] [WARNING] Log_spec ignored when pcen is set (extractSTFT:84)
2024-05-29 20:22:11.365 [ALFpaka] [WARNING] Log_spec ignored when pcen is set (extractSTFT:84)
2024-05-29 20:22:11.366 [ALFpaka] [WARNING] Log_spec ignored when pcen is set (extractSTFT:84)
2024-05-29 20:22:11.366 [ALFpaka] [WARNING] Log_spec ignored when pcen is set (extractSTFT:84)
2024-05-29 20:22:11.366 [ALFpaka] [WARNING] Log_spec ignored when pcen is set (extractSTFT:84)
2024-05-29 20:22:11.366 [ALFpaka] [WARNING] Log_spec ignored when pcen is set (extractSTFT:84)
2024-05-29 20:22:11.366 [ALFpaka] [WARNING] Log_spec ignored when pcen is set (extractSTFT:84)
2024-05-29 20:22:11.366 [ALFpaka] [WARNING] Log_spec ignored when pcen is set (extractSTFT:84)
2024-05-29 20:22:11.366 [ALFpaka] [WARNING] Log_spec ignored when pcen is set (extractSTFT:84)
2024-05-29 20:22:11.366 [ALFpaka] [WARNING] Log_spec ignored when pcen is set (extractSTFT:84)
2024-05-29 20:22:11.367 [ALFpaka] [WARNING] Log_spec ignored when pcen is set (extractSTFT:84)
2024-05-29 20:22:11.367 [ALFpaka] [WARNING] Log_spec ignored when pcen is set (extractSTFT:84)
2024-05-29 20:22:11.367 [ALFpaka] [WARNING] Log_spec ignored when pcen is set (extractSTFT:84)
2024-05-29 20:22:11.367 [ALFpaka] [WARNING] Log_spec ignored when pcen is set (extractSTFT:84)
2024-05-29 20:22:11.367 [ALFpaka] [WARNING] Log_spec ignored when pcen is set (extractSTFT:84)
2024-05-29 20:22:11.367 [ALFpaka] [WARNING] Log_spec ignored when pcen is set (extractSTFT:84)
2024-05-29 20:22:11.368 [ALFpaka] [WARNING] Log_spec ignored when pcen is set (extractSTFT:84)
2024-05-29 20:22:11.368 [ALFpaka] [WARNING] Log_spec ignored when pcen is set (extractSTFT:84)
2024-05-29 20:22:11.368 [ALFpaka] [WARNING] Log_spec ignored when pcen is set (extractSTFT:84)
2024-05-29 20:22:11.368 [ALFpaka] [WARNING] Log_spec ignored when pcen is set (extractSTFT:84)
2024-05-29 20:22:11.368 [ALFpaka] [WARNING] Log_spec ignored when pcen is set (extractSTFT:84)
2024-05-29 20:22:11.368 [ALFpaka] [WARNING] Log_spec ignored when pcen is set (extractSTFT:84)
2024-05-29 20:22:11.368 [ALFpaka] [WARNING] Log_spec ignored when pcen is set (extractSTFT:84)
2024-05-29 20:22:11.369 [ALFpaka] [WARNING] Log_spec ignored when pcen is set (extractSTFT:84)
2024-05-29 20:22:11.369 [ALFpaka] [WARNING] Log_spec ignored when pcen is set (extractSTFT:84)
2024-05-29 20:22:11.369 [ALFpaka] [WARNING] Log_spec ignored when pcen is set (extractSTFT:84)
2024-05-29 20:22:11.369 [ALFpaka] [WARNING] Log_spec ignored when pcen is set (extractSTFT:84)
2024-05-29 20:22:11.369 [ALFpaka] [WARNING] Log_spec ignored when pcen is set (extractSTFT:84)
2024-05-29 20:22:11.369 [ALFpaka] [WARNING] Log_spec ignored when pcen is set (extractSTFT:84)
2024-05-29 20:22:11.369 [ALFpaka] [WARNING] Log_spec ignored when pcen is set (extractSTFT:84)
2024-05-29 20:22:11.370 [ALFpaka] [WARNING] Log_spec ignored when pcen is set (extractSTFT:84)
2024-05-29 20:22:11.370 [ALFpaka] [WARNING] Log_spec ignored when pcen is set (extractSTFT:84)
2024-05-29 20:22:11.370 [ALFpaka] [WARNING] Log_spec ignored when pcen is set (extractSTFT:84)
2024-05-29 20:22:11.370 [ALFpaka] [WARNING] Log_spec ignored when pcen is set (extractSTFT:84)
2024-05-29 20:22:12.791 [ALFpaka] [WARNING] Log_spec ignored when pcen is set (extractSTFT:84)
2024-05-29 20:22:12.816 [ALFpaka] [WARNING] Log_spec ignored when pcen is set (extractSTFT:84)
2024-05-29 20:22:12.833 [ALFpaka] [WARNING] Log_spec ignored when pcen is set (extractSTFT:84)
2024-05-29 20:22:12.831 [ALFpaka] [WARNING] Log_spec ignored when pcen is set (extractSTFT:84)
2024-05-29 20:22:12.842 [ALFpaka] [WARNING] Log_spec ignored when pcen is set (extractSTFT:84)
2024-05-29 20:22:12.841 [ALFpaka] [WARNING] Log_spec ignored when pcen is set (extractSTFT:84)
2024-05-29 20:22:12.830 [ALFpaka] [WARNING] Log_spec ignored when pcen is set (extractSTFT:84)
2024-05-29 20:22:12.883 [ALFpaka] [WARNING] Log_spec ignored when pcen is set (extractSTFT:84)
2024-05-29 20:22:12.883 [ALFpaka] [WARNING] Log_spec ignored when pcen is set (extractSTFT:84)
2024-05-29 20:22:12.885 [ALFpaka] [WARNING] Log_spec ignored when pcen is set (extractSTFT:84)
2024-05-29 20:22:12.887 [ALFpaka] [WARNING] Log_spec ignored when pcen is set (extractSTFT:84)
2024-05-29 20:22:12.886 [ALFpaka] [WARNING] Log_spec ignored when pcen is set (extractSTFT:84)
2024-05-29 20:22:12.915 [ALFpaka] [WARNING] Log_spec ignored when pcen is set (extractSTFT:84)
2024-05-29 20:22:12.912 [ALFpaka] [WARNING] Log_spec ignored when pcen is set (extractSTFT:84)
2024-05-29 20:22:12.967 [ALFpaka] [WARNING] Log_spec ignored when pcen is set (extractSTFT:84)
2024-05-29 20:22:12.968 [ALFpaka] [WARNING] Log_spec ignored when pcen is set (extractSTFT:84)
2024-05-29 20:22:12.970 [ALFpaka] [WARNING] Log_spec ignored when pcen is set (extractSTFT:84)
2024-05-29 20:22:12.966 [ALFpaka] [WARNING] Log_spec ignored when pcen is set (extractSTFT:84)
2024-05-29 20:22:13.002 [ALFpaka] [WARNING] Log_spec ignored when pcen is set (extractSTFT:84)
2024-05-29 20:22:13.009 [ALFpaka] [WARNING] Log_spec ignored when pcen is set (extractSTFT:84)
2024-05-29 20:22:13.010 [ALFpaka] [WARNING] Log_spec ignored when pcen is set (extractSTFT:84)
2024-05-29 20:22:13.009 [ALFpaka] [WARNING] Log_spec ignored when pcen is set (extractSTFT:84)
2024-05-29 20:22:13.057 [ALFpaka] [WARNING] Log_spec ignored when pcen is set (extractSTFT:84)
2024-05-29 20:22:13.070 [ALFpaka] [WARNING] Log_spec ignored when pcen is set (extractSTFT:84)
2024-05-29 20:22:13.079 [ALFpaka] [WARNING] Log_spec ignored when pcen is set (extractSTFT:84)
2024-05-29 20:22:13.087 [ALFpaka] [WARNING] Log_spec ignored when pcen is set (extractSTFT:84)
2024-05-29 20:22:13.247 [ALFpaka] [WARNING] Log_spec ignored when pcen is set (extractSTFT:84)
2024-05-29 20:22:13.872 [ALFpaka] [WARNING] Log_spec ignored when pcen is set (extractSTFT:84)
2024-05-29 20:22:13.944 [ALFpaka] [WARNING] Log_spec ignored when pcen is set (extractSTFT:84)
2024-05-29 20:22:14.076 [ALFpaka] [WARNING] Log_spec ignored when pcen is set (extractSTFT:84)
2024-05-29 20:22:14.077 [ALFpaka] [WARNING] Log_spec ignored when pcen is set (extractSTFT:84)
2024-05-29 20:22:14.130 [ALFpaka] [WARNING] Log_spec ignored when pcen is set (extractSTFT:84)
2024-05-29 20:22:14.252 [ALFpaka] [WARNING] Log_spec ignored when pcen is set (extractSTFT:84)
2024-05-29 20:22:14.137 [ALFpaka] [WARNING] Log_spec ignored when pcen is set (extractSTFT:84)
2024-05-29 20:22:14.133 [ALFpaka] [WARNING] Log_spec ignored when pcen is set (extractSTFT:84)
2024-05-29 20:22:14.132 [ALFpaka] [WARNING] Log_spec ignored when pcen is set (extractSTFT:84)
2024-05-29 20:22:14.131 [ALFpaka] [WARNING] Log_spec ignored when pcen is set (extractSTFT:84)
2024-05-29 20:22:14.350 [ALFpaka] [WARNING] Log_spec ignored when pcen is set (extractSTFT:84)
2024-05-29 20:22:14.558 [ALFpaka] [WARNING] Log_spec ignored when pcen is set (extractSTFT:84)
2024-05-29 20:22:14.632 [ALFpaka] [WARNING] Log_spec ignored when pcen is set (extractSTFT:84)
2024-05-29 20:22:14.655 [ALFpaka] [WARNING] Log_spec ignored when pcen is set (extractSTFT:84)
2024-05-29 20:22:14.766 [ALFpaka] [WARNING] Log_spec ignored when pcen is set (extractSTFT:84)
2024-05-29 20:22:14.853 [ALFpaka] [WARNING] Log_spec ignored when pcen is set (extractSTFT:84)
2024-05-29 20:22:14.853 [ALFpaka] [WARNING] Log_spec ignored when pcen is set (extractSTFT:84)
2024-05-29 20:22:14.864 [ALFpaka] [WARNING] Log_spec ignored when pcen is set (extractSTFT:84)
2024-05-29 20:22:14.904 [ALFpaka] [WARNING] Log_spec ignored when pcen is set (extractSTFT:84)
2024-05-29 20:22:14.922 [ALFpaka] [WARNING] Log_spec ignored when pcen is set (extractSTFT:84)
2024-05-29 20:22:14.930 [ALFpaka] [WARNING] Log_spec ignored when pcen is set (extractSTFT:84)
2024-05-29 20:22:15.034 [ALFpaka] [WARNING] Log_spec ignored when pcen is set (extractSTFT:84)
2024-05-29 20:22:15.241 [ALFpaka] [WARNING] Log_spec ignored when pcen is set (extractSTFT:84)
2024-05-29 20:22:15.280 [ALFpaka] [WARNING] Log_spec ignored when pcen is set (extractSTFT:84)
2024-05-29 20:22:15.281 [ALFpaka] [WARNING] Log_spec ignored when pcen is set (extractSTFT:84)
2024-05-29 20:22:15.280 [ALFpaka] [WARNING] Log_spec ignored when pcen is set (extractSTFT:84)
2024-05-29 20:22:15.282 [ALFpaka] [WARNING] Log_spec ignored when pcen is set (extractSTFT:84)
2024-05-29 20:22:15.782 [ALFpaka] [WARNING] Log_spec ignored when pcen is set (extractSTFT:84)
2024-05-29 20:22:15.790 [ALFpaka] [WARNING] Log_spec ignored when pcen is set (extractSTFT:84)
2024-05-29 20:22:15.793 [ALFpaka] [WARNING] Log_spec ignored when pcen is set (extractSTFT:84)
2024-05-29 20:22:15.792 [ALFpaka] [WARNING] Log_spec ignored when pcen is set (extractSTFT:84)
2024-05-29 20:22:15.808 [ALFpaka] [WARNING] Log_spec ignored when pcen is set (extractSTFT:84)
2024-05-29 20:22:15.865 [ALFpaka] [WARNING] Log_spec ignored when pcen is set (extractSTFT:84)
2024-05-29 20:22:15.934 [ALFpaka] [WARNING] Log_spec ignored when pcen is set (extractSTFT:84)
2024-05-29 20:22:15.950 [ALFpaka] [WARNING] Log_spec ignored when pcen is set (extractSTFT:84)
2024-05-29 20:22:15.959 [ALFpaka] [WARNING] Log_spec ignored when pcen is set (extractSTFT:84)
2024-05-29 20:22:16.007 [ALFpaka] [WARNING] Log_spec ignored when pcen is set (extractSTFT:84)
2024-05-29 20:22:16.121 [ALFpaka] [WARNING] Log_spec ignored when pcen is set (extractSTFT:84)
2024-05-29 20:22:16.125 [ALFpaka] [WARNING] Log_spec ignored when pcen is set (extractSTFT:84)
2024-05-29 20:22:16.267 [ALFpaka] [WARNING] Log_spec ignored when pcen is set (extractSTFT:84)
2024-05-29 20:22:16.274 [ALFpaka] [WARNING] Log_spec ignored when pcen is set (extractSTFT:84)
2024-05-29 20:22:16.275 [ALFpaka] [WARNING] Log_spec ignored when pcen is set (extractSTFT:84)
2024-05-29 20:22:16.273 [ALFpaka] [WARNING] Log_spec ignored when pcen is set (extractSTFT:84)
2024-05-29 20:22:16.313 [ALFpaka] [WARNING] Log_spec ignored when pcen is set (extractSTFT:84)
2024-05-29 20:22:16.431 [ALFpaka] [WARNING] Log_spec ignored when pcen is set (extractSTFT:84)
2024-05-29 20:22:16.430 [ALFpaka] [WARNING] Log_spec ignored when pcen is set (extractSTFT:84)
2024-05-29 20:22:16.429 [ALFpaka] [WARNING] Log_spec ignored when pcen is set (extractSTFT:84)
2024-05-29 20:22:16.819 [ALFpaka] [WARNING] Log_spec ignored when pcen is set (extractSTFT:84)
2024-05-29 20:22:16.821 [ALFpaka] [WARNING] Log_spec ignored when pcen is set (extractSTFT:84)
2024-05-29 20:22:16.819 [ALFpaka] [WARNING] Log_spec ignored when pcen is set (extractSTFT:84)
2024-05-29 20:22:16.822 [ALFpaka] [WARNING] Log_spec ignored when pcen is set (extractSTFT:84)
2024-05-29 20:22:16.847 [ALFpaka] [WARNING] Log_spec ignored when pcen is set (extractSTFT:84)
2024-05-29 20:22:16.906 [ALFpaka] [WARNING] Log_spec ignored when pcen is set (extractSTFT:84)
2024-05-29 20:22:16.913 [ALFpaka] [WARNING] Log_spec ignored when pcen is set (extractSTFT:84)
2024-05-29 20:22:16.912 [ALFpaka] [WARNING] Log_spec ignored when pcen is set (extractSTFT:84)
2024-05-29 20:22:17.103 [ALFpaka] [WARNING] Log_spec ignored when pcen is set (extractSTFT:84)
2024-05-29 20:22:17.219 [ALFpaka] [WARNING] Log_spec ignored when pcen is set (extractSTFT:84)
2024-05-29 20:22:17.219 [ALFpaka] [WARNING] Log_spec ignored when pcen is set (extractSTFT:84)
2024-05-29 20:22:17.235 [ALFpaka] [WARNING] Log_spec ignored when pcen is set (extractSTFT:84)
2024-05-29 20:22:17.248 [ALFpaka] [WARNING] Log_spec ignored when pcen is set (extractSTFT:84)
2024-05-29 20:22:17.307 [ALFpaka] [WARNING] Log_spec ignored when pcen is set (extractSTFT:84)
2024-05-29 20:22:17.331 [ALFpaka] [WARNING] Log_spec ignored when pcen is set (extractSTFT:84)
2024-05-29 20:22:17.330 [ALFpaka] [WARNING] Log_spec ignored when pcen is set (extractSTFT:84)
2024-05-29 20:22:17.354 [ALFpaka] [WARNING] Log_spec ignored when pcen is set (extractSTFT:84)
2024-05-29 20:22:17.358 [ALFpaka] [WARNING] Log_spec ignored when pcen is set (extractSTFT:84)
2024-05-29 20:22:17.357 [ALFpaka] [WARNING] Log_spec ignored when pcen is set (extractSTFT:84)
2024-05-29 20:22:17.992 [ALFpaka] [WARNING] Log_spec ignored when pcen is set (extractSTFT:84)
2024-05-29 20:22:17.935 [ALFpaka] [WARNING] Log_spec ignored when pcen is set (extractSTFT:84)
2024-05-29 20:22:17.975 [ALFpaka] [WARNING] Log_spec ignored when pcen is set (extractSTFT:84)
2024-05-29 20:22:17.936 [ALFpaka] [WARNING] Log_spec ignored when pcen is set (extractSTFT:84)
2024-05-29 20:22:18.654 [ALFpaka] [WARNING] Log_spec ignored when pcen is set (extractSTFT:84)
2024-05-29 20:22:18.654 [ALFpaka] [WARNING] Log_spec ignored when pcen is set (extractSTFT:84)
2024-05-29 20:22:18.681 [ALFpaka] [WARNING] Log_spec ignored when pcen is set (extractSTFT:84)
2024-05-29 20:22:18.720 [ALFpaka] [WARNING] Log_spec ignored when pcen is set (extractSTFT:84)
2024-05-29 20:22:18.720 [ALFpaka] [WARNING] Log_spec ignored when pcen is set (extractSTFT:84)
2024-05-29 20:22:18.723 [ALFpaka] [WARNING] Log_spec ignored when pcen is set (extractSTFT:84)
2024-05-29 20:22:18.722 [ALFpaka] [WARNING] Log_spec ignored when pcen is set (extractSTFT:84)
2024-05-29 20:22:18.721 [ALFpaka] [WARNING] Log_spec ignored when pcen is set (extractSTFT:84)
2024-05-29 20:22:18.864 [ALFpaka] [WARNING] Log_spec ignored when pcen is set (extractSTFT:84)
2024-05-29 20:22:18.865 [ALFpaka] [WARNING] Log_spec ignored when pcen is set (extractSTFT:84)
2024-05-29 20:22:18.864 [ALFpaka] [WARNING] Log_spec ignored when pcen is set (extractSTFT:84)
2024-05-29 20:22:18.879 [ALFpaka] [WARNING] Log_spec ignored when pcen is set (extractSTFT:84)
2024-05-29 20:22:18.883 [ALFpaka] [WARNING] Log_spec ignored when pcen is set (extractSTFT:84)
2024-05-29 20:22:18.870 [ALFpaka] [WARNING] Log_spec ignored when pcen is set (extractSTFT:84)
2024-05-29 20:22:18.869 [ALFpaka] [WARNING] Log_spec ignored when pcen is set (extractSTFT:84)
2024-05-29 20:22:18.883 [ALFpaka] [WARNING] Log_spec ignored when pcen is set (extractSTFT:84)
2024-05-29 20:22:19.211 [ALFpaka] [WARNING] Log_spec ignored when pcen is set (extractSTFT:84)
2024-05-29 20:22:19.215 [ALFpaka] [WARNING] Log_spec ignored when pcen is set (extractSTFT:84)
2024-05-29 20:22:19.229 [ALFpaka] [WARNING] Log_spec ignored when pcen is set (extractSTFT:84)
2024-05-29 20:22:19.231 [ALFpaka] [WARNING] Log_spec ignored when pcen is set (extractSTFT:84)
2024-05-29 20:22:19.260 [ALFpaka] [WARNING] Log_spec ignored when pcen is set (extractSTFT:84)
2024-05-29 20:22:19.268 [ALFpaka] [WARNING] Log_spec ignored when pcen is set (extractSTFT:84)
2024-05-29 20:22:19.267 [ALFpaka] [WARNING] Log_spec ignored when pcen is set (extractSTFT:84)
2024-05-29 20:22:19.266 [ALFpaka] [WARNING] Log_spec ignored when pcen is set (extractSTFT:84)
2024-05-29 20:22:19.265 [ALFpaka] [WARNING] Log_spec ignored when pcen is set (extractSTFT:84)
2024-05-29 20:22:19.368 [ALFpaka] [WARNING] Log_spec ignored when pcen is set (extractSTFT:84)
2024-05-29 20:22:19.411 [ALFpaka] [WARNING] Log_spec ignored when pcen is set (extractSTFT:84)
2024-05-29 20:22:19.410 [ALFpaka] [WARNING] Log_spec ignored when pcen is set (extractSTFT:84)
2024-05-29 20:22:19.634 [ALFpaka] [WARNING] Log_spec ignored when pcen is set (extractSTFT:84)
2024-05-29 20:22:19.724 [ALFpaka] [WARNING] Log_spec ignored when pcen is set (extractSTFT:84)
2024-05-29 20:22:19.771 [ALFpaka] [WARNING] Log_spec ignored when pcen is set (extractSTFT:84)
2024-05-29 20:22:19.992 [ALFpaka] [WARNING] Log_spec ignored when pcen is set (extractSTFT:84)
2024-05-29 20:22:20.434 [ALFpaka] [WARNING] Log_spec ignored when pcen is set (extractSTFT:84)
2024-05-29 20:22:20.434 [ALFpaka] [WARNING] Log_spec ignored when pcen is set (extractSTFT:84)
2024-05-29 20:22:20.437 [ALFpaka] [WARNING] Log_spec ignored when pcen is set (extractSTFT:84)
2024-05-29 20:22:20.441 [ALFpaka] [WARNING] Log_spec ignored when pcen is set (extractSTFT:84)
2024-05-29 20:22:20.438 [ALFpaka] [WARNING] Log_spec ignored when pcen is set (extractSTFT:84)
2024-05-29 20:22:20.441 [ALFpaka] [WARNING] Log_spec ignored when pcen is set (extractSTFT:84)
2024-05-29 20:22:20.436 [ALFpaka] [WARNING] Log_spec ignored when pcen is set (extractSTFT:84)
2024-05-29 20:22:20.440 [ALFpaka] [WARNING] Log_spec ignored when pcen is set (extractSTFT:84)
2024-05-29 20:22:20.435 [ALFpaka] [WARNING] Log_spec ignored when pcen is set (extractSTFT:84)
2024-05-29 20:22:20.438 [ALFpaka] [WARNING] Log_spec ignored when pcen is set (extractSTFT:84)
2024-05-29 20:22:20.680 [ALFpaka] [WARNING] Log_spec ignored when pcen is set (extractSTFT:84)
2024-05-29 20:22:20.683 [ALFpaka] [WARNING] Log_spec ignored when pcen is set (extractSTFT:84)
2024-05-29 20:22:20.852 [ALFpaka] [WARNING] Log_spec ignored when pcen is set (extractSTFT:84)
2024-05-29 20:22:20.852 [ALFpaka] [WARNING] Log_spec ignored when pcen is set (extractSTFT:84)
2024-05-29 20:22:20.839 [ALFpaka] [WARNING] Log_spec ignored when pcen is set (extractSTFT:84)
2024-05-29 20:22:20.840 [ALFpaka] [WARNING] Log_spec ignored when pcen is set (extractSTFT:84)
2024-05-29 20:22:20.842 [ALFpaka] [WARNING] Log_spec ignored when pcen is set (extractSTFT:84)
2024-05-29 20:22:20.839 [ALFpaka] [WARNING] Log_spec ignored when pcen is set (extractSTFT:84)
2024-05-29 20:22:21.171 [ALFpaka] [WARNING] Log_spec ignored when pcen is set (extractSTFT:84)
2024-05-29 20:22:23.241 [ALFpaka] [INFO] Extracting features for class ambulance with id 0 (extractAndAddFeaturesToDataset:69)
2024-05-29 20:22:24.927 [ALFpaka] [WARNING] Log_spec ignored when pcen is set (extractSTFT:84)
2024-05-29 20:22:24.927 [ALFpaka] [WARNING] Log_spec ignored when pcen is set (extractSTFT:84)
2024-05-29 20:22:24.928 [ALFpaka] [WARNING] Log_spec ignored when pcen is set (extractSTFT:84)
2024-05-29 20:22:24.928 [ALFpaka] [WARNING] Log_spec ignored when pcen is set (extractSTFT:84)
2024-05-29 20:22:24.928 [ALFpaka] [WARNING] Log_spec ignored when pcen is set (extractSTFT:84)
2024-05-29 20:22:24.928 [ALFpaka] [WARNING] Log_spec ignored when pcen is set (extractSTFT:84)
2024-05-29 20:22:24.928 [ALFpaka] [WARNING] Log_spec ignored when pcen is set (extractSTFT:84)
2024-05-29 20:22:24.928 [ALFpaka] [WARNING] Log_spec ignored when pcen is set (extractSTFT:84)
2024-05-29 20:22:24.929 [ALFpaka] [WARNING] Log_spec ignored when pcen is set (extractSTFT:84)
2024-05-29 20:22:24.929 [ALFpaka] [WARNING] Log_spec ignored when pcen is set (extractSTFT:84)
2024-05-29 20:22:24.929 [ALFpaka] [WARNING] Log_spec ignored when pcen is set (extractSTFT:84)
2024-05-29 20:22:24.929 [ALFpaka] [WARNING] Log_spec ignored when pcen is set (extractSTFT:84)
2024-05-29 20:22:24.929 [ALFpaka] [WARNING] Log_spec ignored when pcen is set (extractSTFT:84)
2024-05-29 20:22:24.930 [ALFpaka] [WARNING] Log_spec ignored when pcen is set (extractSTFT:84)
2024-05-29 20:22:24.929 [ALFpaka] [WARNING] Log_spec ignored when pcen is set (extractSTFT:84)
2024-05-29 20:22:24.930 [ALFpaka] [WARNING] Log_spec ignored when pcen is set (extractSTFT:84)
2024-05-29 20:22:24.930 [ALFpaka] [WARNING] Log_spec ignored when pcen is set (extractSTFT:84)
2024-05-29 20:22:24.930 [ALFpaka] [WARNING] Log_spec ignored when pcen is set (extractSTFT:84)
2024-05-29 20:22:24.930 [ALFpaka] [WARNING] Log_spec ignored when pcen is set (extractSTFT:84)
2024-05-29 20:22:24.930 [ALFpaka] [WARNING] Log_spec ignored when pcen is set (extractSTFT:84)
2024-05-29 20:22:24.930 [ALFpaka] [WARNING] Log_spec ignored when pcen is set (extractSTFT:84)
2024-05-29 20:22:24.931 [ALFpaka] [WARNING] Log_spec ignored when pcen is set (extractSTFT:84)
2024-05-29 20:22:24.931 [ALFpaka] [WARNING] Log_spec ignored when pcen is set (extractSTFT:84)
2024-05-29 20:22:24.931 [ALFpaka] [WARNING] Log_spec ignored when pcen is set (extractSTFT:84)
2024-05-29 20:22:24.931 [ALFpaka] [WARNING] Log_spec ignored when pcen is set (extractSTFT:84)
2024-05-29 20:22:24.931 [ALFpaka] [WARNING] Log_spec ignored when pcen is set (extractSTFT:84)
2024-05-29 20:22:24.932 [ALFpaka] [WARNING] Log_spec ignored when pcen is set (extractSTFT:84)
2024-05-29 20:22:24.931 [ALFpaka] [WARNING] Log_spec ignored when pcen is set (extractSTFT:84)
2024-05-29 20:22:24.932 [ALFpaka] [WARNING] Log_spec ignored when pcen is set (extractSTFT:84)
2024-05-29 20:22:24.932 [ALFpaka] [WARNING] Log_spec ignored when pcen is set (extractSTFT:84)
2024-05-29 20:22:24.932 [ALFpaka] [WARNING] Log_spec ignored when pcen is set (extractSTFT:84)
2024-05-29 20:22:24.932 [ALFpaka] [WARNING] Log_spec ignored when pcen is set (extractSTFT:84)
2024-05-29 20:22:24.933 [ALFpaka] [WARNING] Log_spec ignored when pcen is set (extractSTFT:84)
2024-05-29 20:22:24.932 [ALFpaka] [WARNING] Log_spec ignored when pcen is set (extractSTFT:84)
2024-05-29 20:22:24.933 [ALFpaka] [WARNING] Log_spec ignored when pcen is set (extractSTFT:84)
2024-05-29 20:22:24.933 [ALFpaka] [WARNING] Log_spec ignored when pcen is set (extractSTFT:84)
2024-05-29 20:22:24.933 [ALFpaka] [WARNING] Log_spec ignored when pcen is set (extractSTFT:84)
2024-05-29 20:22:24.933 [ALFpaka] [WARNING] Log_spec ignored when pcen is set (extractSTFT:84)
2024-05-29 20:22:24.933 [ALFpaka] [WARNING] Log_spec ignored when pcen is set (extractSTFT:84)
2024-05-29 20:37:40.533 [ALFpaka] [INFO] Extracting features for class firefighter with id 1 (extractAndAddFeaturesToDataset:69)
2024-05-29 20:37:42.224 [ALFpaka] [WARNING] Log_spec ignored when pcen is set (extractSTFT:84)
2024-05-29 20:37:42.224 [ALFpaka] [WARNING] Log_spec ignored when pcen is set (extractSTFT:84)
2024-05-29 20:37:42.226 [ALFpaka] [WARNING] Log_spec ignored when pcen is set (extractSTFT:84)
2024-05-29 20:37:42.224 [ALFpaka] [WARNING] Log_spec ignored when pcen is set (extractSTFT:84)
2024-05-29 20:37:42.224 [ALFpaka] [WARNING] Log_spec ignored when pcen is set (extractSTFT:84)
2024-05-29 20:37:42.224 [ALFpaka] [WARNING] Log_spec ignored when pcen is set (extractSTFT:84)
2024-05-29 20:37:42.224 [ALFpaka] [WARNING] Log_spec ignored when pcen is set (extractSTFT:84)
2024-05-29 20:37:42.224 [ALFpaka] [WARNING] Log_spec ignored when pcen is set (extractSTFT:84)
2024-05-29 20:37:42.226 [ALFpaka] [WARNING] Log_spec ignored when pcen is set (extractSTFT:84)
2024-05-29 20:37:42.225 [ALFpaka] [WARNING] Log_spec ignored when pcen is set (extractSTFT:84)
2024-05-29 20:37:42.224 [ALFpaka] [WARNING] Log_spec ignored when pcen is set (extractSTFT:84)
2024-05-29 20:37:42.227 [ALFpaka] [WARNING] Log_spec ignored when pcen is set (extractSTFT:84)
2024-05-29 20:37:42.225 [ALFpaka] [WARNING] Log_spec ignored when pcen is set (extractSTFT:84)
2024-05-29 20:37:42.228 [ALFpaka] [WARNING] Log_spec ignored when pcen is set (extractSTFT:84)
2024-05-29 20:37:42.227 [ALFpaka] [WARNING] Log_spec ignored when pcen is set (extractSTFT:84)
2024-05-29 20:37:42.228 [ALFpaka] [WARNING] Log_spec ignored when pcen is set (extractSTFT:84)
2024-05-29 20:37:42.225 [ALFpaka] [WARNING] Log_spec ignored when pcen is set (extractSTFT:84)
2024-05-29 20:37:42.224 [ALFpaka] [WARNING] Log_spec ignored when pcen is set (extractSTFT:84)
2024-05-29 20:37:42.227 [ALFpaka] [WARNING] Log_spec ignored when pcen is set (extractSTFT:84)
2024-05-29 20:37:42.228 [ALFpaka] [WARNING] Log_spec ignored when pcen is set (extractSTFT:84)
2024-05-29 20:37:42.229 [ALFpaka] [WARNING] Log_spec ignored when pcen is set (extractSTFT:84)
2024-05-29 20:37:42.229 [ALFpaka] [WARNING] Log_spec ignored when pcen is set (extractSTFT:84)
2024-05-29 20:37:42.225 [ALFpaka] [WARNING] Log_spec ignored when pcen is set (extractSTFT:84)
2024-05-29 20:37:42.225 [ALFpaka] [WARNING] Log_spec ignored when pcen is set (extractSTFT:84)
2024-05-29 20:37:42.231 [ALFpaka] [WARNING] Log_spec ignored when pcen is set (extractSTFT:84)
2024-05-29 20:37:42.231 [ALFpaka] [WARNING] Log_spec ignored when pcen is set (extractSTFT:84)
2024-05-29 20:37:42.231 [ALFpaka] [WARNING] Log_spec ignored when pcen is set (extractSTFT:84)
2024-05-29 20:37:42.232 [ALFpaka] [WARNING] Log_spec ignored when pcen is set (extractSTFT:84)
2024-05-29 20:37:42.233 [ALFpaka] [WARNING] Log_spec ignored when pcen is set (extractSTFT:84)
2024-05-29 20:37:42.234 [ALFpaka] [WARNING] Log_spec ignored when pcen is set (extractSTFT:84)
2024-05-29 20:37:42.234 [ALFpaka] [WARNING] Log_spec ignored when pcen is set (extractSTFT:84)
2024-05-29 20:37:42.234 [ALFpaka] [WARNING] Log_spec ignored when pcen is set (extractSTFT:84)
2024-05-29 20:37:42.234 [ALFpaka] [WARNING] Log_spec ignored when pcen is set (extractSTFT:84)
2024-05-29 20:37:42.233 [ALFpaka] [WARNING] Log_spec ignored when pcen is set (extractSTFT:84)
2024-05-29 20:37:42.234 [ALFpaka] [WARNING] Log_spec ignored when pcen is set (extractSTFT:84)
2024-05-29 20:37:42.236 [ALFpaka] [WARNING] Log_spec ignored when pcen is set (extractSTFT:84)
2024-05-29 20:37:45.218 [ALFpaka] [INFO] Extracting features for class nosirens with id 3 (extractAndAddFeaturesToDataset:69)
2024-05-29 20:37:46.882 [ALFpaka] [WARNING] Log_spec ignored when pcen is set (extractSTFT:84)
2024-05-29 20:37:46.883 [ALFpaka] [WARNING] Log_spec ignored when pcen is set (extractSTFT:84)
2024-05-29 20:37:46.884 [ALFpaka] [WARNING] Log_spec ignored when pcen is set (extractSTFT:84)
2024-05-29 20:37:46.884 [ALFpaka] [WARNING] Log_spec ignored when pcen is set (extractSTFT:84)
2024-05-29 20:37:46.884 [ALFpaka] [WARNING] Log_spec ignored when pcen is set (extractSTFT:84)
2024-05-29 20:37:46.884 [ALFpaka] [WARNING] Log_spec ignored when pcen is set (extractSTFT:84)
2024-05-29 20:37:46.884 [ALFpaka] [WARNING] Log_spec ignored when pcen is set (extractSTFT:84)
2024-05-29 20:37:46.884 [ALFpaka] [WARNING] Log_spec ignored when pcen is set (extractSTFT:84)
2024-05-29 20:37:46.885 [ALFpaka] [WARNING] Log_spec ignored when pcen is set (extractSTFT:84)
2024-05-29 20:37:46.885 [ALFpaka] [WARNING] Log_spec ignored when pcen is set (extractSTFT:84)
2024-05-29 20:37:46.885 [ALFpaka] [WARNING] Log_spec ignored when pcen is set (extractSTFT:84)
2024-05-29 20:37:46.885 [ALFpaka] [WARNING] Log_spec ignored when pcen is set (extractSTFT:84)
2024-05-29 20:37:46.885 [ALFpaka] [WARNING] Log_spec ignored when pcen is set (extractSTFT:84)
2024-05-29 20:37:46.886 [ALFpaka] [WARNING] Log_spec ignored when pcen is set (extractSTFT:84)
2024-05-29 20:37:46.886 [ALFpaka] [WARNING] Log_spec ignored when pcen is set (extractSTFT:84)
2024-05-29 20:37:46.886 [ALFpaka] [WARNING] Log_spec ignored when pcen is set (extractSTFT:84)
2024-05-29 20:37:46.886 [ALFpaka] [WARNING] Log_spec ignored when pcen is set (extractSTFT:84)
2024-05-29 20:37:46.886 [ALFpaka] [WARNING] Log_spec ignored when pcen is set (extractSTFT:84)
2024-05-29 20:37:46.886 [ALFpaka] [WARNING] Log_spec ignored when pcen is set (extractSTFT:84)
2024-05-29 20:37:46.887 [ALFpaka] [WARNING] Log_spec ignored when pcen is set (extractSTFT:84)
2024-05-29 20:37:46.887 [ALFpaka] [WARNING] Log_spec ignored when pcen is set (extractSTFT:84)
2024-05-29 20:37:46.887 [ALFpaka] [WARNING] Log_spec ignored when pcen is set (extractSTFT:84)
2024-05-29 20:37:46.888 [ALFpaka] [WARNING] Log_spec ignored when pcen is set (extractSTFT:84)
2024-05-29 20:37:46.888 [ALFpaka] [WARNING] Log_spec ignored when pcen is set (extractSTFT:84)
2024-05-29 20:37:46.888 [ALFpaka] [WARNING] Log_spec ignored when pcen is set (extractSTFT:84)
2024-05-29 20:37:46.889 [ALFpaka] [WARNING] Log_spec ignored when pcen is set (extractSTFT:84)
2024-05-29 20:37:46.889 [ALFpaka] [WARNING] Log_spec ignored when pcen is set (extractSTFT:84)
2024-05-29 20:37:46.891 [ALFpaka] [WARNING] Log_spec ignored when pcen is set (extractSTFT:84)
2024-05-29 20:37:46.891 [ALFpaka] [WARNING] Log_spec ignored when pcen is set (extractSTFT:84)
2024-05-29 20:37:46.891 [ALFpaka] [WARNING] Log_spec ignored when pcen is set (extractSTFT:84)
2024-05-29 20:37:46.891 [ALFpaka] [WARNING] Log_spec ignored when pcen is set (extractSTFT:84)
2024-05-29 20:37:46.891 [ALFpaka] [WARNING] Log_spec ignored when pcen is set (extractSTFT:84)
2024-05-29 20:37:46.892 [ALFpaka] [WARNING] Log_spec ignored when pcen is set (extractSTFT:84)
2024-05-29 20:37:46.889 [ALFpaka] [WARNING] Log_spec ignored when pcen is set (extractSTFT:84)
2024-05-29 20:37:46.890 [ALFpaka] [WARNING] Log_spec ignored when pcen is set (extractSTFT:84)
2024-05-29 20:37:46.890 [ALFpaka] [WARNING] Log_spec ignored when pcen is set (extractSTFT:84)
2024-05-29 20:37:46.895 [ALFpaka] [WARNING] Log_spec ignored when pcen is set (extractSTFT:84)
2024-05-29 20:37:46.897 [ALFpaka] [WARNING] Log_spec ignored when pcen is set (extractSTFT:84)
2024-05-29 20:37:46.897 [ALFpaka] [WARNING] Log_spec ignored when pcen is set (extractSTFT:84)
2024-05-29 20:37:46.898 [ALFpaka] [WARNING] Log_spec ignored when pcen is set (extractSTFT:84)
2024-05-29 20:37:46.898 [ALFpaka] [WARNING] Log_spec ignored when pcen is set (extractSTFT:84)
2024-05-29 20:37:46.898 [ALFpaka] [WARNING] Log_spec ignored when pcen is set (extractSTFT:84)
2024-05-29 20:37:46.898 [ALFpaka] [WARNING] Log_spec ignored when pcen is set (extractSTFT:84)
2024-05-29 20:37:46.893 [ALFpaka] [WARNING] Log_spec ignored when pcen is set (extractSTFT:84)
2024-05-29 20:37:46.890 [ALFpaka] [WARNING] Log_spec ignored when pcen is set (extractSTFT:84)
2024-05-29 20:37:46.894 [ALFpaka] [WARNING] Log_spec ignored when pcen is set (extractSTFT:84)
2024-05-29 20:37:46.897 [ALFpaka] [WARNING] Log_spec ignored when pcen is set (extractSTFT:84)
2024-05-29 20:37:46.898 [ALFpaka] [WARNING] Log_spec ignored when pcen is set (extractSTFT:84)
2024-05-29 20:37:47.774 [ALFpaka] [WARNING] Log_spec ignored when pcen is set (extractSTFT:84)
2024-05-29 20:37:47.786 [ALFpaka] [WARNING] Log_spec ignored when pcen is set (extractSTFT:84)
2024-05-29 20:37:48.470 [ALFpaka] [WARNING] Log_spec ignored when pcen is set (extractSTFT:84)
2024-05-29 20:37:48.474 [ALFpaka] [WARNING] Log_spec ignored when pcen is set (extractSTFT:84)
2024-05-29 20:37:48.489 [ALFpaka] [WARNING] Log_spec ignored when pcen is set (extractSTFT:84)
2024-05-29 20:37:48.524 [ALFpaka] [WARNING] Log_spec ignored when pcen is set (extractSTFT:84)
2024-05-29 20:37:48.581 [ALFpaka] [WARNING] Log_spec ignored when pcen is set (extractSTFT:84)
2024-05-29 20:37:48.581 [ALFpaka] [WARNING] Log_spec ignored when pcen is set (extractSTFT:84)
2024-05-29 20:37:48.586 [ALFpaka] [WARNING] Log_spec ignored when pcen is set (extractSTFT:84)
2024-05-29 20:37:48.617 [ALFpaka] [WARNING] Log_spec ignored when pcen is set (extractSTFT:84)
2024-05-29 20:37:48.614 [ALFpaka] [WARNING] Log_spec ignored when pcen is set (extractSTFT:84)
2024-05-29 20:37:48.638 [ALFpaka] [WARNING] Log_spec ignored when pcen is set (extractSTFT:84)
2024-05-29 20:37:48.641 [ALFpaka] [WARNING] Log_spec ignored when pcen is set (extractSTFT:84)
2024-05-29 20:37:48.639 [ALFpaka] [WARNING] Log_spec ignored when pcen is set (extractSTFT:84)
2024-05-29 20:37:48.641 [ALFpaka] [WARNING] Log_spec ignored when pcen is set (extractSTFT:84)
2024-05-29 20:37:48.637 [ALFpaka] [WARNING] Log_spec ignored when pcen is set (extractSTFT:84)
2024-05-29 20:37:48.686 [ALFpaka] [WARNING] Log_spec ignored when pcen is set (extractSTFT:84)
2024-05-29 20:37:48.712 [ALFpaka] [WARNING] Log_spec ignored when pcen is set (extractSTFT:84)
2024-05-29 20:37:48.736 [ALFpaka] [WARNING] Log_spec ignored when pcen is set (extractSTFT:84)
2024-05-29 20:37:48.786 [ALFpaka] [WARNING] Log_spec ignored when pcen is set (extractSTFT:84)
2024-05-29 20:37:49.505 [ALFpaka] [WARNING] Log_spec ignored when pcen is set (extractSTFT:84)
2024-05-29 20:37:49.585 [ALFpaka] [WARNING] Log_spec ignored when pcen is set (extractSTFT:84)
2024-05-29 20:37:49.586 [ALFpaka] [WARNING] Log_spec ignored when pcen is set (extractSTFT:84)
2024-05-29 20:37:49.585 [ALFpaka] [WARNING] Log_spec ignored when pcen is set (extractSTFT:84)
2024-05-29 20:37:49.557 [ALFpaka] [WARNING] Log_spec ignored when pcen is set (extractSTFT:84)
2024-05-29 20:37:49.589 [ALFpaka] [WARNING] Log_spec ignored when pcen is set (extractSTFT:84)
2024-05-29 20:37:49.588 [ALFpaka] [WARNING] Log_spec ignored when pcen is set (extractSTFT:84)
2024-05-29 20:37:49.587 [ALFpaka] [WARNING] Log_spec ignored when pcen is set (extractSTFT:84)
2024-05-29 20:37:49.617 [ALFpaka] [WARNING] Log_spec ignored when pcen is set (extractSTFT:84)
2024-05-29 20:37:49.616 [ALFpaka] [WARNING] Log_spec ignored when pcen is set (extractSTFT:84)
2024-05-29 20:37:49.933 [ALFpaka] [WARNING] Log_spec ignored when pcen is set (extractSTFT:84)
2024-05-29 20:37:49.938 [ALFpaka] [WARNING] Log_spec ignored when pcen is set (extractSTFT:84)
2024-05-29 20:37:49.941 [ALFpaka] [WARNING] Log_spec ignored when pcen is set (extractSTFT:84)
2024-05-29 20:37:49.939 [ALFpaka] [WARNING] Log_spec ignored when pcen is set (extractSTFT:84)
2024-05-29 20:37:49.946 [ALFpaka] [WARNING] Log_spec ignored when pcen is set (extractSTFT:84)
2024-05-29 20:37:49.938 [ALFpaka] [WARNING] Log_spec ignored when pcen is set (extractSTFT:84)
2024-05-29 20:37:49.946 [ALFpaka] [WARNING] Log_spec ignored when pcen is set (extractSTFT:84)
2024-05-29 20:37:50.017 [ALFpaka] [WARNING] Log_spec ignored when pcen is set (extractSTFT:84)
2024-05-29 20:37:49.932 [ALFpaka] [WARNING] Log_spec ignored when pcen is set (extractSTFT:84)
2024-05-29 20:37:50.015 [ALFpaka] [WARNING] Log_spec ignored when pcen is set (extractSTFT:84)
2024-05-29 20:37:49.930 [ALFpaka] [WARNING] Log_spec ignored when pcen is set (extractSTFT:84)
2024-05-29 20:37:49.930 [ALFpaka] [WARNING] Log_spec ignored when pcen is set (extractSTFT:84)
2024-05-29 20:37:50.119 [ALFpaka] [WARNING] Log_spec ignored when pcen is set (extractSTFT:84)
2024-05-29 20:37:50.535 [ALFpaka] [WARNING] Log_spec ignored when pcen is set (extractSTFT:84)
2024-05-29 20:37:50.711 [ALFpaka] [WARNING] Log_spec ignored when pcen is set (extractSTFT:84)
2024-05-29 20:37:50.712 [ALFpaka] [WARNING] Log_spec ignored when pcen is set (extractSTFT:84)
2024-05-29 20:37:50.710 [ALFpaka] [WARNING] Log_spec ignored when pcen is set (extractSTFT:84)
2024-05-29 20:37:50.730 [ALFpaka] [WARNING] Log_spec ignored when pcen is set (extractSTFT:84)
2024-05-29 20:37:50.732 [ALFpaka] [WARNING] Log_spec ignored when pcen is set (extractSTFT:84)
2024-05-29 20:37:50.778 [ALFpaka] [WARNING] Log_spec ignored when pcen is set (extractSTFT:84)
2024-05-29 20:37:50.817 [ALFpaka] [WARNING] Log_spec ignored when pcen is set (extractSTFT:84)
2024-05-29 20:37:50.900 [ALFpaka] [WARNING] Log_spec ignored when pcen is set (extractSTFT:84)
2024-05-29 20:37:51.096 [ALFpaka] [WARNING] Log_spec ignored when pcen is set (extractSTFT:84)
2024-05-29 20:37:51.128 [ALFpaka] [WARNING] Log_spec ignored when pcen is set (extractSTFT:84)
2024-05-29 20:37:51.129 [ALFpaka] [WARNING] Log_spec ignored when pcen is set (extractSTFT:84)
2024-05-29 20:37:51.329 [ALFpaka] [WARNING] Log_spec ignored when pcen is set (extractSTFT:84)
2024-05-29 20:37:51.336 [ALFpaka] [WARNING] Log_spec ignored when pcen is set (extractSTFT:84)
2024-05-29 20:37:51.337 [ALFpaka] [WARNING] Log_spec ignored when pcen is set (extractSTFT:84)
2024-05-29 20:37:51.344 [ALFpaka] [WARNING] Log_spec ignored when pcen is set (extractSTFT:84)
2024-05-29 20:37:51.399 [ALFpaka] [WARNING] Log_spec ignored when pcen is set (extractSTFT:84)
2024-05-29 20:37:51.646 [ALFpaka] [WARNING] Log_spec ignored when pcen is set (extractSTFT:84)
2024-05-29 20:37:51.671 [ALFpaka] [WARNING] Log_spec ignored when pcen is set (extractSTFT:84)
2024-05-29 20:37:51.683 [ALFpaka] [WARNING] Log_spec ignored when pcen is set (extractSTFT:84)
2024-05-29 20:37:51.687 [ALFpaka] [WARNING] Log_spec ignored when pcen is set (extractSTFT:84)
2024-05-29 20:37:51.700 [ALFpaka] [WARNING] Log_spec ignored when pcen is set (extractSTFT:84)
2024-05-29 20:37:51.774 [ALFpaka] [WARNING] Log_spec ignored when pcen is set (extractSTFT:84)
2024-05-29 20:37:51.747 [ALFpaka] [WARNING] Log_spec ignored when pcen is set (extractSTFT:84)
2024-05-29 20:37:51.791 [ALFpaka] [WARNING] Log_spec ignored when pcen is set (extractSTFT:84)
2024-05-29 20:37:51.809 [ALFpaka] [WARNING] Log_spec ignored when pcen is set (extractSTFT:84)
2024-05-29 20:37:51.880 [ALFpaka] [WARNING] Log_spec ignored when pcen is set (extractSTFT:84)
2024-05-29 20:37:51.889 [ALFpaka] [WARNING] Log_spec ignored when pcen is set (extractSTFT:84)
2024-05-29 20:37:51.909 [ALFpaka] [WARNING] Log_spec ignored when pcen is set (extractSTFT:84)
2024-05-29 20:37:51.908 [ALFpaka] [WARNING] Log_spec ignored when pcen is set (extractSTFT:84)
2024-05-29 20:37:52.095 [ALFpaka] [WARNING] Log_spec ignored when pcen is set (extractSTFT:84)
2024-05-29 20:37:52.108 [ALFpaka] [WARNING] Log_spec ignored when pcen is set (extractSTFT:84)
2024-05-29 20:37:52.184 [ALFpaka] [WARNING] Log_spec ignored when pcen is set (extractSTFT:84)
2024-05-29 20:37:52.227 [ALFpaka] [WARNING] Log_spec ignored when pcen is set (extractSTFT:84)
2024-05-29 20:37:54.555 [ALFpaka] [INFO] Extracting features for class police with id 2 (extractAndAddFeaturesToDataset:69)
2024-05-29 20:37:56.409 [ALFpaka] [WARNING] Log_spec ignored when pcen is set (extractSTFT:84)
2024-05-29 20:37:56.409 [ALFpaka] [WARNING] Log_spec ignored when pcen is set (extractSTFT:84)
2024-05-29 20:37:56.409 [ALFpaka] [WARNING] Log_spec ignored when pcen is set (extractSTFT:84)
2024-05-29 20:37:56.409 [ALFpaka] [WARNING] Log_spec ignored when pcen is set (extractSTFT:84)
2024-05-29 20:37:56.410 [ALFpaka] [WARNING] Log_spec ignored when pcen is set (extractSTFT:84)
2024-05-29 20:37:56.410 [ALFpaka] [WARNING] Log_spec ignored when pcen is set (extractSTFT:84)
2024-05-29 20:37:56.410 [ALFpaka] [WARNING] Log_spec ignored when pcen is set (extractSTFT:84)
2024-05-29 20:37:56.410 [ALFpaka] [WARNING] Log_spec ignored when pcen is set (extractSTFT:84)
2024-05-29 20:37:56.410 [ALFpaka] [WARNING] Log_spec ignored when pcen is set (extractSTFT:84)
2024-05-29 20:37:56.411 [ALFpaka] [WARNING] Log_spec ignored when pcen is set (extractSTFT:84)
2024-05-29 20:37:56.411 [ALFpaka] [WARNING] Log_spec ignored when pcen is set (extractSTFT:84)
2024-05-29 20:37:56.411 [ALFpaka] [WARNING] Log_spec ignored when pcen is set (extractSTFT:84)
2024-05-29 20:37:56.411 [ALFpaka] [WARNING] Log_spec ignored when pcen is set (extractSTFT:84)
2024-05-29 20:37:56.411 [ALFpaka] [WARNING] Log_spec ignored when pcen is set (extractSTFT:84)
2024-05-29 20:37:56.411 [ALFpaka] [WARNING] Log_spec ignored when pcen is set (extractSTFT:84)
2024-05-29 20:37:56.412 [ALFpaka] [WARNING] Log_spec ignored when pcen is set (extractSTFT:84)
2024-05-29 20:37:56.412 [ALFpaka] [WARNING] Log_spec ignored when pcen is set (extractSTFT:84)
2024-05-29 20:37:56.412 [ALFpaka] [WARNING] Log_spec ignored when pcen is set (extractSTFT:84)
2024-05-29 20:37:56.412 [ALFpaka] [WARNING] Log_spec ignored when pcen is set (extractSTFT:84)
2024-05-29 20:37:56.412 [ALFpaka] [WARNING] Log_spec ignored when pcen is set (extractSTFT:84)
2024-05-29 20:37:56.413 [ALFpaka] [WARNING] Log_spec ignored when pcen is set (extractSTFT:84)
2024-05-29 20:37:56.414 [ALFpaka] [WARNING] Log_spec ignored when pcen is set (extractSTFT:84)
2024-05-29 20:37:56.413 [ALFpaka] [WARNING] Log_spec ignored when pcen is set (extractSTFT:84)
2024-05-29 20:37:56.415 [ALFpaka] [WARNING] Log_spec ignored when pcen is set (extractSTFT:84)
2024-05-29 20:37:56.415 [ALFpaka] [WARNING] Log_spec ignored when pcen is set (extractSTFT:84)
2024-05-29 20:37:56.414 [ALFpaka] [WARNING] Log_spec ignored when pcen is set (extractSTFT:84)
2024-05-29 20:37:56.414 [ALFpaka] [WARNING] Log_spec ignored when pcen is set (extractSTFT:84)
2024-05-29 20:37:56.415 [ALFpaka] [WARNING] Log_spec ignored when pcen is set (extractSTFT:84)
2024-05-29 20:37:56.415 [ALFpaka] [WARNING] Log_spec ignored when pcen is set (extractSTFT:84)
2024-05-29 20:37:56.416 [ALFpaka] [WARNING] Log_spec ignored when pcen is set (extractSTFT:84)
2024-05-29 20:37:56.416 [ALFpaka] [WARNING] Log_spec ignored when pcen is set (extractSTFT:84)
2024-05-29 20:37:56.416 [ALFpaka] [WARNING] Log_spec ignored when pcen is set (extractSTFT:84)
2024-05-29 20:37:56.416 [ALFpaka] [WARNING] Log_spec ignored when pcen is set (extractSTFT:84)
2024-05-29 20:37:56.417 [ALFpaka] [WARNING] Log_spec ignored when pcen is set (extractSTFT:84)
2024-05-29 20:37:56.417 [ALFpaka] [WARNING] Log_spec ignored when pcen is set (extractSTFT:84)
2024-05-29 20:37:56.417 [ALFpaka] [WARNING] Log_spec ignored when pcen is set (extractSTFT:84)
2024-05-29 20:37:56.416 [ALFpaka] [WARNING] Log_spec ignored when pcen is set (extractSTFT:84)
2024-05-29 20:37:56.417 [ALFpaka] [WARNING] Log_spec ignored when pcen is set (extractSTFT:84)
2024-05-29 20:37:56.417 [ALFpaka] [WARNING] Log_spec ignored when pcen is set (extractSTFT:84)
2024-05-29 20:37:56.418 [ALFpaka] [WARNING] Log_spec ignored when pcen is set (extractSTFT:84)
2024-05-29 20:38:02.651 [ALFpaka] [INFO] Training using one GPU (run_training:144)
2024-05-29 20:38:02.652 [ALFpaka] [INFO] --- training data --- (get_dataset_and_print_stats:76)
2024-05-29 20:38:02.653 [ALFpaka] [INFO] ambulance number of files 56 (get_dataset_and_print_stats:81)
2024-05-29 20:38:02.653 [ALFpaka] [INFO] firefighter number of files 102 (get_dataset_and_print_stats:81)
2024-05-29 20:38:02.653 [ALFpaka] [INFO] nosirens number of files 1132 (get_dataset_and_print_stats:81)
2024-05-29 20:38:02.653 [ALFpaka] [INFO] police number of files 196 (get_dataset_and_print_stats:81)
2024-05-29 20:38:02.653 [ALFpaka] [INFO] --- test data --- (get_dataset_and_print_stats:76)
2024-05-29 20:38:02.654 [ALFpaka] [INFO] ambulance number of files 39 (get_dataset_and_print_stats:81)
2024-05-29 20:38:02.654 [ALFpaka] [INFO] firefighter number of files 36 (get_dataset_and_print_stats:81)
2024-05-29 20:38:02.654 [ALFpaka] [INFO] nosirens number of files 125 (get_dataset_and_print_stats:81)
2024-05-29 20:38:02.654 [ALFpaka] [INFO] police number of files 40 (get_dataset_and_print_stats:81)
2024-05-29 20:38:05.094 [ALFpaka] [INFO] --- training data size --- (print_feature_stats:109)
2024-05-29 20:38:05.096 [ALFpaka] [INFO] X shape --> (7311, 64, 128, 2) (print_feature_stats:111)
2024-05-29 20:38:05.096 [ALFpaka] [INFO] Y shape --> (7311, 4) (print_feature_stats:112)
2024-05-29 20:38:05.097 [ALFpaka] [INFO] number of features per frame 2 (print_feature_stats:119)
2024-05-29 20:38:05.097 [ALFpaka] [INFO] number of feature frames 7311 (print_feature_stats:120)
2024-05-29 20:38:05.098 [ALFpaka] [INFO] ---------------- CV step 1 of 1 --------------- (run_training_per_cv_step:363)
2024-05-29 20:38:05.099 [ALFpaka] [WARNING] WARNING: No validation data found! (__train_model_per_cv_step:692)
2024-05-29 20:38:05.694 [ALFpaka] [INFO] Model summary: (__trainModelInternal:135)
2024-05-29 20:38:05.695 [ALFpaka] [INFO] Model: "res_net" (print_summary:185)
2024-05-29 20:38:05.695 [ALFpaka] [INFO] __________________________________________________________________________________________________ (print_summary:186)
2024-05-29 20:38:05.695 [ALFpaka] [INFO] Layer (type)                    Output Shape         Param #     Connected to                      (print_row:183)
2024-05-29 20:38:05.695 [ALFpaka] [INFO] ================================================================================================== (print_summary:188)
2024-05-29 20:38:05.695 [ALFpaka] [INFO] input_1 (InputLayer)            [(None, 64, 128, 2)] 0                                             (print_row:183)
2024-05-29 20:38:05.695 [ALFpaka] [INFO] __________________________________________________________________________________________________ (print_summary:258)
2024-05-29 20:38:05.696 [ALFpaka] [INFO] conv2d (Conv2D)                 (None, 32, 64, 64)   3200        input_1[0][0]                     (print_row:183)
2024-05-29 20:38:05.696 [ALFpaka] [INFO] __________________________________________________________________________________________________ (print_summary:258)
2024-05-29 20:38:05.696 [ALFpaka] [INFO] batch_normalization (BatchNorma (None, 32, 64, 64)   256         conv2d[0][0]                      (print_row:183)
2024-05-29 20:38:05.696 [ALFpaka] [INFO] __________________________________________________________________________________________________ (print_summary:258)
2024-05-29 20:38:05.696 [ALFpaka] [INFO] activation (Activation)         (None, 32, 64, 64)   0           batch_normalization[0][0]         (print_row:183)
2024-05-29 20:38:05.697 [ALFpaka] [INFO] __________________________________________________________________________________________________ (print_summary:258)
2024-05-29 20:38:05.697 [ALFpaka] [INFO] batch_normalization_1 (BatchNor (None, 32, 64, 64)   256         activation[0][0]                  (print_row:183)
2024-05-29 20:38:05.697 [ALFpaka] [INFO] __________________________________________________________________________________________________ (print_summary:258)
2024-05-29 20:38:05.697 [ALFpaka] [INFO] dropout (Dropout)               (None, 32, 64, 64)   0           batch_normalization_1[0][0]       (print_row:183)
2024-05-29 20:38:05.697 [ALFpaka] [INFO] __________________________________________________________________________________________________ (print_summary:258)
2024-05-29 20:38:05.697 [ALFpaka] [INFO] conv2d_1 (Conv2D)               (None, 32, 64, 64)   36864       dropout[0][0]                     (print_row:183)
2024-05-29 20:38:05.698 [ALFpaka] [INFO] __________________________________________________________________________________________________ (print_summary:258)
2024-05-29 20:38:05.698 [ALFpaka] [INFO] activation_1 (Activation)       (None, 32, 64, 64)   0           conv2d_1[0][0]                    (print_row:183)
2024-05-29 20:38:05.698 [ALFpaka] [INFO] __________________________________________________________________________________________________ (print_summary:258)
2024-05-29 20:38:05.698 [ALFpaka] [INFO] batch_normalization_2 (BatchNor (None, 32, 64, 64)   256         activation_1[0][0]                (print_row:183)
2024-05-29 20:38:05.698 [ALFpaka] [INFO] __________________________________________________________________________________________________ (print_summary:258)
2024-05-29 20:38:05.698 [ALFpaka] [INFO] dropout_1 (Dropout)             (None, 32, 64, 64)   0           batch_normalization_2[0][0]       (print_row:183)
2024-05-29 20:38:05.699 [ALFpaka] [INFO] __________________________________________________________________________________________________ (print_summary:258)
2024-05-29 20:38:05.699 [ALFpaka] [INFO] conv2d_2 (Conv2D)               (None, 32, 64, 64)   36864       dropout_1[0][0]                   (print_row:183)
2024-05-29 20:38:05.699 [ALFpaka] [INFO] __________________________________________________________________________________________________ (print_summary:258)
2024-05-29 20:38:05.699 [ALFpaka] [INFO] add (Add)                       (None, 32, 64, 64)   0           conv2d_2[0][0]                    (print_row:183)
2024-05-29 20:38:05.699 [ALFpaka] [INFO]                                                                  batch_normalization[0][0]         (print_row:183)
2024-05-29 20:38:05.699 [ALFpaka] [INFO] __________________________________________________________________________________________________ (print_summary:258)
2024-05-29 20:38:05.699 [ALFpaka] [INFO] average_pooling2d (AveragePooli (None, 16, 32, 64)   0           add[0][0]                         (print_row:183)
2024-05-29 20:38:05.700 [ALFpaka] [INFO] __________________________________________________________________________________________________ (print_summary:258)
2024-05-29 20:38:05.700 [ALFpaka] [INFO] activation_2 (Activation)       (None, 16, 32, 64)   0           average_pooling2d[0][0]           (print_row:183)
2024-05-29 20:38:05.701 [ALFpaka] [INFO] __________________________________________________________________________________________________ (print_summary:258)
2024-05-29 20:38:05.703 [ALFpaka] [INFO] batch_normalization_3 (BatchNor (None, 16, 32, 64)   256         activation_2[0][0]                (print_row:183)
2024-05-29 20:38:05.704 [ALFpaka] [INFO] __________________________________________________________________________________________________ (print_summary:258)
2024-05-29 20:38:05.705 [ALFpaka] [INFO] dropout_2 (Dropout)             (None, 16, 32, 64)   0           batch_normalization_3[0][0]       (print_row:183)
2024-05-29 20:38:05.706 [ALFpaka] [INFO] __________________________________________________________________________________________________ (print_summary:258)
2024-05-29 20:38:05.706 [ALFpaka] [INFO] conv2d_3 (Conv2D)               (None, 16, 32, 64)   36864       dropout_2[0][0]                   (print_row:183)
2024-05-29 20:38:05.706 [ALFpaka] [INFO] __________________________________________________________________________________________________ (print_summary:258)
2024-05-29 20:38:05.707 [ALFpaka] [INFO] activation_3 (Activation)       (None, 16, 32, 64)   0           conv2d_3[0][0]                    (print_row:183)
2024-05-29 20:38:05.707 [ALFpaka] [INFO] __________________________________________________________________________________________________ (print_summary:258)
2024-05-29 20:38:05.707 [ALFpaka] [INFO] batch_normalization_4 (BatchNor (None, 16, 32, 64)   256         activation_3[0][0]                (print_row:183)
2024-05-29 20:38:05.707 [ALFpaka] [INFO] __________________________________________________________________________________________________ (print_summary:258)
2024-05-29 20:38:05.707 [ALFpaka] [INFO] dropout_3 (Dropout)             (None, 16, 32, 64)   0           batch_normalization_4[0][0]       (print_row:183)
2024-05-29 20:38:05.707 [ALFpaka] [INFO] __________________________________________________________________________________________________ (print_summary:258)
2024-05-29 20:38:05.708 [ALFpaka] [INFO] conv2d_4 (Conv2D)               (None, 16, 32, 64)   4096        dropout_3[0][0]                   (print_row:183)
2024-05-29 20:38:05.708 [ALFpaka] [INFO] __________________________________________________________________________________________________ (print_summary:258)
2024-05-29 20:38:05.708 [ALFpaka] [INFO] add_1 (Add)                     (None, 16, 32, 64)   0           conv2d_4[0][0]                    (print_row:183)
2024-05-29 20:38:05.708 [ALFpaka] [INFO]                                                                  average_pooling2d[0][0]           (print_row:183)
2024-05-29 20:38:05.708 [ALFpaka] [INFO] __________________________________________________________________________________________________ (print_summary:258)
2024-05-29 20:38:05.708 [ALFpaka] [INFO] average_pooling2d_1 (AveragePoo (None, 8, 16, 64)    0           add_1[0][0]                       (print_row:183)
2024-05-29 20:38:05.708 [ALFpaka] [INFO] __________________________________________________________________________________________________ (print_summary:258)
2024-05-29 20:38:05.709 [ALFpaka] [INFO] activation_4 (Activation)       (None, 8, 16, 64)    0           average_pooling2d_1[0][0]         (print_row:183)
2024-05-29 20:38:05.709 [ALFpaka] [INFO] __________________________________________________________________________________________________ (print_summary:258)
2024-05-29 20:38:05.709 [ALFpaka] [INFO] batch_normalization_5 (BatchNor (None, 8, 16, 64)    256         activation_4[0][0]                (print_row:183)
2024-05-29 20:38:05.709 [ALFpaka] [INFO] __________________________________________________________________________________________________ (print_summary:258)
2024-05-29 20:38:05.709 [ALFpaka] [INFO] dropout_4 (Dropout)             (None, 8, 16, 64)    0           batch_normalization_5[0][0]       (print_row:183)
2024-05-29 20:38:05.709 [ALFpaka] [INFO] __________________________________________________________________________________________________ (print_summary:258)
2024-05-29 20:38:05.709 [ALFpaka] [INFO] conv2d_5 (Conv2D)               (None, 8, 16, 64)    36864       dropout_4[0][0]                   (print_row:183)
2024-05-29 20:38:05.710 [ALFpaka] [INFO] __________________________________________________________________________________________________ (print_summary:258)
2024-05-29 20:38:05.710 [ALFpaka] [INFO] activation_5 (Activation)       (None, 8, 16, 64)    0           conv2d_5[0][0]                    (print_row:183)
2024-05-29 20:38:05.710 [ALFpaka] [INFO] __________________________________________________________________________________________________ (print_summary:258)
2024-05-29 20:38:05.710 [ALFpaka] [INFO] batch_normalization_6 (BatchNor (None, 8, 16, 64)    256         activation_5[0][0]                (print_row:183)
2024-05-29 20:38:05.710 [ALFpaka] [INFO] __________________________________________________________________________________________________ (print_summary:258)
2024-05-29 20:38:05.711 [ALFpaka] [INFO] dropout_5 (Dropout)             (None, 8, 16, 64)    0           batch_normalization_6[0][0]       (print_row:183)
2024-05-29 20:38:05.711 [ALFpaka] [INFO] __________________________________________________________________________________________________ (print_summary:258)
2024-05-29 20:38:05.711 [ALFpaka] [INFO] conv2d_6 (Conv2D)               (None, 8, 16, 64)    36864       dropout_5[0][0]                   (print_row:183)
2024-05-29 20:38:05.711 [ALFpaka] [INFO] __________________________________________________________________________________________________ (print_summary:258)
2024-05-29 20:38:05.712 [ALFpaka] [INFO] add_2 (Add)                     (None, 8, 16, 64)    0           conv2d_6[0][0]                    (print_row:183)
2024-05-29 20:38:05.712 [ALFpaka] [INFO]                                                                  average_pooling2d_1[0][0]         (print_row:183)
2024-05-29 20:38:05.712 [ALFpaka] [INFO] __________________________________________________________________________________________________ (print_summary:258)
2024-05-29 20:38:05.712 [ALFpaka] [INFO] activation_6 (Activation)       (None, 8, 16, 64)    0           add_2[0][0]                       (print_row:183)
2024-05-29 20:38:05.713 [ALFpaka] [INFO] __________________________________________________________________________________________________ (print_summary:258)
2024-05-29 20:38:05.713 [ALFpaka] [INFO] batch_normalization_7 (BatchNor (None, 8, 16, 64)    256         activation_6[0][0]                (print_row:183)
2024-05-29 20:38:05.713 [ALFpaka] [INFO] __________________________________________________________________________________________________ (print_summary:258)
2024-05-29 20:38:05.714 [ALFpaka] [INFO] dropout_6 (Dropout)             (None, 8, 16, 64)    0           batch_normalization_7[0][0]       (print_row:183)
2024-05-29 20:38:05.714 [ALFpaka] [INFO] __________________________________________________________________________________________________ (print_summary:258)
2024-05-29 20:38:05.714 [ALFpaka] [INFO] conv2d_7 (Conv2D)               (None, 8, 16, 128)   73728       dropout_6[0][0]                   (print_row:183)
2024-05-29 20:38:05.714 [ALFpaka] [INFO] __________________________________________________________________________________________________ (print_summary:258)
2024-05-29 20:38:05.715 [ALFpaka] [INFO] activation_7 (Activation)       (None, 8, 16, 128)   0           conv2d_7[0][0]                    (print_row:183)
2024-05-29 20:38:05.715 [ALFpaka] [INFO] __________________________________________________________________________________________________ (print_summary:258)
2024-05-29 20:38:05.715 [ALFpaka] [INFO] batch_normalization_8 (BatchNor (None, 8, 16, 128)   512         activation_7[0][0]                (print_row:183)
2024-05-29 20:38:05.715 [ALFpaka] [INFO] __________________________________________________________________________________________________ (print_summary:258)
2024-05-29 20:38:05.716 [ALFpaka] [INFO] dropout_7 (Dropout)             (None, 8, 16, 128)   0           batch_normalization_8[0][0]       (print_row:183)
2024-05-29 20:38:05.716 [ALFpaka] [INFO] __________________________________________________________________________________________________ (print_summary:258)
2024-05-29 20:38:05.716 [ALFpaka] [INFO] conv2d_8 (Conv2D)               (None, 8, 16, 128)   16384       dropout_7[0][0]                   (print_row:183)
2024-05-29 20:38:05.716 [ALFpaka] [INFO] __________________________________________________________________________________________________ (print_summary:258)
2024-05-29 20:38:05.716 [ALFpaka] [INFO] conv2d_9 (Conv2D)               (None, 8, 16, 128)   8192        add_2[0][0]                       (print_row:183)
2024-05-29 20:38:05.716 [ALFpaka] [INFO] __________________________________________________________________________________________________ (print_summary:258)
2024-05-29 20:38:05.717 [ALFpaka] [INFO] add_3 (Add)                     (None, 8, 16, 128)   0           conv2d_8[0][0]                    (print_row:183)
2024-05-29 20:38:05.717 [ALFpaka] [INFO]                                                                  conv2d_9[0][0]                    (print_row:183)
2024-05-29 20:38:05.717 [ALFpaka] [INFO] __________________________________________________________________________________________________ (print_summary:258)
2024-05-29 20:38:05.717 [ALFpaka] [INFO] average_pooling2d_2 (AveragePoo (None, 4, 8, 128)    0           add_3[0][0]                       (print_row:183)
2024-05-29 20:38:05.717 [ALFpaka] [INFO] __________________________________________________________________________________________________ (print_summary:258)
2024-05-29 20:38:05.718 [ALFpaka] [INFO] activation_8 (Activation)       (None, 4, 8, 128)    0           average_pooling2d_2[0][0]         (print_row:183)
2024-05-29 20:38:05.718 [ALFpaka] [INFO] __________________________________________________________________________________________________ (print_summary:258)
2024-05-29 20:38:05.718 [ALFpaka] [INFO] batch_normalization_9 (BatchNor (None, 4, 8, 128)    512         activation_8[0][0]                (print_row:183)
2024-05-29 20:38:05.719 [ALFpaka] [INFO] __________________________________________________________________________________________________ (print_summary:258)
2024-05-29 20:38:05.719 [ALFpaka] [INFO] dropout_8 (Dropout)             (None, 4, 8, 128)    0           batch_normalization_9[0][0]       (print_row:183)
2024-05-29 20:38:05.719 [ALFpaka] [INFO] __________________________________________________________________________________________________ (print_summary:258)
2024-05-29 20:38:05.720 [ALFpaka] [INFO] conv2d_10 (Conv2D)              (None, 4, 8, 256)    32768       dropout_8[0][0]                   (print_row:183)
2024-05-29 20:38:05.720 [ALFpaka] [INFO] __________________________________________________________________________________________________ (print_summary:258)
2024-05-29 20:38:05.720 [ALFpaka] [INFO] activation_9 (Activation)       (None, 4, 8, 256)    0           conv2d_10[0][0]                   (print_row:183)
2024-05-29 20:38:05.720 [ALFpaka] [INFO] __________________________________________________________________________________________________ (print_summary:258)
2024-05-29 20:38:05.721 [ALFpaka] [INFO] batch_normalization_10 (BatchNo (None, 4, 8, 256)    1024        activation_9[0][0]                (print_row:183)
2024-05-29 20:38:05.721 [ALFpaka] [INFO] __________________________________________________________________________________________________ (print_summary:258)
2024-05-29 20:38:05.721 [ALFpaka] [INFO] dropout_9 (Dropout)             (None, 4, 8, 256)    0           batch_normalization_10[0][0]      (print_row:183)
2024-05-29 20:38:05.722 [ALFpaka] [INFO] __________________________________________________________________________________________________ (print_summary:258)
2024-05-29 20:38:05.722 [ALFpaka] [INFO] conv2d_11 (Conv2D)              (None, 4, 8, 256)    65536       dropout_9[0][0]                   (print_row:183)
2024-05-29 20:38:05.722 [ALFpaka] [INFO] __________________________________________________________________________________________________ (print_summary:258)
2024-05-29 20:38:05.723 [ALFpaka] [INFO] conv2d_12 (Conv2D)              (None, 4, 8, 256)    32768       average_pooling2d_2[0][0]         (print_row:183)
2024-05-29 20:38:05.723 [ALFpaka] [INFO] __________________________________________________________________________________________________ (print_summary:258)
2024-05-29 20:38:05.723 [ALFpaka] [INFO] add_4 (Add)                     (None, 4, 8, 256)    0           conv2d_11[0][0]                   (print_row:183)
2024-05-29 20:38:05.724 [ALFpaka] [INFO]                                                                  conv2d_12[0][0]                   (print_row:183)
2024-05-29 20:38:05.724 [ALFpaka] [INFO] __________________________________________________________________________________________________ (print_summary:258)
2024-05-29 20:38:05.724 [ALFpaka] [INFO] global_average_pooling2d (Globa (None, 256)          0           add_4[0][0]                       (print_row:183)
2024-05-29 20:38:05.724 [ALFpaka] [INFO] __________________________________________________________________________________________________ (print_summary:258)
2024-05-29 20:38:05.725 [ALFpaka] [INFO] dense (Dense)                   (None, 4)            1028        global_average_pooling2d[0][0]    (print_row:183)
2024-05-29 20:38:05.725 [ALFpaka] [INFO] ================================================================================================== (print_summary:256)
2024-05-29 20:38:05.727 [ALFpaka] [INFO] Total params: 426,116 (print_summary:267)
2024-05-29 20:38:05.728 [ALFpaka] [INFO] Trainable params: 424,068 (print_summary:268)
2024-05-29 20:38:05.728 [ALFpaka] [INFO] Non-trainable params: 2,048 (print_summary:269)
2024-05-29 20:38:05.728 [ALFpaka] [INFO] __________________________________________________________________________________________________ (print_summary:270)
2024-05-29 20:38:05.732 [ALFpaka] [WARNING] No validation data set! (__trainModelInternal:188)
2024-05-30 09:02:54.962 [ALFpaka] [INFO] Elapsed training time for cv_step ==> 12:24:52 (print_training_time:334)
2024-05-30 09:02:54.963 [ALFpaka] [INFO] --- test data size --- (print_feature_stats:109)
2024-05-30 09:02:54.963 [ALFpaka] [INFO] X shape --> (2700, 64, 128, 2) (print_feature_stats:111)
2024-05-30 09:02:54.963 [ALFpaka] [INFO] Y shape --> (2700, 4) (print_feature_stats:112)
2024-05-30 09:02:54.963 [ALFpaka] [INFO] number of features per frame 2 (print_feature_stats:119)
2024-05-30 09:02:54.963 [ALFpaka] [INFO] number of feature frames 2700 (print_feature_stats:120)
2024-05-30 09:03:00.000 [ALFpaka] [INFO] --- Evaluation results framewise_cv_step_1 --- (evaluate_results_with_conf_matrix_and_acc:498)
2024-05-30 09:03:00.001 [ALFpaka] [INFO] framewise_cv_step_1 accuracy (unweighted): 0.4759259259259259 (evaluate_results_with_conf_matrix_and_acc:500)
2024-05-30 09:03:00.002 [ALFpaka] [INFO] 
framewise_cv_step_1 confusion Matrix in %: 
[[ 34.52  17.52  24.83  23.13]
 [ 30.14  38.18  15.58  16.10]
 [ 9.42  7.34  31.43  51.81]
 [ 1.63  4.23  1.14  93.01]] (log_confusion_matrix:521)
2024-05-30 09:03:00.002 [ALFpaka] [INFO] framewise_cv_step_1 mean class accuracy: 49.29 % (log_confusion_matrix:522)
2024-05-30 09:03:00.023 [ALFpaka] [INFO] --- Evaluation results filewise_cv_step_1 --- (evaluate_results_with_conf_matrix_and_acc:498)
2024-05-30 09:03:00.023 [ALFpaka] [INFO] filewise_cv_step_1 accuracy (unweighted): 0.6708333333333333 (evaluate_results_with_conf_matrix_and_acc:500)
2024-05-30 09:03:00.024 [ALFpaka] [INFO] 
filewise_cv_step_1 confusion Matrix in %: 
[[ 25.64  23.08  25.64  25.64]
 [ 22.22  50.00  22.22  5.56]
 [ 5.00  5.00  32.50  57.50]
 [ 0.00  4.00  0.00  96.00]] (log_confusion_matrix:521)
2024-05-30 09:03:00.024 [ALFpaka] [INFO] filewise_cv_step_1 mean class accuracy: 51.04 % (log_confusion_matrix:522)
2024-05-30 09:03:00.031 [ALFpaka] [INFO] 
--- Final results after 1 iterations ---
Frame acc mean:       0.475925925926
Frame acc stdev:      0.000000000000
File acc mean:        0.670833333333
File acc stdev:       0.000000000000
Highest file acc:     0.670833333333 (seed = 1)
Lowest file acc:      0.670833333333 (seed = 1)
 (print_results:200)
2024-05-30 09:03:00.032 [ALFpaka] [INFO] Mean Confusion Matrix (framewise): 
[[ 34.52  17.52  24.83  23.13]
 [ 30.14  38.18  15.58  16.10]
 [ 9.42  7.34  31.43  51.81]
 [ 1.63  4.23  1.14  93.01]] (log_final_confusion_matrices:237)
2024-05-30 09:03:00.032 [ALFpaka] [INFO] Mean Confusion Matrix (filewise): 
[[ 25.64  23.08  25.64  25.64]
 [ 22.22  50.00  22.22  5.56]
 [ 5.00  5.00  32.50  57.50]
 [ 0.00  4.00  0.00  96.00]] (log_final_confusion_matrices:242)
2024-05-30 09:03:00.036 [ALFpaka] [INFO] Elapsed training time for whole training ==> 12:42:09 (print_training_time:334)
2024-05-30 09:03:00.038 [ALFpaka] [INFO] Plotting Confusion Matrices ...  (plot_confusion_matrices:476)
2024-05-30 09:03:02.539 [ALFpaka] [INFO] Plotting Confusion Matrices ...  (plot_confusion_matrices:476)
2024-05-30 09:03:11.426 [ALFpaka] [WARNING] No GIT in PATH variables ([Errno 2] No such file or directory: '.git': '.git') (get_git_version:24)
2024-05-30 09:03:11.428 [ALFpaka] [INFO] ... FINISH TRAINING ... (__training_session:96)
2024-05-30 09:03:11.428 [ALFpaka] [INFO] Closing session ...  (__training_session:105)
