2024-05-29 20:17:41.922 [ALFpaka] [INFO] ... START TRAINING ... (__training_session:88)
2024-05-29 20:17:41.923 [ALFpaka] [INFO] Start-Time: 1717006661.922972 (run_training:126)
2024-05-29 20:17:41.923 [ALFpaka] [INFO] france-ambulance with id 0 (print_class_to_id:153)
2024-05-29 20:17:41.923 [ALFpaka] [INFO] france-firefighter with id 1 (print_class_to_id:153)
2024-05-29 20:17:41.923 [ALFpaka] [INFO] france-police with id 2 (print_class_to_id:153)
2024-05-29 20:17:41.923 [ALFpaka] [INFO] germany-ambulance with id 3 (print_class_to_id:153)
2024-05-29 20:17:41.923 [ALFpaka] [INFO] germany-firefighter with id 4 (print_class_to_id:153)
2024-05-29 20:17:41.924 [ALFpaka] [INFO] germany-police with id 5 (print_class_to_id:153)
2024-05-29 20:17:41.924 [ALFpaka] [INFO] italy-ambulance with id 6 (print_class_to_id:153)
2024-05-29 20:17:41.924 [ALFpaka] [INFO] italy-firefighter with id 7 (print_class_to_id:153)
2024-05-29 20:17:41.924 [ALFpaka] [INFO] italy-police with id 8 (print_class_to_id:153)
2024-05-29 20:17:41.924 [ALFpaka] [INFO] spain-ambulance with id 9 (print_class_to_id:153)
2024-05-29 20:17:41.924 [ALFpaka] [INFO] spain-firefighter with id 10 (print_class_to_id:153)
2024-05-29 20:17:41.924 [ALFpaka] [INFO] spain-police with id 11 (print_class_to_id:153)
2024-05-29 20:17:41.925 [ALFpaka] [INFO] nosirens with id 12 (print_class_to_id:153)
2024-05-29 20:17:41.925 [ALFpaka] [INFO] ------ Extracting features ------ (extractAllFeatures:34)
2024-05-29 20:17:42.176 [ALFpaka] [INFO] Extracting features for class france-ambulance with id 0 (extractAndAddFeaturesToDataset:69)
2024-05-29 20:17:42.835 [ALFpaka] [WARNING] Log_spec ignored when pcen is set (extractSTFT:84)
2024-05-29 20:17:42.836 [ALFpaka] [WARNING] Log_spec ignored when pcen is set (extractSTFT:84)
2024-05-29 20:17:42.836 [ALFpaka] [WARNING] Log_spec ignored when pcen is set (extractSTFT:84)
2024-05-29 20:17:42.837 [ALFpaka] [WARNING] Log_spec ignored when pcen is set (extractSTFT:84)
2024-05-29 20:17:42.837 [ALFpaka] [WARNING] Log_spec ignored when pcen is set (extractSTFT:84)
2024-05-29 20:17:42.838 [ALFpaka] [WARNING] Log_spec ignored when pcen is set (extractSTFT:84)
2024-05-29 20:17:42.838 [ALFpaka] [WARNING] Log_spec ignored when pcen is set (extractSTFT:84)
2024-05-29 20:17:42.838 [ALFpaka] [WARNING] Log_spec ignored when pcen is set (extractSTFT:84)
2024-05-29 20:17:43.504 [ALFpaka] [INFO] Extracting features for class france-firefighter with id 1 (extractAndAddFeaturesToDataset:69)
2024-05-29 20:17:44.175 [ALFpaka] [WARNING] Log_spec ignored when pcen is set (extractSTFT:84)
2024-05-29 20:17:44.177 [ALFpaka] [WARNING] Log_spec ignored when pcen is set (extractSTFT:84)
2024-05-29 20:17:44.177 [ALFpaka] [WARNING] Log_spec ignored when pcen is set (extractSTFT:84)
2024-05-29 20:17:44.177 [ALFpaka] [WARNING] Log_spec ignored when pcen is set (extractSTFT:84)
2024-05-29 20:17:44.177 [ALFpaka] [WARNING] Log_spec ignored when pcen is set (extractSTFT:84)
2024-05-29 20:17:44.177 [ALFpaka] [WARNING] Log_spec ignored when pcen is set (extractSTFT:84)
2024-05-29 20:17:44.177 [ALFpaka] [WARNING] Log_spec ignored when pcen is set (extractSTFT:84)
2024-05-29 20:17:44.178 [ALFpaka] [WARNING] Log_spec ignored when pcen is set (extractSTFT:84)
2024-05-29 20:17:44.178 [ALFpaka] [WARNING] Log_spec ignored when pcen is set (extractSTFT:84)
2024-05-29 20:17:44.178 [ALFpaka] [WARNING] Log_spec ignored when pcen is set (extractSTFT:84)
2024-05-29 20:17:44.178 [ALFpaka] [WARNING] Log_spec ignored when pcen is set (extractSTFT:84)
2024-05-29 20:17:44.178 [ALFpaka] [WARNING] Log_spec ignored when pcen is set (extractSTFT:84)
2024-05-29 20:17:44.178 [ALFpaka] [WARNING] Log_spec ignored when pcen is set (extractSTFT:84)
2024-05-29 20:17:45.495 [ALFpaka] [INFO] Extracting features for class france-police with id 2 (extractAndAddFeaturesToDataset:69)
2024-05-29 20:17:52.598 [ALFpaka] [WARNING] Log_spec ignored when pcen is set (extractSTFT:84)
2024-05-29 20:17:52.598 [ALFpaka] [WARNING] Log_spec ignored when pcen is set (extractSTFT:84)
2024-05-29 20:17:52.598 [ALFpaka] [WARNING] Log_spec ignored when pcen is set (extractSTFT:84)
2024-05-29 20:17:52.599 [ALFpaka] [WARNING] Log_spec ignored when pcen is set (extractSTFT:84)
2024-05-29 20:17:52.599 [ALFpaka] [WARNING] Log_spec ignored when pcen is set (extractSTFT:84)
2024-05-29 20:17:52.599 [ALFpaka] [WARNING] Log_spec ignored when pcen is set (extractSTFT:84)
2024-05-29 20:17:52.599 [ALFpaka] [WARNING] Log_spec ignored when pcen is set (extractSTFT:84)
2024-05-29 20:17:52.599 [ALFpaka] [WARNING] Log_spec ignored when pcen is set (extractSTFT:84)
2024-05-29 20:17:52.599 [ALFpaka] [WARNING] Log_spec ignored when pcen is set (extractSTFT:84)
2024-05-29 20:17:52.600 [ALFpaka] [WARNING] Log_spec ignored when pcen is set (extractSTFT:84)
2024-05-29 20:17:52.600 [ALFpaka] [WARNING] Log_spec ignored when pcen is set (extractSTFT:84)
2024-05-29 20:17:52.600 [ALFpaka] [WARNING] Log_spec ignored when pcen is set (extractSTFT:84)
2024-05-29 20:17:52.600 [ALFpaka] [WARNING] Log_spec ignored when pcen is set (extractSTFT:84)
2024-05-29 20:17:52.600 [ALFpaka] [WARNING] Log_spec ignored when pcen is set (extractSTFT:84)
2024-05-29 20:17:52.600 [ALFpaka] [WARNING] Log_spec ignored when pcen is set (extractSTFT:84)
2024-05-29 20:17:52.600 [ALFpaka] [WARNING] Log_spec ignored when pcen is set (extractSTFT:84)
2024-05-29 20:17:53.651 [ALFpaka] [INFO] Extracting features for class germany-ambulance with id 3 (extractAndAddFeaturesToDataset:69)
2024-05-29 20:17:54.361 [ALFpaka] [WARNING] Log_spec ignored when pcen is set (extractSTFT:84)
2024-05-29 20:17:54.361 [ALFpaka] [WARNING] Log_spec ignored when pcen is set (extractSTFT:84)
2024-05-29 20:17:54.361 [ALFpaka] [WARNING] Log_spec ignored when pcen is set (extractSTFT:84)
2024-05-29 20:17:54.361 [ALFpaka] [WARNING] Log_spec ignored when pcen is set (extractSTFT:84)
2024-05-29 20:17:54.362 [ALFpaka] [WARNING] Log_spec ignored when pcen is set (extractSTFT:84)
2024-05-29 20:17:54.362 [ALFpaka] [WARNING] Log_spec ignored when pcen is set (extractSTFT:84)
2024-05-29 20:17:54.362 [ALFpaka] [WARNING] Log_spec ignored when pcen is set (extractSTFT:84)
2024-05-29 20:17:54.362 [ALFpaka] [WARNING] Log_spec ignored when pcen is set (extractSTFT:84)
2024-05-29 20:17:54.362 [ALFpaka] [WARNING] Log_spec ignored when pcen is set (extractSTFT:84)
2024-05-29 20:17:54.363 [ALFpaka] [WARNING] Log_spec ignored when pcen is set (extractSTFT:84)
2024-05-29 20:17:54.363 [ALFpaka] [WARNING] Log_spec ignored when pcen is set (extractSTFT:84)
2024-05-29 20:17:54.363 [ALFpaka] [WARNING] Log_spec ignored when pcen is set (extractSTFT:84)
2024-05-29 20:17:54.363 [ALFpaka] [WARNING] Log_spec ignored when pcen is set (extractSTFT:84)
2024-05-29 20:17:54.364 [ALFpaka] [WARNING] Log_spec ignored when pcen is set (extractSTFT:84)
2024-05-29 20:17:54.364 [ALFpaka] [WARNING] Log_spec ignored when pcen is set (extractSTFT:84)
2024-05-29 20:17:54.364 [ALFpaka] [WARNING] Log_spec ignored when pcen is set (extractSTFT:84)
2024-05-29 20:17:54.364 [ALFpaka] [WARNING] Log_spec ignored when pcen is set (extractSTFT:84)
2024-05-29 20:17:55.364 [ALFpaka] [INFO] Extracting features for class germany-firefighter with id 4 (extractAndAddFeaturesToDataset:69)
2024-05-29 20:17:57.343 [ALFpaka] [WARNING] Log_spec ignored when pcen is set (extractSTFT:84)
2024-05-29 20:17:57.343 [ALFpaka] [WARNING] Log_spec ignored when pcen is set (extractSTFT:84)
2024-05-29 20:17:57.343 [ALFpaka] [WARNING] Log_spec ignored when pcen is set (extractSTFT:84)
2024-05-29 20:17:57.344 [ALFpaka] [WARNING] Log_spec ignored when pcen is set (extractSTFT:84)
2024-05-29 20:17:57.343 [ALFpaka] [WARNING] Log_spec ignored when pcen is set (extractSTFT:84)
2024-05-29 20:17:57.344 [ALFpaka] [WARNING] Log_spec ignored when pcen is set (extractSTFT:84)
2024-05-29 20:17:57.344 [ALFpaka] [WARNING] Log_spec ignored when pcen is set (extractSTFT:84)
2024-05-29 20:17:57.344 [ALFpaka] [WARNING] Log_spec ignored when pcen is set (extractSTFT:84)
2024-05-29 20:17:57.344 [ALFpaka] [WARNING] Log_spec ignored when pcen is set (extractSTFT:84)
2024-05-29 20:17:57.345 [ALFpaka] [WARNING] Log_spec ignored when pcen is set (extractSTFT:84)
2024-05-29 20:17:57.345 [ALFpaka] [WARNING] Log_spec ignored when pcen is set (extractSTFT:84)
2024-05-29 20:17:58.092 [ALFpaka] [INFO] Extracting features for class germany-police with id 5 (extractAndAddFeaturesToDataset:69)
2024-05-29 20:17:58.637 [ALFpaka] [WARNING] Log_spec ignored when pcen is set (extractSTFT:84)
2024-05-29 20:17:58.637 [ALFpaka] [WARNING] Log_spec ignored when pcen is set (extractSTFT:84)
2024-05-29 20:17:58.638 [ALFpaka] [WARNING] Log_spec ignored when pcen is set (extractSTFT:84)
2024-05-29 20:17:58.638 [ALFpaka] [WARNING] Log_spec ignored when pcen is set (extractSTFT:84)
2024-05-29 20:17:58.638 [ALFpaka] [WARNING] Log_spec ignored when pcen is set (extractSTFT:84)
2024-05-29 20:17:58.638 [ALFpaka] [WARNING] Log_spec ignored when pcen is set (extractSTFT:84)
2024-05-29 20:17:58.638 [ALFpaka] [WARNING] Log_spec ignored when pcen is set (extractSTFT:84)
2024-05-29 20:17:58.639 [ALFpaka] [WARNING] Log_spec ignored when pcen is set (extractSTFT:84)
2024-05-29 20:17:58.639 [ALFpaka] [WARNING] Log_spec ignored when pcen is set (extractSTFT:84)
2024-05-29 20:17:58.639 [ALFpaka] [WARNING] Log_spec ignored when pcen is set (extractSTFT:84)
2024-05-29 20:17:58.639 [ALFpaka] [WARNING] Log_spec ignored when pcen is set (extractSTFT:84)
2024-05-29 20:17:58.640 [ALFpaka] [WARNING] Log_spec ignored when pcen is set (extractSTFT:84)
2024-05-29 20:17:58.640 [ALFpaka] [WARNING] Log_spec ignored when pcen is set (extractSTFT:84)
2024-05-29 20:17:58.640 [ALFpaka] [WARNING] Log_spec ignored when pcen is set (extractSTFT:84)
2024-05-29 20:17:58.640 [ALFpaka] [WARNING] Log_spec ignored when pcen is set (extractSTFT:84)
2024-05-29 20:17:59.590 [ALFpaka] [INFO] Extracting features for class italy-ambulance with id 6 (extractAndAddFeaturesToDataset:69)
2024-05-29 20:18:00.071 [ALFpaka] [WARNING] Log_spec ignored when pcen is set (extractSTFT:84)
2024-05-29 20:18:00.070 [ALFpaka] [WARNING] Log_spec ignored when pcen is set (extractSTFT:84)
2024-05-29 20:18:00.071 [ALFpaka] [WARNING] Log_spec ignored when pcen is set (extractSTFT:84)
2024-05-29 20:18:00.071 [ALFpaka] [WARNING] Log_spec ignored when pcen is set (extractSTFT:84)
2024-05-29 20:18:00.071 [ALFpaka] [WARNING] Log_spec ignored when pcen is set (extractSTFT:84)
2024-05-29 20:18:00.072 [ALFpaka] [WARNING] Log_spec ignored when pcen is set (extractSTFT:84)
2024-05-29 20:18:00.072 [ALFpaka] [WARNING] Log_spec ignored when pcen is set (extractSTFT:84)
2024-05-29 20:18:00.072 [ALFpaka] [WARNING] Log_spec ignored when pcen is set (extractSTFT:84)
2024-05-29 20:18:00.072 [ALFpaka] [WARNING] Log_spec ignored when pcen is set (extractSTFT:84)
2024-05-29 20:18:00.072 [ALFpaka] [WARNING] Log_spec ignored when pcen is set (extractSTFT:84)
2024-05-29 20:18:00.073 [ALFpaka] [WARNING] Log_spec ignored when pcen is set (extractSTFT:84)
2024-05-29 20:18:00.073 [ALFpaka] [WARNING] Log_spec ignored when pcen is set (extractSTFT:84)
2024-05-29 20:18:00.073 [ALFpaka] [WARNING] Log_spec ignored when pcen is set (extractSTFT:84)
2024-05-29 20:18:00.919 [ALFpaka] [INFO] Extracting features for class italy-firefighter with id 7 (extractAndAddFeaturesToDataset:69)
2024-05-29 20:18:01.467 [ALFpaka] [WARNING] Log_spec ignored when pcen is set (extractSTFT:84)
2024-05-29 20:18:01.467 [ALFpaka] [WARNING] Log_spec ignored when pcen is set (extractSTFT:84)
2024-05-29 20:18:01.467 [ALFpaka] [WARNING] Log_spec ignored when pcen is set (extractSTFT:84)
2024-05-29 20:18:01.467 [ALFpaka] [WARNING] Log_spec ignored when pcen is set (extractSTFT:84)
2024-05-29 20:18:01.467 [ALFpaka] [WARNING] Log_spec ignored when pcen is set (extractSTFT:84)
2024-05-29 20:18:01.467 [ALFpaka] [WARNING] Log_spec ignored when pcen is set (extractSTFT:84)
2024-05-29 20:18:01.468 [ALFpaka] [WARNING] Log_spec ignored when pcen is set (extractSTFT:84)
2024-05-29 20:18:01.468 [ALFpaka] [WARNING] Log_spec ignored when pcen is set (extractSTFT:84)
2024-05-29 20:18:01.468 [ALFpaka] [WARNING] Log_spec ignored when pcen is set (extractSTFT:84)
2024-05-29 20:18:01.468 [ALFpaka] [WARNING] Log_spec ignored when pcen is set (extractSTFT:84)
2024-05-29 20:18:01.468 [ALFpaka] [WARNING] Log_spec ignored when pcen is set (extractSTFT:84)
2024-05-29 20:18:01.469 [ALFpaka] [WARNING] Log_spec ignored when pcen is set (extractSTFT:84)
2024-05-29 20:18:01.469 [ALFpaka] [WARNING] Log_spec ignored when pcen is set (extractSTFT:84)
2024-05-29 20:18:01.469 [ALFpaka] [WARNING] Log_spec ignored when pcen is set (extractSTFT:84)
2024-05-29 20:18:01.469 [ALFpaka] [WARNING] Log_spec ignored when pcen is set (extractSTFT:84)
2024-05-29 20:18:01.469 [ALFpaka] [WARNING] Log_spec ignored when pcen is set (extractSTFT:84)
2024-05-29 20:18:01.470 [ALFpaka] [WARNING] Log_spec ignored when pcen is set (extractSTFT:84)
2024-05-29 20:18:01.470 [ALFpaka] [WARNING] Log_spec ignored when pcen is set (extractSTFT:84)
2024-05-29 20:18:01.470 [ALFpaka] [WARNING] Log_spec ignored when pcen is set (extractSTFT:84)
2024-05-29 20:18:01.471 [ALFpaka] [WARNING] Log_spec ignored when pcen is set (extractSTFT:84)
2024-05-29 20:18:01.471 [ALFpaka] [WARNING] Log_spec ignored when pcen is set (extractSTFT:84)
2024-05-29 20:18:01.471 [ALFpaka] [WARNING] Log_spec ignored when pcen is set (extractSTFT:84)
2024-05-29 20:18:01.471 [ALFpaka] [WARNING] Log_spec ignored when pcen is set (extractSTFT:84)
2024-05-29 20:18:01.471 [ALFpaka] [WARNING] Log_spec ignored when pcen is set (extractSTFT:84)
2024-05-29 20:18:01.472 [ALFpaka] [WARNING] Log_spec ignored when pcen is set (extractSTFT:84)
2024-05-29 20:18:01.472 [ALFpaka] [WARNING] Log_spec ignored when pcen is set (extractSTFT:84)
2024-05-29 20:18:01.472 [ALFpaka] [WARNING] Log_spec ignored when pcen is set (extractSTFT:84)
2024-05-29 20:18:01.473 [ALFpaka] [WARNING] Log_spec ignored when pcen is set (extractSTFT:84)
2024-05-29 20:18:02.838 [ALFpaka] [INFO] Extracting features for class italy-police with id 8 (extractAndAddFeaturesToDataset:69)
2024-05-29 20:18:03.151 [ALFpaka] [WARNING] Log_spec ignored when pcen is set (extractSTFT:84)
2024-05-29 20:18:03.152 [ALFpaka] [WARNING] Log_spec ignored when pcen is set (extractSTFT:84)
2024-05-29 20:18:03.152 [ALFpaka] [WARNING] Log_spec ignored when pcen is set (extractSTFT:84)
2024-05-29 20:18:03.152 [ALFpaka] [WARNING] Log_spec ignored when pcen is set (extractSTFT:84)
2024-05-29 20:18:03.152 [ALFpaka] [WARNING] Log_spec ignored when pcen is set (extractSTFT:84)
2024-05-29 20:18:03.152 [ALFpaka] [WARNING] Log_spec ignored when pcen is set (extractSTFT:84)
2024-05-29 20:18:03.152 [ALFpaka] [WARNING] Log_spec ignored when pcen is set (extractSTFT:84)
2024-05-29 20:18:03.153 [ALFpaka] [WARNING] Log_spec ignored when pcen is set (extractSTFT:84)
2024-05-29 20:18:03.153 [ALFpaka] [WARNING] Log_spec ignored when pcen is set (extractSTFT:84)
2024-05-29 20:18:03.153 [ALFpaka] [WARNING] Log_spec ignored when pcen is set (extractSTFT:84)
2024-05-29 20:18:03.154 [ALFpaka] [WARNING] Log_spec ignored when pcen is set (extractSTFT:84)
2024-05-29 20:18:03.154 [ALFpaka] [WARNING] Log_spec ignored when pcen is set (extractSTFT:84)
2024-05-29 20:18:03.154 [ALFpaka] [WARNING] Log_spec ignored when pcen is set (extractSTFT:84)
2024-05-29 20:18:03.155 [ALFpaka] [WARNING] Log_spec ignored when pcen is set (extractSTFT:84)
2024-05-29 20:18:03.155 [ALFpaka] [WARNING] Log_spec ignored when pcen is set (extractSTFT:84)
2024-05-29 20:18:03.155 [ALFpaka] [WARNING] Log_spec ignored when pcen is set (extractSTFT:84)
2024-05-29 20:18:03.156 [ALFpaka] [WARNING] Log_spec ignored when pcen is set (extractSTFT:84)
2024-05-29 20:18:03.156 [ALFpaka] [WARNING] Log_spec ignored when pcen is set (extractSTFT:84)
2024-05-29 20:18:03.158 [ALFpaka] [WARNING] Log_spec ignored when pcen is set (extractSTFT:84)
2024-05-29 20:18:03.158 [ALFpaka] [WARNING] Log_spec ignored when pcen is set (extractSTFT:84)
2024-05-29 20:18:03.158 [ALFpaka] [WARNING] Log_spec ignored when pcen is set (extractSTFT:84)
2024-05-29 20:18:03.158 [ALFpaka] [WARNING] Log_spec ignored when pcen is set (extractSTFT:84)
2024-05-29 20:18:03.159 [ALFpaka] [WARNING] Log_spec ignored when pcen is set (extractSTFT:84)
2024-05-29 20:18:03.159 [ALFpaka] [WARNING] Log_spec ignored when pcen is set (extractSTFT:84)
2024-05-29 20:18:03.160 [ALFpaka] [WARNING] Log_spec ignored when pcen is set (extractSTFT:84)
2024-05-29 20:18:03.160 [ALFpaka] [WARNING] Log_spec ignored when pcen is set (extractSTFT:84)
2024-05-29 20:18:03.161 [ALFpaka] [WARNING] Log_spec ignored when pcen is set (extractSTFT:84)
2024-05-29 20:18:03.161 [ALFpaka] [WARNING] Log_spec ignored when pcen is set (extractSTFT:84)
2024-05-29 20:18:03.162 [ALFpaka] [WARNING] Log_spec ignored when pcen is set (extractSTFT:84)
2024-05-29 20:18:03.162 [ALFpaka] [WARNING] Log_spec ignored when pcen is set (extractSTFT:84)
2024-05-29 20:18:03.162 [ALFpaka] [WARNING] Log_spec ignored when pcen is set (extractSTFT:84)
2024-05-29 20:18:03.163 [ALFpaka] [WARNING] Log_spec ignored when pcen is set (extractSTFT:84)
2024-05-29 20:18:03.163 [ALFpaka] [WARNING] Log_spec ignored when pcen is set (extractSTFT:84)
2024-05-29 20:18:04.724 [ALFpaka] [INFO] Extracting features for class nosirens with id 12 (extractAndAddFeaturesToDataset:69)
2024-05-29 20:18:05.035 [ALFpaka] [WARNING] Log_spec ignored when pcen is set (extractSTFT:84)
2024-05-29 20:18:05.035 [ALFpaka] [WARNING] Log_spec ignored when pcen is set (extractSTFT:84)
2024-05-29 20:18:05.035 [ALFpaka] [WARNING] Log_spec ignored when pcen is set (extractSTFT:84)
2024-05-29 20:18:05.035 [ALFpaka] [WARNING] Log_spec ignored when pcen is set (extractSTFT:84)
2024-05-29 20:18:05.035 [ALFpaka] [WARNING] Log_spec ignored when pcen is set (extractSTFT:84)
2024-05-29 20:18:05.036 [ALFpaka] [WARNING] Log_spec ignored when pcen is set (extractSTFT:84)
2024-05-29 20:18:05.036 [ALFpaka] [WARNING] Log_spec ignored when pcen is set (extractSTFT:84)
2024-05-29 20:18:05.036 [ALFpaka] [WARNING] Log_spec ignored when pcen is set (extractSTFT:84)
2024-05-29 20:18:05.036 [ALFpaka] [WARNING] Log_spec ignored when pcen is set (extractSTFT:84)
2024-05-29 20:18:05.036 [ALFpaka] [WARNING] Log_spec ignored when pcen is set (extractSTFT:84)
2024-05-29 20:18:05.037 [ALFpaka] [WARNING] Log_spec ignored when pcen is set (extractSTFT:84)
2024-05-29 20:18:05.037 [ALFpaka] [WARNING] Log_spec ignored when pcen is set (extractSTFT:84)
2024-05-29 20:18:05.037 [ALFpaka] [WARNING] Log_spec ignored when pcen is set (extractSTFT:84)
2024-05-29 20:18:05.038 [ALFpaka] [WARNING] Log_spec ignored when pcen is set (extractSTFT:84)
2024-05-29 20:18:05.038 [ALFpaka] [WARNING] Log_spec ignored when pcen is set (extractSTFT:84)
2024-05-29 20:18:05.038 [ALFpaka] [WARNING] Log_spec ignored when pcen is set (extractSTFT:84)
2024-05-29 20:18:05.039 [ALFpaka] [WARNING] Log_spec ignored when pcen is set (extractSTFT:84)
2024-05-29 20:18:05.039 [ALFpaka] [WARNING] Log_spec ignored when pcen is set (extractSTFT:84)
2024-05-29 20:18:05.039 [ALFpaka] [WARNING] Log_spec ignored when pcen is set (extractSTFT:84)
2024-05-29 20:18:05.040 [ALFpaka] [WARNING] Log_spec ignored when pcen is set (extractSTFT:84)
2024-05-29 20:18:05.039 [ALFpaka] [WARNING] Log_spec ignored when pcen is set (extractSTFT:84)
2024-05-29 20:18:05.040 [ALFpaka] [WARNING] Log_spec ignored when pcen is set (extractSTFT:84)
2024-05-29 20:18:05.040 [ALFpaka] [WARNING] Log_spec ignored when pcen is set (extractSTFT:84)
2024-05-29 20:18:05.040 [ALFpaka] [WARNING] Log_spec ignored when pcen is set (extractSTFT:84)
2024-05-29 20:18:05.040 [ALFpaka] [WARNING] Log_spec ignored when pcen is set (extractSTFT:84)
2024-05-29 20:18:05.041 [ALFpaka] [WARNING] Log_spec ignored when pcen is set (extractSTFT:84)
2024-05-29 20:18:05.041 [ALFpaka] [WARNING] Log_spec ignored when pcen is set (extractSTFT:84)
2024-05-29 20:18:05.041 [ALFpaka] [WARNING] Log_spec ignored when pcen is set (extractSTFT:84)
2024-05-29 20:18:05.042 [ALFpaka] [WARNING] Log_spec ignored when pcen is set (extractSTFT:84)
2024-05-29 20:18:05.042 [ALFpaka] [WARNING] Log_spec ignored when pcen is set (extractSTFT:84)
2024-05-29 20:18:05.044 [ALFpaka] [WARNING] Log_spec ignored when pcen is set (extractSTFT:84)
2024-05-29 20:18:05.043 [ALFpaka] [WARNING] Log_spec ignored when pcen is set (extractSTFT:84)
2024-05-29 20:18:05.045 [ALFpaka] [WARNING] Log_spec ignored when pcen is set (extractSTFT:84)
2024-05-29 20:18:05.045 [ALFpaka] [WARNING] Log_spec ignored when pcen is set (extractSTFT:84)
2024-05-29 20:18:05.045 [ALFpaka] [WARNING] Log_spec ignored when pcen is set (extractSTFT:84)
2024-05-29 20:18:05.047 [ALFpaka] [WARNING] Log_spec ignored when pcen is set (extractSTFT:84)
2024-05-29 20:18:05.050 [ALFpaka] [WARNING] Log_spec ignored when pcen is set (extractSTFT:84)
2024-05-29 20:18:05.050 [ALFpaka] [WARNING] Log_spec ignored when pcen is set (extractSTFT:84)
2024-05-29 20:18:05.048 [ALFpaka] [WARNING] Log_spec ignored when pcen is set (extractSTFT:84)
2024-05-29 20:18:05.051 [ALFpaka] [WARNING] Log_spec ignored when pcen is set (extractSTFT:84)
2024-05-29 20:18:05.054 [ALFpaka] [WARNING] Log_spec ignored when pcen is set (extractSTFT:84)
2024-05-29 20:18:05.053 [ALFpaka] [WARNING] Log_spec ignored when pcen is set (extractSTFT:84)
2024-05-29 20:18:05.055 [ALFpaka] [WARNING] Log_spec ignored when pcen is set (extractSTFT:84)
2024-05-29 20:18:05.055 [ALFpaka] [WARNING] Log_spec ignored when pcen is set (extractSTFT:84)
2024-05-29 20:18:05.057 [ALFpaka] [WARNING] Log_spec ignored when pcen is set (extractSTFT:84)
2024-05-29 20:18:05.058 [ALFpaka] [WARNING] Log_spec ignored when pcen is set (extractSTFT:84)
2024-05-29 20:18:05.057 [ALFpaka] [WARNING] Log_spec ignored when pcen is set (extractSTFT:84)
2024-05-29 20:18:05.064 [ALFpaka] [WARNING] Log_spec ignored when pcen is set (extractSTFT:84)
2024-05-29 20:18:06.316 [ALFpaka] [WARNING] Log_spec ignored when pcen is set (extractSTFT:84)
2024-05-29 20:18:06.383 [ALFpaka] [WARNING] Log_spec ignored when pcen is set (extractSTFT:84)
2024-05-29 20:18:06.460 [ALFpaka] [WARNING] Log_spec ignored when pcen is set (extractSTFT:84)
2024-05-29 20:18:06.502 [ALFpaka] [WARNING] Log_spec ignored when pcen is set (extractSTFT:84)
2024-05-29 20:18:06.502 [ALFpaka] [WARNING] Log_spec ignored when pcen is set (extractSTFT:84)
2024-05-29 20:18:06.504 [ALFpaka] [WARNING] Log_spec ignored when pcen is set (extractSTFT:84)
2024-05-29 20:18:06.505 [ALFpaka] [WARNING] Log_spec ignored when pcen is set (extractSTFT:84)
2024-05-29 20:18:06.546 [ALFpaka] [WARNING] Log_spec ignored when pcen is set (extractSTFT:84)
2024-05-29 20:18:06.547 [ALFpaka] [WARNING] Log_spec ignored when pcen is set (extractSTFT:84)
2024-05-29 20:18:06.545 [ALFpaka] [WARNING] Log_spec ignored when pcen is set (extractSTFT:84)
2024-05-29 20:18:06.548 [ALFpaka] [WARNING] Log_spec ignored when pcen is set (extractSTFT:84)
2024-05-29 20:18:06.588 [ALFpaka] [WARNING] Log_spec ignored when pcen is set (extractSTFT:84)
2024-05-29 20:18:06.598 [ALFpaka] [WARNING] Log_spec ignored when pcen is set (extractSTFT:84)
2024-05-29 20:18:06.620 [ALFpaka] [WARNING] Log_spec ignored when pcen is set (extractSTFT:84)
2024-05-29 20:18:06.620 [ALFpaka] [WARNING] Log_spec ignored when pcen is set (extractSTFT:84)
2024-05-29 20:18:06.635 [ALFpaka] [WARNING] Log_spec ignored when pcen is set (extractSTFT:84)
2024-05-29 20:18:06.635 [ALFpaka] [WARNING] Log_spec ignored when pcen is set (extractSTFT:84)
2024-05-29 20:18:06.635 [ALFpaka] [WARNING] Log_spec ignored when pcen is set (extractSTFT:84)
2024-05-29 20:18:06.636 [ALFpaka] [WARNING] Log_spec ignored when pcen is set (extractSTFT:84)
2024-05-29 20:18:06.661 [ALFpaka] [WARNING] Log_spec ignored when pcen is set (extractSTFT:84)
2024-05-29 20:18:06.661 [ALFpaka] [WARNING] Log_spec ignored when pcen is set (extractSTFT:84)
2024-05-29 20:18:06.664 [ALFpaka] [WARNING] Log_spec ignored when pcen is set (extractSTFT:84)
2024-05-29 20:18:06.662 [ALFpaka] [WARNING] Log_spec ignored when pcen is set (extractSTFT:84)
2024-05-29 20:18:06.707 [ALFpaka] [WARNING] Log_spec ignored when pcen is set (extractSTFT:84)
2024-05-29 20:18:06.707 [ALFpaka] [WARNING] Log_spec ignored when pcen is set (extractSTFT:84)
2024-05-29 20:18:06.708 [ALFpaka] [WARNING] Log_spec ignored when pcen is set (extractSTFT:84)
2024-05-29 20:18:06.708 [ALFpaka] [WARNING] Log_spec ignored when pcen is set (extractSTFT:84)
2024-05-29 20:18:06.737 [ALFpaka] [WARNING] Log_spec ignored when pcen is set (extractSTFT:84)
2024-05-29 20:18:06.744 [ALFpaka] [WARNING] Log_spec ignored when pcen is set (extractSTFT:84)
2024-05-29 20:18:06.771 [ALFpaka] [WARNING] Log_spec ignored when pcen is set (extractSTFT:84)
2024-05-29 20:18:06.772 [ALFpaka] [WARNING] Log_spec ignored when pcen is set (extractSTFT:84)
2024-05-29 20:18:06.780 [ALFpaka] [WARNING] Log_spec ignored when pcen is set (extractSTFT:84)
2024-05-29 20:18:06.781 [ALFpaka] [WARNING] Log_spec ignored when pcen is set (extractSTFT:84)
2024-05-29 20:18:06.789 [ALFpaka] [WARNING] Log_spec ignored when pcen is set (extractSTFT:84)
2024-05-29 20:18:06.796 [ALFpaka] [WARNING] Log_spec ignored when pcen is set (extractSTFT:84)
2024-05-29 20:18:06.795 [ALFpaka] [WARNING] Log_spec ignored when pcen is set (extractSTFT:84)
2024-05-29 20:18:06.798 [ALFpaka] [WARNING] Log_spec ignored when pcen is set (extractSTFT:84)
2024-05-29 20:18:06.799 [ALFpaka] [WARNING] Log_spec ignored when pcen is set (extractSTFT:84)
2024-05-29 20:18:06.797 [ALFpaka] [WARNING] Log_spec ignored when pcen is set (extractSTFT:84)
2024-05-29 20:18:06.807 [ALFpaka] [WARNING] Log_spec ignored when pcen is set (extractSTFT:84)
2024-05-29 20:18:06.827 [ALFpaka] [WARNING] Log_spec ignored when pcen is set (extractSTFT:84)
2024-05-29 20:18:06.962 [ALFpaka] [WARNING] Log_spec ignored when pcen is set (extractSTFT:84)
2024-05-29 20:18:07.471 [ALFpaka] [WARNING] Log_spec ignored when pcen is set (extractSTFT:84)
2024-05-29 20:18:07.946 [ALFpaka] [WARNING] Log_spec ignored when pcen is set (extractSTFT:84)
2024-05-29 20:18:07.946 [ALFpaka] [WARNING] Log_spec ignored when pcen is set (extractSTFT:84)
2024-05-29 20:18:07.947 [ALFpaka] [WARNING] Log_spec ignored when pcen is set (extractSTFT:84)
2024-05-29 20:18:07.948 [ALFpaka] [WARNING] Log_spec ignored when pcen is set (extractSTFT:84)
2024-05-29 20:18:08.178 [ALFpaka] [WARNING] Log_spec ignored when pcen is set (extractSTFT:84)
2024-05-29 20:18:08.177 [ALFpaka] [WARNING] Log_spec ignored when pcen is set (extractSTFT:84)
2024-05-29 20:18:08.406 [ALFpaka] [WARNING] Log_spec ignored when pcen is set (extractSTFT:84)
2024-05-29 20:18:08.505 [ALFpaka] [WARNING] Log_spec ignored when pcen is set (extractSTFT:84)
2024-05-29 20:18:08.526 [ALFpaka] [WARNING] Log_spec ignored when pcen is set (extractSTFT:84)
2024-05-29 20:18:08.601 [ALFpaka] [WARNING] Log_spec ignored when pcen is set (extractSTFT:84)
2024-05-29 20:18:08.754 [ALFpaka] [WARNING] Log_spec ignored when pcen is set (extractSTFT:84)
2024-05-29 20:18:08.786 [ALFpaka] [WARNING] Log_spec ignored when pcen is set (extractSTFT:84)
2024-05-29 20:18:08.891 [ALFpaka] [WARNING] Log_spec ignored when pcen is set (extractSTFT:84)
2024-05-29 20:18:08.924 [ALFpaka] [WARNING] Log_spec ignored when pcen is set (extractSTFT:84)
2024-05-29 20:18:09.115 [ALFpaka] [WARNING] Log_spec ignored when pcen is set (extractSTFT:84)
2024-05-29 20:18:09.114 [ALFpaka] [WARNING] Log_spec ignored when pcen is set (extractSTFT:84)
2024-05-29 20:18:09.117 [ALFpaka] [WARNING] Log_spec ignored when pcen is set (extractSTFT:84)
2024-05-29 20:18:09.116 [ALFpaka] [WARNING] Log_spec ignored when pcen is set (extractSTFT:84)
2024-05-29 20:18:09.118 [ALFpaka] [WARNING] Log_spec ignored when pcen is set (extractSTFT:84)
2024-05-29 20:18:09.195 [ALFpaka] [WARNING] Log_spec ignored when pcen is set (extractSTFT:84)
2024-05-29 20:18:09.208 [ALFpaka] [WARNING] Log_spec ignored when pcen is set (extractSTFT:84)
2024-05-29 20:18:09.237 [ALFpaka] [WARNING] Log_spec ignored when pcen is set (extractSTFT:84)
2024-05-29 20:18:09.288 [ALFpaka] [WARNING] Log_spec ignored when pcen is set (extractSTFT:84)
2024-05-29 20:18:09.287 [ALFpaka] [WARNING] Log_spec ignored when pcen is set (extractSTFT:84)
2024-05-29 20:18:09.493 [ALFpaka] [WARNING] Log_spec ignored when pcen is set (extractSTFT:84)
2024-05-29 20:18:09.543 [ALFpaka] [WARNING] Log_spec ignored when pcen is set (extractSTFT:84)
2024-05-29 20:18:09.573 [ALFpaka] [WARNING] Log_spec ignored when pcen is set (extractSTFT:84)
2024-05-29 20:18:09.572 [ALFpaka] [WARNING] Log_spec ignored when pcen is set (extractSTFT:84)
2024-05-29 20:18:09.573 [ALFpaka] [WARNING] Log_spec ignored when pcen is set (extractSTFT:84)
2024-05-29 20:18:09.586 [ALFpaka] [WARNING] Log_spec ignored when pcen is set (extractSTFT:84)
2024-05-29 20:18:09.593 [ALFpaka] [WARNING] Log_spec ignored when pcen is set (extractSTFT:84)
2024-05-29 20:18:09.592 [ALFpaka] [WARNING] Log_spec ignored when pcen is set (extractSTFT:84)
2024-05-29 20:18:09.647 [ALFpaka] [WARNING] Log_spec ignored when pcen is set (extractSTFT:84)
2024-05-29 20:18:09.649 [ALFpaka] [WARNING] Log_spec ignored when pcen is set (extractSTFT:84)
2024-05-29 20:18:09.695 [ALFpaka] [WARNING] Log_spec ignored when pcen is set (extractSTFT:84)
2024-05-29 20:18:09.725 [ALFpaka] [WARNING] Log_spec ignored when pcen is set (extractSTFT:84)
2024-05-29 20:18:09.783 [ALFpaka] [WARNING] Log_spec ignored when pcen is set (extractSTFT:84)
2024-05-29 20:18:09.784 [ALFpaka] [WARNING] Log_spec ignored when pcen is set (extractSTFT:84)
2024-05-29 20:18:09.785 [ALFpaka] [WARNING] Log_spec ignored when pcen is set (extractSTFT:84)
2024-05-29 20:18:09.782 [ALFpaka] [WARNING] Log_spec ignored when pcen is set (extractSTFT:84)
2024-05-29 20:18:09.785 [ALFpaka] [WARNING] Log_spec ignored when pcen is set (extractSTFT:84)
2024-05-29 20:18:09.855 [ALFpaka] [WARNING] Log_spec ignored when pcen is set (extractSTFT:84)
2024-05-29 20:18:09.860 [ALFpaka] [WARNING] Log_spec ignored when pcen is set (extractSTFT:84)
2024-05-29 20:18:09.855 [ALFpaka] [WARNING] Log_spec ignored when pcen is set (extractSTFT:84)
2024-05-29 20:18:09.936 [ALFpaka] [WARNING] Log_spec ignored when pcen is set (extractSTFT:84)
2024-05-29 20:18:10.355 [ALFpaka] [WARNING] Log_spec ignored when pcen is set (extractSTFT:84)
2024-05-29 20:18:10.553 [ALFpaka] [WARNING] Log_spec ignored when pcen is set (extractSTFT:84)
2024-05-29 20:18:10.571 [ALFpaka] [WARNING] Log_spec ignored when pcen is set (extractSTFT:84)
2024-05-29 20:18:10.829 [ALFpaka] [WARNING] Log_spec ignored when pcen is set (extractSTFT:84)
2024-05-29 20:18:10.855 [ALFpaka] [WARNING] Log_spec ignored when pcen is set (extractSTFT:84)
2024-05-29 20:18:10.922 [ALFpaka] [WARNING] Log_spec ignored when pcen is set (extractSTFT:84)
2024-05-29 20:18:10.982 [ALFpaka] [WARNING] Log_spec ignored when pcen is set (extractSTFT:84)
2024-05-29 20:18:10.994 [ALFpaka] [WARNING] Log_spec ignored when pcen is set (extractSTFT:84)
2024-05-29 20:18:11.115 [ALFpaka] [WARNING] Log_spec ignored when pcen is set (extractSTFT:84)
2024-05-29 20:18:11.113 [ALFpaka] [WARNING] Log_spec ignored when pcen is set (extractSTFT:84)
2024-05-29 20:18:11.113 [ALFpaka] [WARNING] Log_spec ignored when pcen is set (extractSTFT:84)
2024-05-29 20:18:11.115 [ALFpaka] [WARNING] Log_spec ignored when pcen is set (extractSTFT:84)
2024-05-29 20:18:11.325 [ALFpaka] [WARNING] Log_spec ignored when pcen is set (extractSTFT:84)
2024-05-29 20:18:11.334 [ALFpaka] [WARNING] Log_spec ignored when pcen is set (extractSTFT:84)
2024-05-29 20:18:11.373 [ALFpaka] [WARNING] Log_spec ignored when pcen is set (extractSTFT:84)
2024-05-29 20:18:11.379 [ALFpaka] [WARNING] Log_spec ignored when pcen is set (extractSTFT:84)
2024-05-29 20:18:11.556 [ALFpaka] [WARNING] Log_spec ignored when pcen is set (extractSTFT:84)
2024-05-29 20:18:11.560 [ALFpaka] [WARNING] Log_spec ignored when pcen is set (extractSTFT:84)
2024-05-29 20:18:11.585 [ALFpaka] [WARNING] Log_spec ignored when pcen is set (extractSTFT:84)
2024-05-29 20:18:11.860 [ALFpaka] [WARNING] Log_spec ignored when pcen is set (extractSTFT:84)
2024-05-29 20:18:11.856 [ALFpaka] [WARNING] Log_spec ignored when pcen is set (extractSTFT:84)
2024-05-29 20:18:11.872 [ALFpaka] [WARNING] Log_spec ignored when pcen is set (extractSTFT:84)
2024-05-29 20:18:11.873 [ALFpaka] [WARNING] Log_spec ignored when pcen is set (extractSTFT:84)
2024-05-29 20:18:11.872 [ALFpaka] [WARNING] Log_spec ignored when pcen is set (extractSTFT:84)
2024-05-29 20:18:12.012 [ALFpaka] [WARNING] Log_spec ignored when pcen is set (extractSTFT:84)
2024-05-29 20:18:12.011 [ALFpaka] [WARNING] Log_spec ignored when pcen is set (extractSTFT:84)
2024-05-29 20:18:12.015 [ALFpaka] [WARNING] Log_spec ignored when pcen is set (extractSTFT:84)
2024-05-29 20:18:12.015 [ALFpaka] [WARNING] Log_spec ignored when pcen is set (extractSTFT:84)
2024-05-29 20:18:12.023 [ALFpaka] [WARNING] Log_spec ignored when pcen is set (extractSTFT:84)
2024-05-29 20:18:12.063 [ALFpaka] [WARNING] Log_spec ignored when pcen is set (extractSTFT:84)
2024-05-29 20:18:12.064 [ALFpaka] [WARNING] Log_spec ignored when pcen is set (extractSTFT:84)
2024-05-29 20:18:12.445 [ALFpaka] [WARNING] Log_spec ignored when pcen is set (extractSTFT:84)
2024-05-29 20:18:12.444 [ALFpaka] [WARNING] Log_spec ignored when pcen is set (extractSTFT:84)
2024-05-29 20:18:12.457 [ALFpaka] [WARNING] Log_spec ignored when pcen is set (extractSTFT:84)
2024-05-29 20:18:12.452 [ALFpaka] [WARNING] Log_spec ignored when pcen is set (extractSTFT:84)
2024-05-29 20:18:12.454 [ALFpaka] [WARNING] Log_spec ignored when pcen is set (extractSTFT:84)
2024-05-29 20:18:12.453 [ALFpaka] [WARNING] Log_spec ignored when pcen is set (extractSTFT:84)
2024-05-29 20:18:12.456 [ALFpaka] [WARNING] Log_spec ignored when pcen is set (extractSTFT:84)
2024-05-29 20:18:12.455 [ALFpaka] [WARNING] Log_spec ignored when pcen is set (extractSTFT:84)
2024-05-29 20:18:12.457 [ALFpaka] [WARNING] Log_spec ignored when pcen is set (extractSTFT:84)
2024-05-29 20:18:12.456 [ALFpaka] [WARNING] Log_spec ignored when pcen is set (extractSTFT:84)
2024-05-29 20:18:12.512 [ALFpaka] [WARNING] Log_spec ignored when pcen is set (extractSTFT:84)
2024-05-29 20:18:12.451 [ALFpaka] [WARNING] Log_spec ignored when pcen is set (extractSTFT:84)
2024-05-29 20:18:12.709 [ALFpaka] [WARNING] Log_spec ignored when pcen is set (extractSTFT:84)
2024-05-29 20:18:12.714 [ALFpaka] [WARNING] Log_spec ignored when pcen is set (extractSTFT:84)
2024-05-29 20:18:12.578 [ALFpaka] [WARNING] Log_spec ignored when pcen is set (extractSTFT:84)
2024-05-29 20:18:12.758 [ALFpaka] [WARNING] Log_spec ignored when pcen is set (extractSTFT:84)
2024-05-29 20:18:12.763 [ALFpaka] [WARNING] Log_spec ignored when pcen is set (extractSTFT:84)
2024-05-29 20:18:13.439 [ALFpaka] [WARNING] Log_spec ignored when pcen is set (extractSTFT:84)
2024-05-29 20:18:13.477 [ALFpaka] [WARNING] Log_spec ignored when pcen is set (extractSTFT:84)
2024-05-29 20:18:13.508 [ALFpaka] [WARNING] Log_spec ignored when pcen is set (extractSTFT:84)
2024-05-29 20:18:13.521 [ALFpaka] [WARNING] Log_spec ignored when pcen is set (extractSTFT:84)
2024-05-29 20:18:13.526 [ALFpaka] [WARNING] Log_spec ignored when pcen is set (extractSTFT:84)
2024-05-29 20:18:13.545 [ALFpaka] [WARNING] Log_spec ignored when pcen is set (extractSTFT:84)
2024-05-29 20:18:13.544 [ALFpaka] [WARNING] Log_spec ignored when pcen is set (extractSTFT:84)
2024-05-29 20:18:13.604 [ALFpaka] [WARNING] Log_spec ignored when pcen is set (extractSTFT:84)
2024-05-29 20:18:13.690 [ALFpaka] [WARNING] Log_spec ignored when pcen is set (extractSTFT:84)
2024-05-29 20:18:13.696 [ALFpaka] [WARNING] Log_spec ignored when pcen is set (extractSTFT:84)
2024-05-29 20:18:13.762 [ALFpaka] [WARNING] Log_spec ignored when pcen is set (extractSTFT:84)
2024-05-29 20:18:13.763 [ALFpaka] [WARNING] Log_spec ignored when pcen is set (extractSTFT:84)
2024-05-29 20:18:13.761 [ALFpaka] [WARNING] Log_spec ignored when pcen is set (extractSTFT:84)
2024-05-29 20:18:13.787 [ALFpaka] [WARNING] Log_spec ignored when pcen is set (extractSTFT:84)
2024-05-29 20:18:13.810 [ALFpaka] [WARNING] Log_spec ignored when pcen is set (extractSTFT:84)
2024-05-29 20:18:13.948 [ALFpaka] [WARNING] Log_spec ignored when pcen is set (extractSTFT:84)
2024-05-29 20:18:13.947 [ALFpaka] [WARNING] Log_spec ignored when pcen is set (extractSTFT:84)
2024-05-29 20:18:14.073 [ALFpaka] [WARNING] Log_spec ignored when pcen is set (extractSTFT:84)
2024-05-29 20:18:14.074 [ALFpaka] [WARNING] Log_spec ignored when pcen is set (extractSTFT:84)
2024-05-29 20:18:14.073 [ALFpaka] [WARNING] Log_spec ignored when pcen is set (extractSTFT:84)
2024-05-29 20:18:14.075 [ALFpaka] [WARNING] Log_spec ignored when pcen is set (extractSTFT:84)
2024-05-29 20:18:14.142 [ALFpaka] [WARNING] Log_spec ignored when pcen is set (extractSTFT:84)
2024-05-29 20:18:14.406 [ALFpaka] [WARNING] Log_spec ignored when pcen is set (extractSTFT:84)
2024-05-29 20:18:14.440 [ALFpaka] [WARNING] Log_spec ignored when pcen is set (extractSTFT:84)
2024-05-29 20:18:14.591 [ALFpaka] [WARNING] Log_spec ignored when pcen is set (extractSTFT:84)
2024-05-29 20:18:14.562 [ALFpaka] [WARNING] Log_spec ignored when pcen is set (extractSTFT:84)
2024-05-29 20:18:14.976 [ALFpaka] [WARNING] Log_spec ignored when pcen is set (extractSTFT:84)
2024-05-29 20:18:14.975 [ALFpaka] [WARNING] Log_spec ignored when pcen is set (extractSTFT:84)
2024-05-29 20:18:14.978 [ALFpaka] [WARNING] Log_spec ignored when pcen is set (extractSTFT:84)
2024-05-29 20:18:14.975 [ALFpaka] [WARNING] Log_spec ignored when pcen is set (extractSTFT:84)
2024-05-29 20:18:14.978 [ALFpaka] [WARNING] Log_spec ignored when pcen is set (extractSTFT:84)
2024-05-29 20:18:15.047 [ALFpaka] [WARNING] Log_spec ignored when pcen is set (extractSTFT:84)
2024-05-29 20:18:15.078 [ALFpaka] [WARNING] Log_spec ignored when pcen is set (extractSTFT:84)
2024-05-29 20:18:15.177 [ALFpaka] [WARNING] Log_spec ignored when pcen is set (extractSTFT:84)
2024-05-29 20:18:15.176 [ALFpaka] [WARNING] Log_spec ignored when pcen is set (extractSTFT:84)
2024-05-29 20:18:15.186 [ALFpaka] [WARNING] Log_spec ignored when pcen is set (extractSTFT:84)
2024-05-29 20:18:15.243 [ALFpaka] [WARNING] Log_spec ignored when pcen is set (extractSTFT:84)
2024-05-29 20:18:15.323 [ALFpaka] [WARNING] Log_spec ignored when pcen is set (extractSTFT:84)
2024-05-29 20:18:15.323 [ALFpaka] [WARNING] Log_spec ignored when pcen is set (extractSTFT:84)
2024-05-29 20:18:15.322 [ALFpaka] [WARNING] Log_spec ignored when pcen is set (extractSTFT:84)
2024-05-29 20:18:15.336 [ALFpaka] [WARNING] Log_spec ignored when pcen is set (extractSTFT:84)
2024-05-29 20:18:15.335 [ALFpaka] [WARNING] Log_spec ignored when pcen is set (extractSTFT:84)
2024-05-29 20:18:15.376 [ALFpaka] [WARNING] Log_spec ignored when pcen is set (extractSTFT:84)
2024-05-29 20:18:15.382 [ALFpaka] [WARNING] Log_spec ignored when pcen is set (extractSTFT:84)
2024-05-29 20:18:15.394 [ALFpaka] [WARNING] Log_spec ignored when pcen is set (extractSTFT:84)
2024-05-29 20:18:15.405 [ALFpaka] [WARNING] Log_spec ignored when pcen is set (extractSTFT:84)
2024-05-29 20:18:15.470 [ALFpaka] [WARNING] Log_spec ignored when pcen is set (extractSTFT:84)
2024-05-29 20:18:15.529 [ALFpaka] [WARNING] Log_spec ignored when pcen is set (extractSTFT:84)
2024-05-29 20:18:15.760 [ALFpaka] [WARNING] Log_spec ignored when pcen is set (extractSTFT:84)
2024-05-29 20:18:15.772 [ALFpaka] [WARNING] Log_spec ignored when pcen is set (extractSTFT:84)
2024-05-29 20:18:15.771 [ALFpaka] [WARNING] Log_spec ignored when pcen is set (extractSTFT:84)
2024-05-29 20:18:15.771 [ALFpaka] [WARNING] Log_spec ignored when pcen is set (extractSTFT:84)
2024-05-29 20:18:16.025 [ALFpaka] [WARNING] Log_spec ignored when pcen is set (extractSTFT:84)
2024-05-29 20:18:16.146 [ALFpaka] [WARNING] Log_spec ignored when pcen is set (extractSTFT:84)
2024-05-29 20:18:16.414 [ALFpaka] [WARNING] Log_spec ignored when pcen is set (extractSTFT:84)
2024-05-29 20:18:16.414 [ALFpaka] [WARNING] Log_spec ignored when pcen is set (extractSTFT:84)
2024-05-29 20:18:16.441 [ALFpaka] [WARNING] Log_spec ignored when pcen is set (extractSTFT:84)
2024-05-29 20:18:16.441 [ALFpaka] [WARNING] Log_spec ignored when pcen is set (extractSTFT:84)
2024-05-29 20:18:16.443 [ALFpaka] [WARNING] Log_spec ignored when pcen is set (extractSTFT:84)
2024-05-29 20:18:16.481 [ALFpaka] [WARNING] Log_spec ignored when pcen is set (extractSTFT:84)
2024-05-29 20:18:16.664 [ALFpaka] [WARNING] Log_spec ignored when pcen is set (extractSTFT:84)
2024-05-29 20:18:16.664 [ALFpaka] [WARNING] Log_spec ignored when pcen is set (extractSTFT:84)
2024-05-29 20:18:16.669 [ALFpaka] [WARNING] Log_spec ignored when pcen is set (extractSTFT:84)
2024-05-29 20:18:16.686 [ALFpaka] [WARNING] Log_spec ignored when pcen is set (extractSTFT:84)
2024-05-29 20:18:16.685 [ALFpaka] [WARNING] Log_spec ignored when pcen is set (extractSTFT:84)
2024-05-29 20:18:16.798 [ALFpaka] [WARNING] Log_spec ignored when pcen is set (extractSTFT:84)
2024-05-29 20:18:16.797 [ALFpaka] [WARNING] Log_spec ignored when pcen is set (extractSTFT:84)
2024-05-29 20:18:16.821 [ALFpaka] [WARNING] Log_spec ignored when pcen is set (extractSTFT:84)
2024-05-29 20:18:16.968 [ALFpaka] [WARNING] Log_spec ignored when pcen is set (extractSTFT:84)
2024-05-29 20:18:16.967 [ALFpaka] [WARNING] Log_spec ignored when pcen is set (extractSTFT:84)
2024-05-29 20:18:17.181 [ALFpaka] [WARNING] Log_spec ignored when pcen is set (extractSTFT:84)
2024-05-29 20:18:17.310 [ALFpaka] [WARNING] Log_spec ignored when pcen is set (extractSTFT:84)
2024-05-29 20:18:17.361 [ALFpaka] [WARNING] Log_spec ignored when pcen is set (extractSTFT:84)
2024-05-29 20:18:17.368 [ALFpaka] [WARNING] Log_spec ignored when pcen is set (extractSTFT:84)
2024-05-29 20:18:17.402 [ALFpaka] [WARNING] Log_spec ignored when pcen is set (extractSTFT:84)
2024-05-29 20:18:17.401 [ALFpaka] [WARNING] Log_spec ignored when pcen is set (extractSTFT:84)
2024-05-29 20:18:17.423 [ALFpaka] [WARNING] Log_spec ignored when pcen is set (extractSTFT:84)
2024-05-29 20:18:17.520 [ALFpaka] [WARNING] Log_spec ignored when pcen is set (extractSTFT:84)
2024-05-29 20:18:17.519 [ALFpaka] [WARNING] Log_spec ignored when pcen is set (extractSTFT:84)
2024-05-29 20:18:17.522 [ALFpaka] [WARNING] Log_spec ignored when pcen is set (extractSTFT:84)
2024-05-29 20:18:17.657 [ALFpaka] [WARNING] Log_spec ignored when pcen is set (extractSTFT:84)
2024-05-29 20:18:17.668 [ALFpaka] [WARNING] Log_spec ignored when pcen is set (extractSTFT:84)
2024-05-29 20:18:17.667 [ALFpaka] [WARNING] Log_spec ignored when pcen is set (extractSTFT:84)
2024-05-29 20:18:17.741 [ALFpaka] [WARNING] Log_spec ignored when pcen is set (extractSTFT:84)
2024-05-29 20:18:17.754 [ALFpaka] [WARNING] Log_spec ignored when pcen is set (extractSTFT:84)
2024-05-29 20:18:17.767 [ALFpaka] [WARNING] Log_spec ignored when pcen is set (extractSTFT:84)
2024-05-29 20:18:17.849 [ALFpaka] [WARNING] Log_spec ignored when pcen is set (extractSTFT:84)
2024-05-29 20:18:17.870 [ALFpaka] [WARNING] Log_spec ignored when pcen is set (extractSTFT:84)
2024-05-29 20:18:18.005 [ALFpaka] [WARNING] Log_spec ignored when pcen is set (extractSTFT:84)
2024-05-29 20:18:18.057 [ALFpaka] [WARNING] Log_spec ignored when pcen is set (extractSTFT:84)
2024-05-29 20:18:18.125 [ALFpaka] [WARNING] Log_spec ignored when pcen is set (extractSTFT:84)
2024-05-29 20:18:18.160 [ALFpaka] [WARNING] Log_spec ignored when pcen is set (extractSTFT:84)
2024-05-29 20:18:18.212 [ALFpaka] [WARNING] Log_spec ignored when pcen is set (extractSTFT:84)
2024-05-29 20:18:18.732 [ALFpaka] [WARNING] Log_spec ignored when pcen is set (extractSTFT:84)
2024-05-29 20:18:18.732 [ALFpaka] [WARNING] Log_spec ignored when pcen is set (extractSTFT:84)
2024-05-29 20:18:18.735 [ALFpaka] [WARNING] Log_spec ignored when pcen is set (extractSTFT:84)
2024-05-29 20:18:18.737 [ALFpaka] [WARNING] Log_spec ignored when pcen is set (extractSTFT:84)
2024-05-29 20:18:18.734 [ALFpaka] [WARNING] Log_spec ignored when pcen is set (extractSTFT:84)
2024-05-29 20:18:18.736 [ALFpaka] [WARNING] Log_spec ignored when pcen is set (extractSTFT:84)
2024-05-29 20:18:18.733 [ALFpaka] [WARNING] Log_spec ignored when pcen is set (extractSTFT:84)
2024-05-29 20:18:18.742 [ALFpaka] [WARNING] Log_spec ignored when pcen is set (extractSTFT:84)
2024-05-29 20:18:18.772 [ALFpaka] [WARNING] Log_spec ignored when pcen is set (extractSTFT:84)
2024-05-29 20:18:18.780 [ALFpaka] [WARNING] Log_spec ignored when pcen is set (extractSTFT:84)
2024-05-29 20:18:19.218 [ALFpaka] [WARNING] Log_spec ignored when pcen is set (extractSTFT:84)
2024-05-29 20:18:19.217 [ALFpaka] [WARNING] Log_spec ignored when pcen is set (extractSTFT:84)
2024-05-29 20:18:19.219 [ALFpaka] [WARNING] Log_spec ignored when pcen is set (extractSTFT:84)
2024-05-29 20:18:19.269 [ALFpaka] [WARNING] Log_spec ignored when pcen is set (extractSTFT:84)
2024-05-29 20:18:19.386 [ALFpaka] [WARNING] Log_spec ignored when pcen is set (extractSTFT:84)
2024-05-29 20:18:19.404 [ALFpaka] [WARNING] Log_spec ignored when pcen is set (extractSTFT:84)
2024-05-29 20:18:19.404 [ALFpaka] [WARNING] Log_spec ignored when pcen is set (extractSTFT:84)
2024-05-29 20:18:19.473 [ALFpaka] [WARNING] Log_spec ignored when pcen is set (extractSTFT:84)
2024-05-29 20:18:19.499 [ALFpaka] [WARNING] Log_spec ignored when pcen is set (extractSTFT:84)
2024-05-29 20:18:19.587 [ALFpaka] [WARNING] Log_spec ignored when pcen is set (extractSTFT:84)
2024-05-29 20:18:19.586 [ALFpaka] [WARNING] Log_spec ignored when pcen is set (extractSTFT:84)
2024-05-29 20:18:19.611 [ALFpaka] [WARNING] Log_spec ignored when pcen is set (extractSTFT:84)
2024-05-29 20:18:19.613 [ALFpaka] [WARNING] Log_spec ignored when pcen is set (extractSTFT:84)
2024-05-29 20:18:19.614 [ALFpaka] [WARNING] Log_spec ignored when pcen is set (extractSTFT:84)
2024-05-29 20:18:19.627 [ALFpaka] [WARNING] Log_spec ignored when pcen is set (extractSTFT:84)
2024-05-29 20:18:19.725 [ALFpaka] [WARNING] Log_spec ignored when pcen is set (extractSTFT:84)
2024-05-29 20:18:19.738 [ALFpaka] [WARNING] Log_spec ignored when pcen is set (extractSTFT:84)
2024-05-29 20:18:19.798 [ALFpaka] [WARNING] Log_spec ignored when pcen is set (extractSTFT:84)
2024-05-29 20:18:19.824 [ALFpaka] [WARNING] Log_spec ignored when pcen is set (extractSTFT:84)
2024-05-29 20:18:19.896 [ALFpaka] [WARNING] Log_spec ignored when pcen is set (extractSTFT:84)
2024-05-29 20:18:19.910 [ALFpaka] [WARNING] Log_spec ignored when pcen is set (extractSTFT:84)
2024-05-29 20:18:19.911 [ALFpaka] [WARNING] Log_spec ignored when pcen is set (extractSTFT:84)
2024-05-29 20:18:19.909 [ALFpaka] [WARNING] Log_spec ignored when pcen is set (extractSTFT:84)
2024-05-29 20:18:20.025 [ALFpaka] [WARNING] Log_spec ignored when pcen is set (extractSTFT:84)
2024-05-29 20:18:20.263 [ALFpaka] [WARNING] Log_spec ignored when pcen is set (extractSTFT:84)
2024-05-29 20:18:20.349 [ALFpaka] [WARNING] Log_spec ignored when pcen is set (extractSTFT:84)
2024-05-29 20:18:20.493 [ALFpaka] [WARNING] Log_spec ignored when pcen is set (extractSTFT:84)
2024-05-29 20:18:20.562 [ALFpaka] [WARNING] Log_spec ignored when pcen is set (extractSTFT:84)
2024-05-29 20:18:20.563 [ALFpaka] [WARNING] Log_spec ignored when pcen is set (extractSTFT:84)
2024-05-29 20:18:20.561 [ALFpaka] [WARNING] Log_spec ignored when pcen is set (extractSTFT:84)
2024-05-29 20:18:20.597 [ALFpaka] [WARNING] Log_spec ignored when pcen is set (extractSTFT:84)
2024-05-29 20:18:20.632 [ALFpaka] [WARNING] Log_spec ignored when pcen is set (extractSTFT:84)
2024-05-29 20:18:20.647 [ALFpaka] [WARNING] Log_spec ignored when pcen is set (extractSTFT:84)
2024-05-29 20:18:20.768 [ALFpaka] [WARNING] Log_spec ignored when pcen is set (extractSTFT:84)
2024-05-29 20:18:20.767 [ALFpaka] [WARNING] Log_spec ignored when pcen is set (extractSTFT:84)
2024-05-29 20:18:20.930 [ALFpaka] [WARNING] Log_spec ignored when pcen is set (extractSTFT:84)
2024-05-29 20:18:20.967 [ALFpaka] [WARNING] Log_spec ignored when pcen is set (extractSTFT:84)
2024-05-29 20:18:20.977 [ALFpaka] [WARNING] Log_spec ignored when pcen is set (extractSTFT:84)
2024-05-29 20:18:20.990 [ALFpaka] [WARNING] Log_spec ignored when pcen is set (extractSTFT:84)
2024-05-29 20:18:21.008 [ALFpaka] [WARNING] Log_spec ignored when pcen is set (extractSTFT:84)
2024-05-29 20:18:21.025 [ALFpaka] [WARNING] Log_spec ignored when pcen is set (extractSTFT:84)
2024-05-29 20:18:21.037 [ALFpaka] [WARNING] Log_spec ignored when pcen is set (extractSTFT:84)
2024-05-29 20:18:21.036 [ALFpaka] [WARNING] Log_spec ignored when pcen is set (extractSTFT:84)
2024-05-29 20:18:21.055 [ALFpaka] [WARNING] Log_spec ignored when pcen is set (extractSTFT:84)
2024-05-29 20:18:21.060 [ALFpaka] [WARNING] Log_spec ignored when pcen is set (extractSTFT:84)
2024-05-29 20:18:21.115 [ALFpaka] [WARNING] Log_spec ignored when pcen is set (extractSTFT:84)
2024-05-29 20:18:21.059 [ALFpaka] [WARNING] Log_spec ignored when pcen is set (extractSTFT:84)
2024-05-29 20:18:21.164 [ALFpaka] [WARNING] Log_spec ignored when pcen is set (extractSTFT:84)
2024-05-29 20:18:21.293 [ALFpaka] [WARNING] Log_spec ignored when pcen is set (extractSTFT:84)
2024-05-29 20:18:21.293 [ALFpaka] [WARNING] Log_spec ignored when pcen is set (extractSTFT:84)
2024-05-29 20:18:21.621 [ALFpaka] [WARNING] Log_spec ignored when pcen is set (extractSTFT:84)
2024-05-29 20:18:21.950 [ALFpaka] [WARNING] Log_spec ignored when pcen is set (extractSTFT:84)
2024-05-29 20:18:22.094 [ALFpaka] [WARNING] Log_spec ignored when pcen is set (extractSTFT:84)
2024-05-29 20:18:22.140 [ALFpaka] [WARNING] Log_spec ignored when pcen is set (extractSTFT:84)
2024-05-29 20:18:22.158 [ALFpaka] [WARNING] Log_spec ignored when pcen is set (extractSTFT:84)
2024-05-29 20:18:22.184 [ALFpaka] [WARNING] Log_spec ignored when pcen is set (extractSTFT:84)
2024-05-29 20:18:22.211 [ALFpaka] [WARNING] Log_spec ignored when pcen is set (extractSTFT:84)
2024-05-29 20:18:22.357 [ALFpaka] [WARNING] Log_spec ignored when pcen is set (extractSTFT:84)
2024-05-29 20:18:22.355 [ALFpaka] [WARNING] Log_spec ignored when pcen is set (extractSTFT:84)
2024-05-29 20:18:22.356 [ALFpaka] [WARNING] Log_spec ignored when pcen is set (extractSTFT:84)
2024-05-29 20:18:22.357 [ALFpaka] [WARNING] Log_spec ignored when pcen is set (extractSTFT:84)
2024-05-29 20:18:22.358 [ALFpaka] [WARNING] Log_spec ignored when pcen is set (extractSTFT:84)
2024-05-29 20:18:22.359 [ALFpaka] [WARNING] Log_spec ignored when pcen is set (extractSTFT:84)
2024-05-29 20:18:22.403 [ALFpaka] [WARNING] Log_spec ignored when pcen is set (extractSTFT:84)
2024-05-29 20:18:22.425 [ALFpaka] [WARNING] Log_spec ignored when pcen is set (extractSTFT:84)
2024-05-29 20:18:22.431 [ALFpaka] [WARNING] Log_spec ignored when pcen is set (extractSTFT:84)
2024-05-29 20:18:22.440 [ALFpaka] [WARNING] Log_spec ignored when pcen is set (extractSTFT:84)
2024-05-29 20:18:22.460 [ALFpaka] [WARNING] Log_spec ignored when pcen is set (extractSTFT:84)
2024-05-29 20:18:22.613 [ALFpaka] [WARNING] Log_spec ignored when pcen is set (extractSTFT:84)
2024-05-29 20:18:22.613 [ALFpaka] [WARNING] Log_spec ignored when pcen is set (extractSTFT:84)
2024-05-29 20:18:22.615 [ALFpaka] [WARNING] Log_spec ignored when pcen is set (extractSTFT:84)
2024-05-29 20:18:22.657 [ALFpaka] [WARNING] Log_spec ignored when pcen is set (extractSTFT:84)
2024-05-29 20:18:23.366 [ALFpaka] [WARNING] Log_spec ignored when pcen is set (extractSTFT:84)
2024-05-29 20:18:23.365 [ALFpaka] [WARNING] Log_spec ignored when pcen is set (extractSTFT:84)
2024-05-29 20:18:23.367 [ALFpaka] [WARNING] Log_spec ignored when pcen is set (extractSTFT:84)
2024-05-29 20:18:23.368 [ALFpaka] [WARNING] Log_spec ignored when pcen is set (extractSTFT:84)
2024-05-29 20:18:23.401 [ALFpaka] [WARNING] Log_spec ignored when pcen is set (extractSTFT:84)
2024-05-29 20:18:23.402 [ALFpaka] [WARNING] Log_spec ignored when pcen is set (extractSTFT:84)
2024-05-29 20:18:23.408 [ALFpaka] [WARNING] Log_spec ignored when pcen is set (extractSTFT:84)
2024-05-29 20:18:23.415 [ALFpaka] [WARNING] Log_spec ignored when pcen is set (extractSTFT:84)
2024-05-29 20:18:23.424 [ALFpaka] [WARNING] Log_spec ignored when pcen is set (extractSTFT:84)
2024-05-29 20:18:23.437 [ALFpaka] [WARNING] Log_spec ignored when pcen is set (extractSTFT:84)
2024-05-29 20:18:23.572 [ALFpaka] [WARNING] Log_spec ignored when pcen is set (extractSTFT:84)
2024-05-29 20:18:23.590 [ALFpaka] [WARNING] Log_spec ignored when pcen is set (extractSTFT:84)
2024-05-29 20:18:23.571 [ALFpaka] [WARNING] Log_spec ignored when pcen is set (extractSTFT:84)
2024-05-29 20:18:23.580 [ALFpaka] [WARNING] Log_spec ignored when pcen is set (extractSTFT:84)
2024-05-29 20:18:23.592 [ALFpaka] [WARNING] Log_spec ignored when pcen is set (extractSTFT:84)
2024-05-29 20:18:23.579 [ALFpaka] [WARNING] Log_spec ignored when pcen is set (extractSTFT:84)
2024-05-29 20:18:23.575 [ALFpaka] [WARNING] Log_spec ignored when pcen is set (extractSTFT:84)
2024-05-29 20:18:23.577 [ALFpaka] [WARNING] Log_spec ignored when pcen is set (extractSTFT:84)
2024-05-29 20:18:23.574 [ALFpaka] [WARNING] Log_spec ignored when pcen is set (extractSTFT:84)
2024-05-29 20:18:23.768 [ALFpaka] [WARNING] Log_spec ignored when pcen is set (extractSTFT:84)
2024-05-29 20:18:23.795 [ALFpaka] [WARNING] Log_spec ignored when pcen is set (extractSTFT:84)
2024-05-29 20:18:24.003 [ALFpaka] [WARNING] Log_spec ignored when pcen is set (extractSTFT:84)
2024-05-29 20:18:24.006 [ALFpaka] [WARNING] Log_spec ignored when pcen is set (extractSTFT:84)
2024-05-29 20:18:24.098 [ALFpaka] [WARNING] Log_spec ignored when pcen is set (extractSTFT:84)
2024-05-29 20:18:24.145 [ALFpaka] [WARNING] Log_spec ignored when pcen is set (extractSTFT:84)
2024-05-29 20:18:24.292 [ALFpaka] [WARNING] Log_spec ignored when pcen is set (extractSTFT:84)
2024-05-29 20:18:24.421 [ALFpaka] [WARNING] Log_spec ignored when pcen is set (extractSTFT:84)
2024-05-29 20:18:24.447 [ALFpaka] [WARNING] Log_spec ignored when pcen is set (extractSTFT:84)
2024-05-29 20:18:24.479 [ALFpaka] [WARNING] Log_spec ignored when pcen is set (extractSTFT:84)
2024-05-29 20:18:24.479 [ALFpaka] [WARNING] Log_spec ignored when pcen is set (extractSTFT:84)
2024-05-29 20:18:24.506 [ALFpaka] [WARNING] Log_spec ignored when pcen is set (extractSTFT:84)
2024-05-29 20:18:24.555 [ALFpaka] [WARNING] Log_spec ignored when pcen is set (extractSTFT:84)
2024-05-29 20:18:24.728 [ALFpaka] [WARNING] Log_spec ignored when pcen is set (extractSTFT:84)
2024-05-29 20:18:24.739 [ALFpaka] [WARNING] Log_spec ignored when pcen is set (extractSTFT:84)
2024-05-29 20:18:24.740 [ALFpaka] [WARNING] Log_spec ignored when pcen is set (extractSTFT:84)
2024-05-29 20:18:24.727 [ALFpaka] [WARNING] Log_spec ignored when pcen is set (extractSTFT:84)
2024-05-29 20:18:25.215 [ALFpaka] [WARNING] Log_spec ignored when pcen is set (extractSTFT:84)
2024-05-29 20:18:25.228 [ALFpaka] [WARNING] Log_spec ignored when pcen is set (extractSTFT:84)
2024-05-29 20:18:25.224 [ALFpaka] [WARNING] Log_spec ignored when pcen is set (extractSTFT:84)
2024-05-29 20:18:25.253 [ALFpaka] [WARNING] Log_spec ignored when pcen is set (extractSTFT:84)
2024-05-29 20:18:25.254 [ALFpaka] [WARNING] Log_spec ignored when pcen is set (extractSTFT:84)
2024-05-29 20:18:25.258 [ALFpaka] [WARNING] Log_spec ignored when pcen is set (extractSTFT:84)
2024-05-29 20:18:25.277 [ALFpaka] [WARNING] Log_spec ignored when pcen is set (extractSTFT:84)
2024-05-29 20:18:25.619 [ALFpaka] [WARNING] Log_spec ignored when pcen is set (extractSTFT:84)
2024-05-29 20:18:25.624 [ALFpaka] [WARNING] Log_spec ignored when pcen is set (extractSTFT:84)
2024-05-29 20:18:25.624 [ALFpaka] [WARNING] Log_spec ignored when pcen is set (extractSTFT:84)
2024-05-29 20:18:25.625 [ALFpaka] [WARNING] Log_spec ignored when pcen is set (extractSTFT:84)
2024-05-29 20:18:25.626 [ALFpaka] [WARNING] Log_spec ignored when pcen is set (extractSTFT:84)
2024-05-29 20:18:25.706 [ALFpaka] [WARNING] Log_spec ignored when pcen is set (extractSTFT:84)
2024-05-29 20:18:25.778 [ALFpaka] [WARNING] Log_spec ignored when pcen is set (extractSTFT:84)
2024-05-29 20:18:25.789 [ALFpaka] [WARNING] Log_spec ignored when pcen is set (extractSTFT:84)
2024-05-29 20:18:25.833 [ALFpaka] [WARNING] Log_spec ignored when pcen is set (extractSTFT:84)
2024-05-29 20:18:25.889 [ALFpaka] [WARNING] Log_spec ignored when pcen is set (extractSTFT:84)
2024-05-29 20:18:25.895 [ALFpaka] [WARNING] Log_spec ignored when pcen is set (extractSTFT:84)
2024-05-29 20:18:25.920 [ALFpaka] [WARNING] Log_spec ignored when pcen is set (extractSTFT:84)
2024-05-29 20:18:25.941 [ALFpaka] [WARNING] Log_spec ignored when pcen is set (extractSTFT:84)
2024-05-29 20:18:25.952 [ALFpaka] [WARNING] Log_spec ignored when pcen is set (extractSTFT:84)
2024-05-29 20:18:25.982 [ALFpaka] [WARNING] Log_spec ignored when pcen is set (extractSTFT:84)
2024-05-29 20:18:26.063 [ALFpaka] [WARNING] Log_spec ignored when pcen is set (extractSTFT:84)
2024-05-29 20:18:26.163 [ALFpaka] [WARNING] Log_spec ignored when pcen is set (extractSTFT:84)
2024-05-29 20:18:26.208 [ALFpaka] [WARNING] Log_spec ignored when pcen is set (extractSTFT:84)
2024-05-29 20:18:26.208 [ALFpaka] [WARNING] Log_spec ignored when pcen is set (extractSTFT:84)
2024-05-29 20:18:26.209 [ALFpaka] [WARNING] Log_spec ignored when pcen is set (extractSTFT:84)
2024-05-29 20:18:26.224 [ALFpaka] [WARNING] Log_spec ignored when pcen is set (extractSTFT:84)
2024-05-29 20:18:26.223 [ALFpaka] [WARNING] Log_spec ignored when pcen is set (extractSTFT:84)
2024-05-29 20:18:26.225 [ALFpaka] [WARNING] Log_spec ignored when pcen is set (extractSTFT:84)
2024-05-29 20:18:26.300 [ALFpaka] [WARNING] Log_spec ignored when pcen is set (extractSTFT:84)
2024-05-29 20:18:26.363 [ALFpaka] [WARNING] Log_spec ignored when pcen is set (extractSTFT:84)
2024-05-29 20:18:26.572 [ALFpaka] [WARNING] Log_spec ignored when pcen is set (extractSTFT:84)
2024-05-29 20:18:26.906 [ALFpaka] [WARNING] Log_spec ignored when pcen is set (extractSTFT:84)
2024-05-29 20:18:26.907 [ALFpaka] [WARNING] Log_spec ignored when pcen is set (extractSTFT:84)
2024-05-29 20:18:26.913 [ALFpaka] [WARNING] Log_spec ignored when pcen is set (extractSTFT:84)
2024-05-29 20:18:27.025 [ALFpaka] [WARNING] Log_spec ignored when pcen is set (extractSTFT:84)
2024-05-29 20:18:27.039 [ALFpaka] [WARNING] Log_spec ignored when pcen is set (extractSTFT:84)
2024-05-29 20:18:27.273 [ALFpaka] [WARNING] Log_spec ignored when pcen is set (extractSTFT:84)
2024-05-29 20:18:27.272 [ALFpaka] [WARNING] Log_spec ignored when pcen is set (extractSTFT:84)
2024-05-29 20:18:27.294 [ALFpaka] [WARNING] Log_spec ignored when pcen is set (extractSTFT:84)
2024-05-29 20:18:27.274 [ALFpaka] [WARNING] Log_spec ignored when pcen is set (extractSTFT:84)
2024-05-29 20:18:27.275 [ALFpaka] [WARNING] Log_spec ignored when pcen is set (extractSTFT:84)
2024-05-29 20:18:27.277 [ALFpaka] [WARNING] Log_spec ignored when pcen is set (extractSTFT:84)
2024-05-29 20:18:27.275 [ALFpaka] [WARNING] Log_spec ignored when pcen is set (extractSTFT:84)
2024-05-29 20:18:27.276 [ALFpaka] [WARNING] Log_spec ignored when pcen is set (extractSTFT:84)
2024-05-29 20:18:27.279 [ALFpaka] [WARNING] Log_spec ignored when pcen is set (extractSTFT:84)
2024-05-29 20:18:27.346 [ALFpaka] [WARNING] Log_spec ignored when pcen is set (extractSTFT:84)
2024-05-29 20:18:27.389 [ALFpaka] [WARNING] Log_spec ignored when pcen is set (extractSTFT:84)
2024-05-29 20:18:27.418 [ALFpaka] [WARNING] Log_spec ignored when pcen is set (extractSTFT:84)
2024-05-29 20:18:27.516 [ALFpaka] [WARNING] Log_spec ignored when pcen is set (extractSTFT:84)
2024-05-29 20:18:27.515 [ALFpaka] [WARNING] Log_spec ignored when pcen is set (extractSTFT:84)
2024-05-29 20:18:27.541 [ALFpaka] [WARNING] Log_spec ignored when pcen is set (extractSTFT:84)
2024-05-29 20:18:27.661 [ALFpaka] [WARNING] Log_spec ignored when pcen is set (extractSTFT:84)
2024-05-29 20:18:28.196 [ALFpaka] [WARNING] Log_spec ignored when pcen is set (extractSTFT:84)
2024-05-29 20:18:28.196 [ALFpaka] [WARNING] Log_spec ignored when pcen is set (extractSTFT:84)
2024-05-29 20:18:28.197 [ALFpaka] [WARNING] Log_spec ignored when pcen is set (extractSTFT:84)
2024-05-29 20:18:28.199 [ALFpaka] [WARNING] Log_spec ignored when pcen is set (extractSTFT:84)
2024-05-29 20:18:28.198 [ALFpaka] [WARNING] Log_spec ignored when pcen is set (extractSTFT:84)
2024-05-29 20:18:28.204 [ALFpaka] [WARNING] Log_spec ignored when pcen is set (extractSTFT:84)
2024-05-29 20:18:28.205 [ALFpaka] [WARNING] Log_spec ignored when pcen is set (extractSTFT:84)
2024-05-29 20:18:28.209 [ALFpaka] [WARNING] Log_spec ignored when pcen is set (extractSTFT:84)
2024-05-29 20:18:28.269 [ALFpaka] [WARNING] Log_spec ignored when pcen is set (extractSTFT:84)
2024-05-29 20:18:28.268 [ALFpaka] [WARNING] Log_spec ignored when pcen is set (extractSTFT:84)
2024-05-29 20:18:28.303 [ALFpaka] [WARNING] Log_spec ignored when pcen is set (extractSTFT:84)
2024-05-29 20:18:28.302 [ALFpaka] [WARNING] Log_spec ignored when pcen is set (extractSTFT:84)
2024-05-29 20:18:28.417 [ALFpaka] [WARNING] Log_spec ignored when pcen is set (extractSTFT:84)
2024-05-29 20:18:28.417 [ALFpaka] [WARNING] Log_spec ignored when pcen is set (extractSTFT:84)
2024-05-29 20:18:28.434 [ALFpaka] [WARNING] Log_spec ignored when pcen is set (extractSTFT:84)
2024-05-29 20:18:28.547 [ALFpaka] [WARNING] Log_spec ignored when pcen is set (extractSTFT:84)
2024-05-29 20:18:28.628 [ALFpaka] [WARNING] Log_spec ignored when pcen is set (extractSTFT:84)
2024-05-29 20:18:28.628 [ALFpaka] [WARNING] Log_spec ignored when pcen is set (extractSTFT:84)
2024-05-29 20:18:28.630 [ALFpaka] [WARNING] Log_spec ignored when pcen is set (extractSTFT:84)
2024-05-29 20:18:28.631 [ALFpaka] [WARNING] Log_spec ignored when pcen is set (extractSTFT:84)
2024-05-29 20:18:28.727 [ALFpaka] [WARNING] Log_spec ignored when pcen is set (extractSTFT:84)
2024-05-29 20:18:29.142 [ALFpaka] [WARNING] Log_spec ignored when pcen is set (extractSTFT:84)
2024-05-29 20:18:29.143 [ALFpaka] [WARNING] Log_spec ignored when pcen is set (extractSTFT:84)
2024-05-29 20:18:29.142 [ALFpaka] [WARNING] Log_spec ignored when pcen is set (extractSTFT:84)
2024-05-29 20:18:29.165 [ALFpaka] [WARNING] Log_spec ignored when pcen is set (extractSTFT:84)
2024-05-29 20:18:29.388 [ALFpaka] [WARNING] Log_spec ignored when pcen is set (extractSTFT:84)
2024-05-29 20:18:29.408 [ALFpaka] [WARNING] Log_spec ignored when pcen is set (extractSTFT:84)
2024-05-29 20:18:29.510 [ALFpaka] [WARNING] Log_spec ignored when pcen is set (extractSTFT:84)
2024-05-29 20:18:29.511 [ALFpaka] [WARNING] Log_spec ignored when pcen is set (extractSTFT:84)
2024-05-29 20:18:29.575 [ALFpaka] [WARNING] Log_spec ignored when pcen is set (extractSTFT:84)
2024-05-29 20:18:29.574 [ALFpaka] [WARNING] Log_spec ignored when pcen is set (extractSTFT:84)
2024-05-29 20:18:29.584 [ALFpaka] [WARNING] Log_spec ignored when pcen is set (extractSTFT:84)
2024-05-29 20:18:29.596 [ALFpaka] [WARNING] Log_spec ignored when pcen is set (extractSTFT:84)
2024-05-29 20:18:29.618 [ALFpaka] [WARNING] Log_spec ignored when pcen is set (extractSTFT:84)
2024-05-29 20:18:29.659 [ALFpaka] [WARNING] Log_spec ignored when pcen is set (extractSTFT:84)
2024-05-29 20:18:29.823 [ALFpaka] [WARNING] Log_spec ignored when pcen is set (extractSTFT:84)
2024-05-29 20:18:29.822 [ALFpaka] [WARNING] Log_spec ignored when pcen is set (extractSTFT:84)
2024-05-29 20:18:29.821 [ALFpaka] [WARNING] Log_spec ignored when pcen is set (extractSTFT:84)
2024-05-29 20:18:29.848 [ALFpaka] [WARNING] Log_spec ignored when pcen is set (extractSTFT:84)
2024-05-29 20:18:29.871 [ALFpaka] [WARNING] Log_spec ignored when pcen is set (extractSTFT:84)
2024-05-29 20:18:29.879 [ALFpaka] [WARNING] Log_spec ignored when pcen is set (extractSTFT:84)
2024-05-29 20:18:29.881 [ALFpaka] [WARNING] Log_spec ignored when pcen is set (extractSTFT:84)
2024-05-29 20:18:30.161 [ALFpaka] [WARNING] Log_spec ignored when pcen is set (extractSTFT:84)
2024-05-29 20:18:30.190 [ALFpaka] [WARNING] Log_spec ignored when pcen is set (extractSTFT:84)
2024-05-29 20:18:30.372 [ALFpaka] [WARNING] Log_spec ignored when pcen is set (extractSTFT:84)
2024-05-29 20:18:30.454 [ALFpaka] [WARNING] Log_spec ignored when pcen is set (extractSTFT:84)
2024-05-29 20:18:30.752 [ALFpaka] [WARNING] Log_spec ignored when pcen is set (extractSTFT:84)
2024-05-29 20:18:30.750 [ALFpaka] [WARNING] Log_spec ignored when pcen is set (extractSTFT:84)
2024-05-29 20:18:30.750 [ALFpaka] [WARNING] Log_spec ignored when pcen is set (extractSTFT:84)
2024-05-29 20:18:30.751 [ALFpaka] [WARNING] Log_spec ignored when pcen is set (extractSTFT:84)
2024-05-29 20:18:30.753 [ALFpaka] [WARNING] Log_spec ignored when pcen is set (extractSTFT:84)
2024-05-29 20:18:30.754 [ALFpaka] [WARNING] Log_spec ignored when pcen is set (extractSTFT:84)
2024-05-29 20:18:30.755 [ALFpaka] [WARNING] Log_spec ignored when pcen is set (extractSTFT:84)
2024-05-29 20:18:30.833 [ALFpaka] [WARNING] Log_spec ignored when pcen is set (extractSTFT:84)
2024-05-29 20:18:30.844 [ALFpaka] [WARNING] Log_spec ignored when pcen is set (extractSTFT:84)
2024-05-29 20:18:31.260 [ALFpaka] [WARNING] Log_spec ignored when pcen is set (extractSTFT:84)
2024-05-29 20:18:31.260 [ALFpaka] [WARNING] Log_spec ignored when pcen is set (extractSTFT:84)
2024-05-29 20:18:31.259 [ALFpaka] [WARNING] Log_spec ignored when pcen is set (extractSTFT:84)
2024-05-29 20:18:31.261 [ALFpaka] [WARNING] Log_spec ignored when pcen is set (extractSTFT:84)
2024-05-29 20:18:31.263 [ALFpaka] [WARNING] Log_spec ignored when pcen is set (extractSTFT:84)
2024-05-29 20:18:31.311 [ALFpaka] [WARNING] Log_spec ignored when pcen is set (extractSTFT:84)
2024-05-29 20:18:31.329 [ALFpaka] [WARNING] Log_spec ignored when pcen is set (extractSTFT:84)
2024-05-29 20:18:31.346 [ALFpaka] [WARNING] Log_spec ignored when pcen is set (extractSTFT:84)
2024-05-29 20:18:31.412 [ALFpaka] [WARNING] Log_spec ignored when pcen is set (extractSTFT:84)
2024-05-29 20:18:31.485 [ALFpaka] [WARNING] Log_spec ignored when pcen is set (extractSTFT:84)
2024-05-29 20:18:31.510 [ALFpaka] [WARNING] Log_spec ignored when pcen is set (extractSTFT:84)
2024-05-29 20:18:31.515 [ALFpaka] [WARNING] Log_spec ignored when pcen is set (extractSTFT:84)
2024-05-29 20:18:31.578 [ALFpaka] [WARNING] Log_spec ignored when pcen is set (extractSTFT:84)
2024-05-29 20:18:31.584 [ALFpaka] [WARNING] Log_spec ignored when pcen is set (extractSTFT:84)
2024-05-29 20:18:32.032 [ALFpaka] [WARNING] Log_spec ignored when pcen is set (extractSTFT:84)
2024-05-29 20:18:32.033 [ALFpaka] [WARNING] Log_spec ignored when pcen is set (extractSTFT:84)
2024-05-29 20:18:32.032 [ALFpaka] [WARNING] Log_spec ignored when pcen is set (extractSTFT:84)
2024-05-29 20:18:32.034 [ALFpaka] [WARNING] Log_spec ignored when pcen is set (extractSTFT:84)
2024-05-29 20:18:32.036 [ALFpaka] [WARNING] Log_spec ignored when pcen is set (extractSTFT:84)
2024-05-29 20:18:32.037 [ALFpaka] [WARNING] Log_spec ignored when pcen is set (extractSTFT:84)
2024-05-29 20:18:32.036 [ALFpaka] [WARNING] Log_spec ignored when pcen is set (extractSTFT:84)
2024-05-29 20:18:32.038 [ALFpaka] [WARNING] Log_spec ignored when pcen is set (extractSTFT:84)
2024-05-29 20:18:32.384 [ALFpaka] [WARNING] Log_spec ignored when pcen is set (extractSTFT:84)
2024-05-29 20:18:32.385 [ALFpaka] [WARNING] Log_spec ignored when pcen is set (extractSTFT:84)
2024-05-29 20:18:32.382 [ALFpaka] [WARNING] Log_spec ignored when pcen is set (extractSTFT:84)
2024-05-29 20:18:32.385 [ALFpaka] [WARNING] Log_spec ignored when pcen is set (extractSTFT:84)
2024-05-29 20:18:32.386 [ALFpaka] [WARNING] Log_spec ignored when pcen is set (extractSTFT:84)
2024-05-29 20:18:32.387 [ALFpaka] [WARNING] Log_spec ignored when pcen is set (extractSTFT:84)
2024-05-29 20:18:32.388 [ALFpaka] [WARNING] Log_spec ignored when pcen is set (extractSTFT:84)
2024-05-29 20:18:32.451 [ALFpaka] [WARNING] Log_spec ignored when pcen is set (extractSTFT:84)
2024-05-29 20:18:32.458 [ALFpaka] [WARNING] Log_spec ignored when pcen is set (extractSTFT:84)
2024-05-29 20:18:32.678 [ALFpaka] [WARNING] Log_spec ignored when pcen is set (extractSTFT:84)
2024-05-29 20:18:32.761 [ALFpaka] [WARNING] Log_spec ignored when pcen is set (extractSTFT:84)
2024-05-29 20:18:32.777 [ALFpaka] [WARNING] Log_spec ignored when pcen is set (extractSTFT:84)
2024-05-29 20:18:32.791 [ALFpaka] [WARNING] Log_spec ignored when pcen is set (extractSTFT:84)
2024-05-29 20:18:33.279 [ALFpaka] [WARNING] Log_spec ignored when pcen is set (extractSTFT:84)
2024-05-29 20:18:33.283 [ALFpaka] [WARNING] Log_spec ignored when pcen is set (extractSTFT:84)
2024-05-29 20:18:33.293 [ALFpaka] [WARNING] Log_spec ignored when pcen is set (extractSTFT:84)
2024-05-29 20:18:33.288 [ALFpaka] [WARNING] Log_spec ignored when pcen is set (extractSTFT:84)
2024-05-29 20:18:33.293 [ALFpaka] [WARNING] Log_spec ignored when pcen is set (extractSTFT:84)
2024-05-29 20:18:33.340 [ALFpaka] [WARNING] Log_spec ignored when pcen is set (extractSTFT:84)
2024-05-29 20:18:33.431 [ALFpaka] [WARNING] Log_spec ignored when pcen is set (extractSTFT:84)
2024-05-29 20:18:33.507 [ALFpaka] [WARNING] Log_spec ignored when pcen is set (extractSTFT:84)
2024-05-29 20:18:33.884 [ALFpaka] [WARNING] Log_spec ignored when pcen is set (extractSTFT:84)
2024-05-29 20:18:33.897 [ALFpaka] [WARNING] Log_spec ignored when pcen is set (extractSTFT:84)
2024-05-29 20:18:33.900 [ALFpaka] [WARNING] Log_spec ignored when pcen is set (extractSTFT:84)
2024-05-29 20:18:33.901 [ALFpaka] [WARNING] Log_spec ignored when pcen is set (extractSTFT:84)
2024-05-29 20:18:33.899 [ALFpaka] [WARNING] Log_spec ignored when pcen is set (extractSTFT:84)
2024-05-29 20:18:33.893 [ALFpaka] [WARNING] Log_spec ignored when pcen is set (extractSTFT:84)
2024-05-29 20:18:33.902 [ALFpaka] [WARNING] Log_spec ignored when pcen is set (extractSTFT:84)
2024-05-29 20:18:33.898 [ALFpaka] [WARNING] Log_spec ignored when pcen is set (extractSTFT:84)
2024-05-29 20:18:33.904 [ALFpaka] [WARNING] Log_spec ignored when pcen is set (extractSTFT:84)
2024-05-29 20:18:33.903 [ALFpaka] [WARNING] Log_spec ignored when pcen is set (extractSTFT:84)
2024-05-29 20:18:33.907 [ALFpaka] [WARNING] Log_spec ignored when pcen is set (extractSTFT:84)
2024-05-29 20:18:33.907 [ALFpaka] [WARNING] Log_spec ignored when pcen is set (extractSTFT:84)
2024-05-29 20:18:33.905 [ALFpaka] [WARNING] Log_spec ignored when pcen is set (extractSTFT:84)
2024-05-29 20:18:33.908 [ALFpaka] [WARNING] Log_spec ignored when pcen is set (extractSTFT:84)
2024-05-29 20:18:33.959 [ALFpaka] [WARNING] Audio normalization: Silent file with amplitude of 0. (normalize_audio:359)
2024-05-29 20:18:33.996 [ALFpaka] [WARNING] Log_spec ignored when pcen is set (extractSTFT:84)
2024-05-29 20:18:33.997 [ALFpaka] [WARNING] Log_spec ignored when pcen is set (extractSTFT:84)
2024-05-29 20:18:34.000 [ALFpaka] [WARNING] Log_spec ignored when pcen is set (extractSTFT:84)
2024-05-29 20:18:33.995 [ALFpaka] [WARNING] Log_spec ignored when pcen is set (extractSTFT:84)
2024-05-29 20:18:33.998 [ALFpaka] [WARNING] Log_spec ignored when pcen is set (extractSTFT:84)
2024-05-29 20:18:34.014 [ALFpaka] [WARNING] Log_spec ignored when pcen is set (extractSTFT:84)
2024-05-29 20:18:33.999 [ALFpaka] [WARNING] Log_spec ignored when pcen is set (extractSTFT:84)
2024-05-29 20:18:33.999 [ALFpaka] [WARNING] Log_spec ignored when pcen is set (extractSTFT:84)
2024-05-29 20:18:34.047 [ALFpaka] [WARNING] Log_spec ignored when pcen is set (extractSTFT:84)
2024-05-29 20:18:34.054 [ALFpaka] [WARNING] Log_spec ignored when pcen is set (extractSTFT:84)
2024-05-29 20:18:34.055 [ALFpaka] [WARNING] Log_spec ignored when pcen is set (extractSTFT:84)
2024-05-29 20:18:34.176 [ALFpaka] [WARNING] Log_spec ignored when pcen is set (extractSTFT:84)
2024-05-29 20:18:34.179 [ALFpaka] [WARNING] Audio normalization: Silent file with amplitude of 0. (normalize_audio:359)
2024-05-29 20:18:34.690 [ALFpaka] [WARNING] Log_spec ignored when pcen is set (extractSTFT:84)
2024-05-29 20:18:34.711 [ALFpaka] [WARNING] Log_spec ignored when pcen is set (extractSTFT:84)
2024-05-29 20:18:34.710 [ALFpaka] [WARNING] Log_spec ignored when pcen is set (extractSTFT:84)
2024-05-29 20:18:34.709 [ALFpaka] [WARNING] Log_spec ignored when pcen is set (extractSTFT:84)
2024-05-29 20:18:35.002 [ALFpaka] [WARNING] Log_spec ignored when pcen is set (extractSTFT:84)
2024-05-29 20:18:35.037 [ALFpaka] [WARNING] Log_spec ignored when pcen is set (extractSTFT:84)
2024-05-29 20:18:35.154 [ALFpaka] [WARNING] Log_spec ignored when pcen is set (extractSTFT:84)
2024-05-29 20:18:35.182 [ALFpaka] [WARNING] Log_spec ignored when pcen is set (extractSTFT:84)
2024-05-29 20:18:35.354 [ALFpaka] [WARNING] Log_spec ignored when pcen is set (extractSTFT:84)
2024-05-29 20:18:35.353 [ALFpaka] [WARNING] Log_spec ignored when pcen is set (extractSTFT:84)
2024-05-29 20:18:35.704 [ALFpaka] [WARNING] Log_spec ignored when pcen is set (extractSTFT:84)
2024-05-29 20:18:35.704 [ALFpaka] [WARNING] Log_spec ignored when pcen is set (extractSTFT:84)
2024-05-29 20:18:35.718 [ALFpaka] [WARNING] Log_spec ignored when pcen is set (extractSTFT:84)
2024-05-29 20:18:35.722 [ALFpaka] [WARNING] Log_spec ignored when pcen is set (extractSTFT:84)
2024-05-29 20:18:35.719 [ALFpaka] [WARNING] Log_spec ignored when pcen is set (extractSTFT:84)
2024-05-29 20:18:35.706 [ALFpaka] [WARNING] Log_spec ignored when pcen is set (extractSTFT:84)
2024-05-29 20:18:35.720 [ALFpaka] [WARNING] Log_spec ignored when pcen is set (extractSTFT:84)
2024-05-29 20:18:35.758 [ALFpaka] [WARNING] Log_spec ignored when pcen is set (extractSTFT:84)
2024-05-29 20:18:35.769 [ALFpaka] [WARNING] Log_spec ignored when pcen is set (extractSTFT:84)
2024-05-29 20:18:35.771 [ALFpaka] [WARNING] Log_spec ignored when pcen is set (extractSTFT:84)
2024-05-29 20:18:35.779 [ALFpaka] [WARNING] Log_spec ignored when pcen is set (extractSTFT:84)
2024-05-29 20:18:35.785 [ALFpaka] [WARNING] Log_spec ignored when pcen is set (extractSTFT:84)
2024-05-29 20:18:35.792 [ALFpaka] [WARNING] Log_spec ignored when pcen is set (extractSTFT:84)
2024-05-29 20:18:35.797 [ALFpaka] [WARNING] Log_spec ignored when pcen is set (extractSTFT:84)
2024-05-29 20:18:35.797 [ALFpaka] [WARNING] Log_spec ignored when pcen is set (extractSTFT:84)
2024-05-29 20:18:35.817 [ALFpaka] [WARNING] Log_spec ignored when pcen is set (extractSTFT:84)
2024-05-29 20:18:35.883 [ALFpaka] [WARNING] Log_spec ignored when pcen is set (extractSTFT:84)
2024-05-29 20:18:36.052 [ALFpaka] [WARNING] Log_spec ignored when pcen is set (extractSTFT:84)
2024-05-29 20:18:36.399 [ALFpaka] [WARNING] Log_spec ignored when pcen is set (extractSTFT:84)
2024-05-29 20:18:36.457 [ALFpaka] [WARNING] Log_spec ignored when pcen is set (extractSTFT:84)
2024-05-29 20:18:36.470 [ALFpaka] [WARNING] Log_spec ignored when pcen is set (extractSTFT:84)
2024-05-29 20:18:36.469 [ALFpaka] [WARNING] Log_spec ignored when pcen is set (extractSTFT:84)
2024-05-29 20:18:36.493 [ALFpaka] [WARNING] Log_spec ignored when pcen is set (extractSTFT:84)
2024-05-29 20:18:36.534 [ALFpaka] [WARNING] Log_spec ignored when pcen is set (extractSTFT:84)
2024-05-29 20:18:36.532 [ALFpaka] [WARNING] Log_spec ignored when pcen is set (extractSTFT:84)
2024-05-29 20:18:36.533 [ALFpaka] [WARNING] Log_spec ignored when pcen is set (extractSTFT:84)
2024-05-29 20:18:36.580 [ALFpaka] [WARNING] Log_spec ignored when pcen is set (extractSTFT:84)
2024-05-29 20:18:36.579 [ALFpaka] [WARNING] Log_spec ignored when pcen is set (extractSTFT:84)
2024-05-29 20:18:36.605 [ALFpaka] [WARNING] Log_spec ignored when pcen is set (extractSTFT:84)
2024-05-29 20:18:36.632 [ALFpaka] [WARNING] Log_spec ignored when pcen is set (extractSTFT:84)
2024-05-29 20:18:36.652 [ALFpaka] [WARNING] Log_spec ignored when pcen is set (extractSTFT:84)
2024-05-29 20:18:36.651 [ALFpaka] [WARNING] Log_spec ignored when pcen is set (extractSTFT:84)
2024-05-29 20:18:36.674 [ALFpaka] [WARNING] Log_spec ignored when pcen is set (extractSTFT:84)
2024-05-29 20:18:36.683 [ALFpaka] [WARNING] Log_spec ignored when pcen is set (extractSTFT:84)
2024-05-29 20:18:36.714 [ALFpaka] [WARNING] Log_spec ignored when pcen is set (extractSTFT:84)
2024-05-29 20:18:36.791 [ALFpaka] [WARNING] Log_spec ignored when pcen is set (extractSTFT:84)
2024-05-29 20:18:36.804 [ALFpaka] [WARNING] Log_spec ignored when pcen is set (extractSTFT:84)
2024-05-29 20:18:36.869 [ALFpaka] [WARNING] Log_spec ignored when pcen is set (extractSTFT:84)
2024-05-29 20:18:36.881 [ALFpaka] [WARNING] Log_spec ignored when pcen is set (extractSTFT:84)
2024-05-29 20:18:36.991 [ALFpaka] [WARNING] Log_spec ignored when pcen is set (extractSTFT:84)
2024-05-29 20:18:36.991 [ALFpaka] [WARNING] Log_spec ignored when pcen is set (extractSTFT:84)
2024-05-29 20:18:37.285 [ALFpaka] [WARNING] Log_spec ignored when pcen is set (extractSTFT:84)
2024-05-29 20:18:37.668 [ALFpaka] [WARNING] Log_spec ignored when pcen is set (extractSTFT:84)
2024-05-29 20:18:37.732 [ALFpaka] [WARNING] Log_spec ignored when pcen is set (extractSTFT:84)
2024-05-29 20:18:37.746 [ALFpaka] [WARNING] Log_spec ignored when pcen is set (extractSTFT:84)
2024-05-29 20:18:37.674 [ALFpaka] [WARNING] Log_spec ignored when pcen is set (extractSTFT:84)
2024-05-29 20:18:37.677 [ALFpaka] [WARNING] Log_spec ignored when pcen is set (extractSTFT:84)
2024-05-29 20:18:37.774 [ALFpaka] [WARNING] Log_spec ignored when pcen is set (extractSTFT:84)
2024-05-29 20:18:37.779 [ALFpaka] [WARNING] Log_spec ignored when pcen is set (extractSTFT:84)
2024-05-29 20:18:37.803 [ALFpaka] [WARNING] Log_spec ignored when pcen is set (extractSTFT:84)
2024-05-29 20:18:38.186 [ALFpaka] [WARNING] Log_spec ignored when pcen is set (extractSTFT:84)
2024-05-29 20:18:38.410 [ALFpaka] [WARNING] Log_spec ignored when pcen is set (extractSTFT:84)
2024-05-29 20:18:38.411 [ALFpaka] [WARNING] Log_spec ignored when pcen is set (extractSTFT:84)
2024-05-29 20:18:38.409 [ALFpaka] [WARNING] Log_spec ignored when pcen is set (extractSTFT:84)
2024-05-29 20:18:38.452 [ALFpaka] [WARNING] Log_spec ignored when pcen is set (extractSTFT:84)
2024-05-29 20:18:38.493 [ALFpaka] [WARNING] Log_spec ignored when pcen is set (extractSTFT:84)
2024-05-29 20:18:38.518 [ALFpaka] [WARNING] Log_spec ignored when pcen is set (extractSTFT:84)
2024-05-29 20:18:38.846 [ALFpaka] [WARNING] Log_spec ignored when pcen is set (extractSTFT:84)
2024-05-29 20:18:38.845 [ALFpaka] [WARNING] Log_spec ignored when pcen is set (extractSTFT:84)
2024-05-29 20:18:38.847 [ALFpaka] [WARNING] Log_spec ignored when pcen is set (extractSTFT:84)
2024-05-29 20:18:38.947 [ALFpaka] [WARNING] Log_spec ignored when pcen is set (extractSTFT:84)
2024-05-29 20:18:38.946 [ALFpaka] [WARNING] Log_spec ignored when pcen is set (extractSTFT:84)
2024-05-29 20:18:38.960 [ALFpaka] [WARNING] Log_spec ignored when pcen is set (extractSTFT:84)
2024-05-29 20:18:38.960 [ALFpaka] [WARNING] Log_spec ignored when pcen is set (extractSTFT:84)
2024-05-29 20:18:38.972 [ALFpaka] [WARNING] Log_spec ignored when pcen is set (extractSTFT:84)
2024-05-29 20:18:38.967 [ALFpaka] [WARNING] Log_spec ignored when pcen is set (extractSTFT:84)
2024-05-29 20:18:39.005 [ALFpaka] [WARNING] Log_spec ignored when pcen is set (extractSTFT:84)
2024-05-29 20:18:39.124 [ALFpaka] [WARNING] Log_spec ignored when pcen is set (extractSTFT:84)
2024-05-29 20:18:39.220 [ALFpaka] [WARNING] Log_spec ignored when pcen is set (extractSTFT:84)
2024-05-29 20:18:39.290 [ALFpaka] [WARNING] Log_spec ignored when pcen is set (extractSTFT:84)
2024-05-29 20:18:39.290 [ALFpaka] [WARNING] Log_spec ignored when pcen is set (extractSTFT:84)
2024-05-29 20:18:39.291 [ALFpaka] [WARNING] Log_spec ignored when pcen is set (extractSTFT:84)
2024-05-29 20:18:39.334 [ALFpaka] [WARNING] Log_spec ignored when pcen is set (extractSTFT:84)
2024-05-29 20:18:39.397 [ALFpaka] [WARNING] Log_spec ignored when pcen is set (extractSTFT:84)
2024-05-29 20:18:39.396 [ALFpaka] [WARNING] Log_spec ignored when pcen is set (extractSTFT:84)
2024-05-29 20:18:39.403 [ALFpaka] [WARNING] Audio normalization: Silent file with amplitude of 0. (normalize_audio:359)
2024-05-29 20:18:39.457 [ALFpaka] [WARNING] Log_spec ignored when pcen is set (extractSTFT:84)
2024-05-29 20:18:39.491 [ALFpaka] [WARNING] Log_spec ignored when pcen is set (extractSTFT:84)
2024-05-29 20:18:39.494 [ALFpaka] [WARNING] Log_spec ignored when pcen is set (extractSTFT:84)
2024-05-29 20:18:39.521 [ALFpaka] [WARNING] Log_spec ignored when pcen is set (extractSTFT:84)
2024-05-29 20:18:39.408 [ALFpaka] [WARNING] Audio normalization: Silent file with amplitude of 0. (normalize_audio:359)
2024-05-29 20:18:39.625 [ALFpaka] [WARNING] Log_spec ignored when pcen is set (extractSTFT:84)
2024-05-29 20:18:39.625 [ALFpaka] [WARNING] Log_spec ignored when pcen is set (extractSTFT:84)
2024-05-29 20:18:39.488 [ALFpaka] [WARNING] Audio normalization: Silent file with amplitude of 0. (normalize_audio:359)
2024-05-29 20:18:39.715 [ALFpaka] [WARNING] Log_spec ignored when pcen is set (extractSTFT:84)
2024-05-29 20:18:39.858 [ALFpaka] [WARNING] Log_spec ignored when pcen is set (extractSTFT:84)
2024-05-29 20:18:39.862 [ALFpaka] [WARNING] Audio normalization: Silent file with amplitude of 0. (normalize_audio:359)
2024-05-29 20:18:39.867 [ALFpaka] [WARNING] Log_spec ignored when pcen is set (extractSTFT:84)
2024-05-29 20:18:39.980 [ALFpaka] [WARNING] Log_spec ignored when pcen is set (extractSTFT:84)
2024-05-29 20:18:39.979 [ALFpaka] [WARNING] Log_spec ignored when pcen is set (extractSTFT:84)
2024-05-29 20:18:39.984 [ALFpaka] [WARNING] Log_spec ignored when pcen is set (extractSTFT:84)
2024-05-29 20:18:40.021 [ALFpaka] [WARNING] Log_spec ignored when pcen is set (extractSTFT:84)
2024-05-29 20:18:40.130 [ALFpaka] [WARNING] Log_spec ignored when pcen is set (extractSTFT:84)
2024-05-29 20:18:40.123 [ALFpaka] [WARNING] Log_spec ignored when pcen is set (extractSTFT:84)
2024-05-29 20:18:40.133 [ALFpaka] [WARNING] Log_spec ignored when pcen is set (extractSTFT:84)
2024-05-29 20:18:40.156 [ALFpaka] [WARNING] Log_spec ignored when pcen is set (extractSTFT:84)
2024-05-29 20:18:40.261 [ALFpaka] [WARNING] Log_spec ignored when pcen is set (extractSTFT:84)
2024-05-29 20:18:40.427 [ALFpaka] [WARNING] Log_spec ignored when pcen is set (extractSTFT:84)
2024-05-29 20:18:40.445 [ALFpaka] [WARNING] Log_spec ignored when pcen is set (extractSTFT:84)
2024-05-29 20:18:40.443 [ALFpaka] [WARNING] Log_spec ignored when pcen is set (extractSTFT:84)
2024-05-29 20:18:40.913 [ALFpaka] [WARNING] Log_spec ignored when pcen is set (extractSTFT:84)
2024-05-29 20:18:40.912 [ALFpaka] [WARNING] Log_spec ignored when pcen is set (extractSTFT:84)
2024-05-29 20:18:40.920 [ALFpaka] [WARNING] Log_spec ignored when pcen is set (extractSTFT:84)
2024-05-29 20:18:40.921 [ALFpaka] [WARNING] Log_spec ignored when pcen is set (extractSTFT:84)
2024-05-29 20:18:41.344 [ALFpaka] [WARNING] Log_spec ignored when pcen is set (extractSTFT:84)
2024-05-29 20:18:41.344 [ALFpaka] [WARNING] Log_spec ignored when pcen is set (extractSTFT:84)
2024-05-29 20:18:41.346 [ALFpaka] [WARNING] Log_spec ignored when pcen is set (extractSTFT:84)
2024-05-29 20:18:41.347 [ALFpaka] [WARNING] Log_spec ignored when pcen is set (extractSTFT:84)
2024-05-29 20:18:41.348 [ALFpaka] [WARNING] Log_spec ignored when pcen is set (extractSTFT:84)
2024-05-29 20:18:41.350 [ALFpaka] [WARNING] Log_spec ignored when pcen is set (extractSTFT:84)
2024-05-29 20:18:41.349 [ALFpaka] [WARNING] Log_spec ignored when pcen is set (extractSTFT:84)
2024-05-29 20:18:41.557 [ALFpaka] [WARNING] Log_spec ignored when pcen is set (extractSTFT:84)
2024-05-29 20:18:41.574 [ALFpaka] [WARNING] Log_spec ignored when pcen is set (extractSTFT:84)
2024-05-29 20:18:41.829 [ALFpaka] [WARNING] Log_spec ignored when pcen is set (extractSTFT:84)
2024-05-29 20:18:41.842 [ALFpaka] [WARNING] Log_spec ignored when pcen is set (extractSTFT:84)
2024-05-29 20:18:41.842 [ALFpaka] [WARNING] Log_spec ignored when pcen is set (extractSTFT:84)
2024-05-29 20:18:41.961 [ALFpaka] [WARNING] Log_spec ignored when pcen is set (extractSTFT:84)
2024-05-29 20:18:41.959 [ALFpaka] [WARNING] Log_spec ignored when pcen is set (extractSTFT:84)
2024-05-29 20:18:41.979 [ALFpaka] [WARNING] Log_spec ignored when pcen is set (extractSTFT:84)
2024-05-29 20:18:41.977 [ALFpaka] [WARNING] Log_spec ignored when pcen is set (extractSTFT:84)
2024-05-29 20:18:42.017 [ALFpaka] [WARNING] Log_spec ignored when pcen is set (extractSTFT:84)
2024-05-29 20:18:42.012 [ALFpaka] [WARNING] Log_spec ignored when pcen is set (extractSTFT:84)
2024-05-29 20:18:42.041 [ALFpaka] [WARNING] Log_spec ignored when pcen is set (extractSTFT:84)
2024-05-29 20:18:42.041 [ALFpaka] [WARNING] Log_spec ignored when pcen is set (extractSTFT:84)
2024-05-29 20:18:42.015 [ALFpaka] [WARNING] Log_spec ignored when pcen is set (extractSTFT:84)
2024-05-29 20:18:42.043 [ALFpaka] [WARNING] Log_spec ignored when pcen is set (extractSTFT:84)
2024-05-29 20:18:42.118 [ALFpaka] [WARNING] Log_spec ignored when pcen is set (extractSTFT:84)
2024-05-29 20:18:42.123 [ALFpaka] [WARNING] Log_spec ignored when pcen is set (extractSTFT:84)
2024-05-29 20:18:42.141 [ALFpaka] [WARNING] Log_spec ignored when pcen is set (extractSTFT:84)
2024-05-29 20:18:42.142 [ALFpaka] [WARNING] Log_spec ignored when pcen is set (extractSTFT:84)
2024-05-29 20:18:42.115 [ALFpaka] [WARNING] Log_spec ignored when pcen is set (extractSTFT:84)
2024-05-29 20:18:42.150 [ALFpaka] [WARNING] Log_spec ignored when pcen is set (extractSTFT:84)
2024-05-29 20:18:42.151 [ALFpaka] [WARNING] Log_spec ignored when pcen is set (extractSTFT:84)
2024-05-29 20:18:42.231 [ALFpaka] [WARNING] Log_spec ignored when pcen is set (extractSTFT:84)
2024-05-29 20:18:42.803 [ALFpaka] [WARNING] Log_spec ignored when pcen is set (extractSTFT:84)
2024-05-29 20:18:42.797 [ALFpaka] [WARNING] Log_spec ignored when pcen is set (extractSTFT:84)
2024-05-29 20:18:42.804 [ALFpaka] [WARNING] Log_spec ignored when pcen is set (extractSTFT:84)
2024-05-29 20:18:42.804 [ALFpaka] [WARNING] Log_spec ignored when pcen is set (extractSTFT:84)
2024-05-29 20:18:42.873 [ALFpaka] [WARNING] Log_spec ignored when pcen is set (extractSTFT:84)
2024-05-29 20:18:42.958 [ALFpaka] [WARNING] Log_spec ignored when pcen is set (extractSTFT:84)
2024-05-29 20:18:42.934 [ALFpaka] [WARNING] Log_spec ignored when pcen is set (extractSTFT:84)
2024-05-29 20:18:42.932 [ALFpaka] [WARNING] Log_spec ignored when pcen is set (extractSTFT:84)
2024-05-29 20:18:42.973 [ALFpaka] [WARNING] Log_spec ignored when pcen is set (extractSTFT:84)
2024-05-29 20:18:43.097 [ALFpaka] [WARNING] Log_spec ignored when pcen is set (extractSTFT:84)
2024-05-29 20:18:43.241 [ALFpaka] [WARNING] Log_spec ignored when pcen is set (extractSTFT:84)
2024-05-29 20:18:43.275 [ALFpaka] [WARNING] Log_spec ignored when pcen is set (extractSTFT:84)
2024-05-29 20:18:43.274 [ALFpaka] [WARNING] Log_spec ignored when pcen is set (extractSTFT:84)
2024-05-29 20:18:43.323 [ALFpaka] [WARNING] Log_spec ignored when pcen is set (extractSTFT:84)
2024-05-29 20:18:43.367 [ALFpaka] [WARNING] Log_spec ignored when pcen is set (extractSTFT:84)
2024-05-29 20:18:43.750 [ALFpaka] [WARNING] Log_spec ignored when pcen is set (extractSTFT:84)
2024-05-29 20:18:43.754 [ALFpaka] [WARNING] Log_spec ignored when pcen is set (extractSTFT:84)
2024-05-29 20:18:43.752 [ALFpaka] [WARNING] Log_spec ignored when pcen is set (extractSTFT:84)
2024-05-29 20:18:43.804 [ALFpaka] [WARNING] Log_spec ignored when pcen is set (extractSTFT:84)
2024-05-29 20:18:43.804 [ALFpaka] [WARNING] Log_spec ignored when pcen is set (extractSTFT:84)
2024-05-29 20:18:43.822 [ALFpaka] [WARNING] Log_spec ignored when pcen is set (extractSTFT:84)
2024-05-29 20:18:43.987 [ALFpaka] [WARNING] Log_spec ignored when pcen is set (extractSTFT:84)
2024-05-29 20:18:44.072 [ALFpaka] [WARNING] Log_spec ignored when pcen is set (extractSTFT:84)
2024-05-29 20:18:44.207 [ALFpaka] [WARNING] Log_spec ignored when pcen is set (extractSTFT:84)
2024-05-29 20:18:44.265 [ALFpaka] [WARNING] Log_spec ignored when pcen is set (extractSTFT:84)
2024-05-29 20:18:44.356 [ALFpaka] [WARNING] Log_spec ignored when pcen is set (extractSTFT:84)
2024-05-29 20:18:44.509 [ALFpaka] [WARNING] Log_spec ignored when pcen is set (extractSTFT:84)
2024-05-29 20:18:44.521 [ALFpaka] [WARNING] Log_spec ignored when pcen is set (extractSTFT:84)
2024-05-29 20:18:44.526 [ALFpaka] [WARNING] Log_spec ignored when pcen is set (extractSTFT:84)
2024-05-29 20:18:44.535 [ALFpaka] [WARNING] Log_spec ignored when pcen is set (extractSTFT:84)
2024-05-29 20:18:44.527 [ALFpaka] [WARNING] Log_spec ignored when pcen is set (extractSTFT:84)
2024-05-29 20:18:44.524 [ALFpaka] [WARNING] Log_spec ignored when pcen is set (extractSTFT:84)
2024-05-29 20:18:44.534 [ALFpaka] [WARNING] Log_spec ignored when pcen is set (extractSTFT:84)
2024-05-29 20:18:44.581 [ALFpaka] [WARNING] Log_spec ignored when pcen is set (extractSTFT:84)
2024-05-29 20:18:44.600 [ALFpaka] [WARNING] Log_spec ignored when pcen is set (extractSTFT:84)
2024-05-29 20:18:44.637 [ALFpaka] [WARNING] Log_spec ignored when pcen is set (extractSTFT:84)
2024-05-29 20:18:44.647 [ALFpaka] [WARNING] Log_spec ignored when pcen is set (extractSTFT:84)
2024-05-29 20:18:44.660 [ALFpaka] [WARNING] Log_spec ignored when pcen is set (extractSTFT:84)
2024-05-29 20:18:44.748 [ALFpaka] [WARNING] Log_spec ignored when pcen is set (extractSTFT:84)
2024-05-29 20:18:44.828 [ALFpaka] [WARNING] Log_spec ignored when pcen is set (extractSTFT:84)
2024-05-29 20:18:44.887 [ALFpaka] [WARNING] Log_spec ignored when pcen is set (extractSTFT:84)
2024-05-29 20:18:44.908 [ALFpaka] [WARNING] Log_spec ignored when pcen is set (extractSTFT:84)
2024-05-29 20:18:44.887 [ALFpaka] [WARNING] Log_spec ignored when pcen is set (extractSTFT:84)
2024-05-29 20:18:44.827 [ALFpaka] [WARNING] Log_spec ignored when pcen is set (extractSTFT:84)
2024-05-29 20:18:45.073 [ALFpaka] [WARNING] Log_spec ignored when pcen is set (extractSTFT:84)
2024-05-29 20:18:45.095 [ALFpaka] [WARNING] Log_spec ignored when pcen is set (extractSTFT:84)
2024-05-29 20:18:45.134 [ALFpaka] [WARNING] Log_spec ignored when pcen is set (extractSTFT:84)
2024-05-29 20:18:45.418 [ALFpaka] [WARNING] Log_spec ignored when pcen is set (extractSTFT:84)
2024-05-29 20:18:45.419 [ALFpaka] [WARNING] Log_spec ignored when pcen is set (extractSTFT:84)
2024-05-29 20:18:45.417 [ALFpaka] [WARNING] Log_spec ignored when pcen is set (extractSTFT:84)
2024-05-29 20:18:45.419 [ALFpaka] [WARNING] Log_spec ignored when pcen is set (extractSTFT:84)
2024-05-29 20:18:45.422 [ALFpaka] [WARNING] Log_spec ignored when pcen is set (extractSTFT:84)
2024-05-29 20:18:45.420 [ALFpaka] [WARNING] Log_spec ignored when pcen is set (extractSTFT:84)
2024-05-29 20:18:45.539 [ALFpaka] [WARNING] Log_spec ignored when pcen is set (extractSTFT:84)
2024-05-29 20:18:45.542 [ALFpaka] [WARNING] Log_spec ignored when pcen is set (extractSTFT:84)
2024-05-29 20:18:45.469 [ALFpaka] [WARNING] Log_spec ignored when pcen is set (extractSTFT:84)
2024-05-29 20:18:45.550 [ALFpaka] [WARNING] Log_spec ignored when pcen is set (extractSTFT:84)
2024-05-29 20:18:45.510 [ALFpaka] [WARNING] Log_spec ignored when pcen is set (extractSTFT:84)
2024-05-29 20:18:45.558 [ALFpaka] [WARNING] Log_spec ignored when pcen is set (extractSTFT:84)
2024-05-29 20:18:45.664 [ALFpaka] [WARNING] Log_spec ignored when pcen is set (extractSTFT:84)
2024-05-29 20:18:45.648 [ALFpaka] [WARNING] Log_spec ignored when pcen is set (extractSTFT:84)
2024-05-29 20:18:45.808 [ALFpaka] [WARNING] Log_spec ignored when pcen is set (extractSTFT:84)
2024-05-29 20:18:45.842 [ALFpaka] [WARNING] Log_spec ignored when pcen is set (extractSTFT:84)
2024-05-29 20:18:45.874 [ALFpaka] [WARNING] Log_spec ignored when pcen is set (extractSTFT:84)
2024-05-29 20:18:45.873 [ALFpaka] [WARNING] Log_spec ignored when pcen is set (extractSTFT:84)
2024-05-29 20:18:45.959 [ALFpaka] [WARNING] Log_spec ignored when pcen is set (extractSTFT:84)
2024-05-29 20:18:46.146 [ALFpaka] [WARNING] Log_spec ignored when pcen is set (extractSTFT:84)
2024-05-29 20:18:46.445 [ALFpaka] [WARNING] Log_spec ignored when pcen is set (extractSTFT:84)
2024-05-29 20:18:46.605 [ALFpaka] [WARNING] Log_spec ignored when pcen is set (extractSTFT:84)
2024-05-29 20:18:46.696 [ALFpaka] [WARNING] Log_spec ignored when pcen is set (extractSTFT:84)
2024-05-29 20:18:46.954 [ALFpaka] [WARNING] Log_spec ignored when pcen is set (extractSTFT:84)
2024-05-29 20:18:47.191 [ALFpaka] [WARNING] Log_spec ignored when pcen is set (extractSTFT:84)
2024-05-29 20:18:47.192 [ALFpaka] [WARNING] Log_spec ignored when pcen is set (extractSTFT:84)
2024-05-29 20:18:47.170 [ALFpaka] [WARNING] Log_spec ignored when pcen is set (extractSTFT:84)
2024-05-29 20:18:47.208 [ALFpaka] [WARNING] Log_spec ignored when pcen is set (extractSTFT:84)
2024-05-29 20:18:47.193 [ALFpaka] [WARNING] Log_spec ignored when pcen is set (extractSTFT:84)
2024-05-29 20:18:47.193 [ALFpaka] [WARNING] Log_spec ignored when pcen is set (extractSTFT:84)
2024-05-29 20:18:47.196 [ALFpaka] [WARNING] Log_spec ignored when pcen is set (extractSTFT:84)
2024-05-29 20:18:47.195 [ALFpaka] [WARNING] Log_spec ignored when pcen is set (extractSTFT:84)
2024-05-29 20:18:47.196 [ALFpaka] [WARNING] Log_spec ignored when pcen is set (extractSTFT:84)
2024-05-29 20:18:47.306 [ALFpaka] [WARNING] Log_spec ignored when pcen is set (extractSTFT:84)
2024-05-29 20:18:47.384 [ALFpaka] [WARNING] Log_spec ignored when pcen is set (extractSTFT:84)
2024-05-29 20:18:47.436 [ALFpaka] [WARNING] Log_spec ignored when pcen is set (extractSTFT:84)
2024-05-29 20:18:47.745 [ALFpaka] [WARNING] Log_spec ignored when pcen is set (extractSTFT:84)
2024-05-29 20:18:47.850 [ALFpaka] [WARNING] Log_spec ignored when pcen is set (extractSTFT:84)
2024-05-29 20:18:47.848 [ALFpaka] [WARNING] Log_spec ignored when pcen is set (extractSTFT:84)
2024-05-29 20:18:47.853 [ALFpaka] [WARNING] Log_spec ignored when pcen is set (extractSTFT:84)
2024-05-29 20:18:47.854 [ALFpaka] [WARNING] Log_spec ignored when pcen is set (extractSTFT:84)
2024-05-29 20:18:47.857 [ALFpaka] [WARNING] Log_spec ignored when pcen is set (extractSTFT:84)
2024-05-29 20:18:47.856 [ALFpaka] [WARNING] Log_spec ignored when pcen is set (extractSTFT:84)
2024-05-29 20:18:47.858 [ALFpaka] [WARNING] Log_spec ignored when pcen is set (extractSTFT:84)
2024-05-29 20:18:47.938 [ALFpaka] [WARNING] Log_spec ignored when pcen is set (extractSTFT:84)
2024-05-29 20:18:47.943 [ALFpaka] [WARNING] Log_spec ignored when pcen is set (extractSTFT:84)
2024-05-29 20:18:48.133 [ALFpaka] [WARNING] Log_spec ignored when pcen is set (extractSTFT:84)
2024-05-29 20:18:48.245 [ALFpaka] [WARNING] Log_spec ignored when pcen is set (extractSTFT:84)
2024-05-29 20:18:48.244 [ALFpaka] [WARNING] Log_spec ignored when pcen is set (extractSTFT:84)
2024-05-29 20:18:48.277 [ALFpaka] [WARNING] Log_spec ignored when pcen is set (extractSTFT:84)
2024-05-29 20:18:48.286 [ALFpaka] [WARNING] Log_spec ignored when pcen is set (extractSTFT:84)
2024-05-29 20:18:48.292 [ALFpaka] [WARNING] Log_spec ignored when pcen is set (extractSTFT:84)
2024-05-29 20:18:48.348 [ALFpaka] [WARNING] Log_spec ignored when pcen is set (extractSTFT:84)
2024-05-29 20:18:48.354 [ALFpaka] [WARNING] Log_spec ignored when pcen is set (extractSTFT:84)
2024-05-29 20:18:48.350 [ALFpaka] [WARNING] Log_spec ignored when pcen is set (extractSTFT:84)
2024-05-29 20:18:48.350 [ALFpaka] [WARNING] Log_spec ignored when pcen is set (extractSTFT:84)
2024-05-29 20:18:48.379 [ALFpaka] [WARNING] Log_spec ignored when pcen is set (extractSTFT:84)
2024-05-29 20:18:48.385 [ALFpaka] [WARNING] Log_spec ignored when pcen is set (extractSTFT:84)
2024-05-29 20:18:48.411 [ALFpaka] [WARNING] Log_spec ignored when pcen is set (extractSTFT:84)
2024-05-29 20:18:48.408 [ALFpaka] [WARNING] Log_spec ignored when pcen is set (extractSTFT:84)
2024-05-29 20:18:48.547 [ALFpaka] [WARNING] Log_spec ignored when pcen is set (extractSTFT:84)
2024-05-29 20:18:48.759 [ALFpaka] [WARNING] Log_spec ignored when pcen is set (extractSTFT:84)
2024-05-29 20:18:48.862 [ALFpaka] [WARNING] Log_spec ignored when pcen is set (extractSTFT:84)
2024-05-29 20:18:48.861 [ALFpaka] [WARNING] Log_spec ignored when pcen is set (extractSTFT:84)
2024-05-29 20:18:48.865 [ALFpaka] [WARNING] Log_spec ignored when pcen is set (extractSTFT:84)
2024-05-29 20:18:48.908 [ALFpaka] [WARNING] Log_spec ignored when pcen is set (extractSTFT:84)
2024-05-29 20:18:48.907 [ALFpaka] [WARNING] Log_spec ignored when pcen is set (extractSTFT:84)
2024-05-29 20:18:48.953 [ALFpaka] [WARNING] Log_spec ignored when pcen is set (extractSTFT:84)
2024-05-29 20:18:49.065 [ALFpaka] [WARNING] Log_spec ignored when pcen is set (extractSTFT:84)
2024-05-29 20:18:49.119 [ALFpaka] [WARNING] Log_spec ignored when pcen is set (extractSTFT:84)
2024-05-29 20:18:49.145 [ALFpaka] [WARNING] Log_spec ignored when pcen is set (extractSTFT:84)
2024-05-29 20:18:49.176 [ALFpaka] [WARNING] Log_spec ignored when pcen is set (extractSTFT:84)
2024-05-29 20:18:49.333 [ALFpaka] [WARNING] Log_spec ignored when pcen is set (extractSTFT:84)
2024-05-29 20:18:49.332 [ALFpaka] [WARNING] Log_spec ignored when pcen is set (extractSTFT:84)
2024-05-29 20:18:49.463 [ALFpaka] [WARNING] Log_spec ignored when pcen is set (extractSTFT:84)
2024-05-29 20:18:49.448 [ALFpaka] [WARNING] Log_spec ignored when pcen is set (extractSTFT:84)
2024-05-29 20:18:49.440 [ALFpaka] [WARNING] Audio normalization: Silent file with amplitude of 0. (normalize_audio:359)
2024-05-29 20:18:49.751 [ALFpaka] [WARNING] Log_spec ignored when pcen is set (extractSTFT:84)
2024-05-29 20:18:49.784 [ALFpaka] [WARNING] Log_spec ignored when pcen is set (extractSTFT:84)
2024-05-29 20:18:49.790 [ALFpaka] [WARNING] Audio normalization: Silent file with amplitude of 0. (normalize_audio:359)
2024-05-29 20:18:50.130 [ALFpaka] [WARNING] Log_spec ignored when pcen is set (extractSTFT:84)
2024-05-29 20:18:50.130 [ALFpaka] [WARNING] Log_spec ignored when pcen is set (extractSTFT:84)
2024-05-29 20:18:49.870 [ALFpaka] [WARNING] Log_spec ignored when pcen is set (extractSTFT:84)
2024-05-29 20:18:50.526 [ALFpaka] [WARNING] Log_spec ignored when pcen is set (extractSTFT:84)
2024-05-29 20:18:50.531 [ALFpaka] [WARNING] Log_spec ignored when pcen is set (extractSTFT:84)
2024-05-29 20:18:50.531 [ALFpaka] [WARNING] Log_spec ignored when pcen is set (extractSTFT:84)
2024-05-29 20:18:50.539 [ALFpaka] [WARNING] Log_spec ignored when pcen is set (extractSTFT:84)
2024-05-29 20:18:50.544 [ALFpaka] [WARNING] Log_spec ignored when pcen is set (extractSTFT:84)
2024-05-29 20:18:51.049 [ALFpaka] [WARNING] Log_spec ignored when pcen is set (extractSTFT:84)
2024-05-29 20:18:51.057 [ALFpaka] [WARNING] Log_spec ignored when pcen is set (extractSTFT:84)
2024-05-29 20:18:51.053 [ALFpaka] [WARNING] Log_spec ignored when pcen is set (extractSTFT:84)
2024-05-29 20:18:51.063 [ALFpaka] [WARNING] Log_spec ignored when pcen is set (extractSTFT:84)
2024-05-29 20:18:51.064 [ALFpaka] [WARNING] Log_spec ignored when pcen is set (extractSTFT:84)
2024-05-29 20:18:51.087 [ALFpaka] [WARNING] Log_spec ignored when pcen is set (extractSTFT:84)
2024-05-29 20:18:51.183 [ALFpaka] [WARNING] Log_spec ignored when pcen is set (extractSTFT:84)
2024-05-29 20:18:51.285 [ALFpaka] [WARNING] Log_spec ignored when pcen is set (extractSTFT:84)
2024-05-29 20:18:51.284 [ALFpaka] [WARNING] Log_spec ignored when pcen is set (extractSTFT:84)
2024-05-29 20:18:51.304 [ALFpaka] [WARNING] Log_spec ignored when pcen is set (extractSTFT:84)
2024-05-29 20:18:51.305 [ALFpaka] [WARNING] Log_spec ignored when pcen is set (extractSTFT:84)
2024-05-29 20:18:51.309 [ALFpaka] [WARNING] Log_spec ignored when pcen is set (extractSTFT:84)
2024-05-29 20:18:51.311 [ALFpaka] [WARNING] Log_spec ignored when pcen is set (extractSTFT:84)
2024-05-29 20:18:51.311 [ALFpaka] [WARNING] Log_spec ignored when pcen is set (extractSTFT:84)
2024-05-29 20:18:51.312 [ALFpaka] [WARNING] Log_spec ignored when pcen is set (extractSTFT:84)
2024-05-29 20:18:51.313 [ALFpaka] [WARNING] Log_spec ignored when pcen is set (extractSTFT:84)
2024-05-29 20:18:51.315 [ALFpaka] [WARNING] Log_spec ignored when pcen is set (extractSTFT:84)
2024-05-29 20:18:51.309 [ALFpaka] [WARNING] Log_spec ignored when pcen is set (extractSTFT:84)
2024-05-29 20:18:51.552 [ALFpaka] [WARNING] Audio normalization: Silent file with amplitude of 0. (normalize_audio:359)
2024-05-29 20:18:51.372 [ALFpaka] [WARNING] Log_spec ignored when pcen is set (extractSTFT:84)
2024-05-29 20:18:51.389 [ALFpaka] [WARNING] Log_spec ignored when pcen is set (extractSTFT:84)
2024-05-29 20:18:51.414 [ALFpaka] [WARNING] Log_spec ignored when pcen is set (extractSTFT:84)
2024-05-29 20:18:51.453 [ALFpaka] [WARNING] Log_spec ignored when pcen is set (extractSTFT:84)
2024-05-29 20:18:51.454 [ALFpaka] [WARNING] Log_spec ignored when pcen is set (extractSTFT:84)
2024-05-29 20:18:51.701 [ALFpaka] [WARNING] Audio normalization: Silent file with amplitude of 0. (normalize_audio:359)
2024-05-29 20:18:52.078 [ALFpaka] [WARNING] Log_spec ignored when pcen is set (extractSTFT:84)
2024-05-29 20:18:52.083 [ALFpaka] [WARNING] Log_spec ignored when pcen is set (extractSTFT:84)
2024-05-29 20:18:52.084 [ALFpaka] [WARNING] Log_spec ignored when pcen is set (extractSTFT:84)
2024-05-29 20:18:52.082 [ALFpaka] [WARNING] Log_spec ignored when pcen is set (extractSTFT:84)
2024-05-29 20:18:52.120 [ALFpaka] [WARNING] Log_spec ignored when pcen is set (extractSTFT:84)
2024-05-29 20:18:52.362 [ALFpaka] [WARNING] Log_spec ignored when pcen is set (extractSTFT:84)
2024-05-29 20:18:52.363 [ALFpaka] [WARNING] Log_spec ignored when pcen is set (extractSTFT:84)
2024-05-29 20:18:52.362 [ALFpaka] [WARNING] Log_spec ignored when pcen is set (extractSTFT:84)
2024-05-29 20:18:52.370 [ALFpaka] [WARNING] Log_spec ignored when pcen is set (extractSTFT:84)
2024-05-29 20:18:52.364 [ALFpaka] [WARNING] Log_spec ignored when pcen is set (extractSTFT:84)
2024-05-29 20:18:52.366 [ALFpaka] [WARNING] Log_spec ignored when pcen is set (extractSTFT:84)
2024-05-29 20:18:52.367 [ALFpaka] [WARNING] Log_spec ignored when pcen is set (extractSTFT:84)
2024-05-29 20:18:52.365 [ALFpaka] [WARNING] Log_spec ignored when pcen is set (extractSTFT:84)
2024-05-29 20:18:52.370 [ALFpaka] [WARNING] Log_spec ignored when pcen is set (extractSTFT:84)
2024-05-29 20:18:52.368 [ALFpaka] [WARNING] Log_spec ignored when pcen is set (extractSTFT:84)
2024-05-29 20:18:52.469 [ALFpaka] [WARNING] Log_spec ignored when pcen is set (extractSTFT:84)
2024-05-29 20:18:52.522 [ALFpaka] [WARNING] Log_spec ignored when pcen is set (extractSTFT:84)
2024-05-29 20:18:52.660 [ALFpaka] [WARNING] Log_spec ignored when pcen is set (extractSTFT:84)
2024-05-29 20:18:52.910 [ALFpaka] [WARNING] Log_spec ignored when pcen is set (extractSTFT:84)
2024-05-29 20:18:53.399 [ALFpaka] [WARNING] Log_spec ignored when pcen is set (extractSTFT:84)
2024-05-29 20:18:53.400 [ALFpaka] [WARNING] Log_spec ignored when pcen is set (extractSTFT:84)
2024-05-29 20:18:53.398 [ALFpaka] [WARNING] Log_spec ignored when pcen is set (extractSTFT:84)
2024-05-29 20:18:53.401 [ALFpaka] [WARNING] Log_spec ignored when pcen is set (extractSTFT:84)
2024-05-29 20:18:53.402 [ALFpaka] [WARNING] Log_spec ignored when pcen is set (extractSTFT:84)
2024-05-29 20:18:53.440 [ALFpaka] [WARNING] Log_spec ignored when pcen is set (extractSTFT:84)
2024-05-29 20:18:53.439 [ALFpaka] [WARNING] Log_spec ignored when pcen is set (extractSTFT:84)
2024-05-29 20:18:53.474 [ALFpaka] [WARNING] Log_spec ignored when pcen is set (extractSTFT:84)
2024-05-29 20:18:53.481 [ALFpaka] [WARNING] Log_spec ignored when pcen is set (extractSTFT:84)
2024-05-29 20:18:53.505 [ALFpaka] [WARNING] Log_spec ignored when pcen is set (extractSTFT:84)
2024-05-29 20:18:53.622 [ALFpaka] [WARNING] Log_spec ignored when pcen is set (extractSTFT:84)
2024-05-29 20:18:53.634 [ALFpaka] [WARNING] Log_spec ignored when pcen is set (extractSTFT:84)
2024-05-29 20:18:53.719 [ALFpaka] [WARNING] Log_spec ignored when pcen is set (extractSTFT:84)
2024-05-29 20:18:53.741 [ALFpaka] [WARNING] Log_spec ignored when pcen is set (extractSTFT:84)
2024-05-29 20:18:53.889 [ALFpaka] [WARNING] Log_spec ignored when pcen is set (extractSTFT:84)
2024-05-29 20:18:53.897 [ALFpaka] [WARNING] Log_spec ignored when pcen is set (extractSTFT:84)
2024-05-29 20:18:53.959 [ALFpaka] [WARNING] Log_spec ignored when pcen is set (extractSTFT:84)
2024-05-29 20:18:54.078 [ALFpaka] [WARNING] Log_spec ignored when pcen is set (extractSTFT:84)
2024-05-29 20:18:54.077 [ALFpaka] [WARNING] Log_spec ignored when pcen is set (extractSTFT:84)
2024-05-29 20:18:54.076 [ALFpaka] [WARNING] Log_spec ignored when pcen is set (extractSTFT:84)
2024-05-29 20:18:54.357 [ALFpaka] [WARNING] Log_spec ignored when pcen is set (extractSTFT:84)
2024-05-29 20:18:54.477 [ALFpaka] [WARNING] Log_spec ignored when pcen is set (extractSTFT:84)
2024-05-29 20:18:54.520 [ALFpaka] [WARNING] Log_spec ignored when pcen is set (extractSTFT:84)
2024-05-29 20:18:54.561 [ALFpaka] [WARNING] Log_spec ignored when pcen is set (extractSTFT:84)
2024-05-29 20:18:54.557 [ALFpaka] [WARNING] Log_spec ignored when pcen is set (extractSTFT:84)
2024-05-29 20:18:54.637 [ALFpaka] [WARNING] Log_spec ignored when pcen is set (extractSTFT:84)
2024-05-29 20:18:54.637 [ALFpaka] [WARNING] Log_spec ignored when pcen is set (extractSTFT:84)
2024-05-29 20:18:54.636 [ALFpaka] [WARNING] Log_spec ignored when pcen is set (extractSTFT:84)
2024-05-29 20:18:54.653 [ALFpaka] [WARNING] Log_spec ignored when pcen is set (extractSTFT:84)
2024-05-29 20:18:54.662 [ALFpaka] [WARNING] Log_spec ignored when pcen is set (extractSTFT:84)
2024-05-29 20:18:54.664 [ALFpaka] [WARNING] Log_spec ignored when pcen is set (extractSTFT:84)
2024-05-29 20:18:54.673 [ALFpaka] [WARNING] Log_spec ignored when pcen is set (extractSTFT:84)
2024-05-29 20:18:54.676 [ALFpaka] [WARNING] Log_spec ignored when pcen is set (extractSTFT:84)
2024-05-29 20:18:54.774 [ALFpaka] [WARNING] Log_spec ignored when pcen is set (extractSTFT:84)
2024-05-29 20:18:54.820 [ALFpaka] [WARNING] Log_spec ignored when pcen is set (extractSTFT:84)
2024-05-29 20:18:54.923 [ALFpaka] [WARNING] Log_spec ignored when pcen is set (extractSTFT:84)
2024-05-29 20:18:54.936 [ALFpaka] [WARNING] Log_spec ignored when pcen is set (extractSTFT:84)
2024-05-29 20:18:54.933 [ALFpaka] [WARNING] Log_spec ignored when pcen is set (extractSTFT:84)
2024-05-29 20:18:55.027 [ALFpaka] [WARNING] Log_spec ignored when pcen is set (extractSTFT:84)
2024-05-29 20:18:55.407 [ALFpaka] [WARNING] Log_spec ignored when pcen is set (extractSTFT:84)
2024-05-29 20:18:55.407 [ALFpaka] [WARNING] Log_spec ignored when pcen is set (extractSTFT:84)
2024-05-29 20:18:55.410 [ALFpaka] [WARNING] Log_spec ignored when pcen is set (extractSTFT:84)
2024-05-29 20:18:55.409 [ALFpaka] [WARNING] Log_spec ignored when pcen is set (extractSTFT:84)
2024-05-29 20:18:55.408 [ALFpaka] [WARNING] Log_spec ignored when pcen is set (extractSTFT:84)
2024-05-29 20:18:55.411 [ALFpaka] [WARNING] Log_spec ignored when pcen is set (extractSTFT:84)
2024-05-29 20:18:55.411 [ALFpaka] [WARNING] Log_spec ignored when pcen is set (extractSTFT:84)
2024-05-29 20:18:55.545 [ALFpaka] [WARNING] Log_spec ignored when pcen is set (extractSTFT:84)
2024-05-29 20:18:55.544 [ALFpaka] [WARNING] Log_spec ignored when pcen is set (extractSTFT:84)
2024-05-29 20:18:55.600 [ALFpaka] [WARNING] Log_spec ignored when pcen is set (extractSTFT:84)
2024-05-29 20:18:55.831 [ALFpaka] [WARNING] Log_spec ignored when pcen is set (extractSTFT:84)
2024-05-29 20:18:56.023 [ALFpaka] [WARNING] Log_spec ignored when pcen is set (extractSTFT:84)
2024-05-29 20:18:55.832 [ALFpaka] [WARNING] Log_spec ignored when pcen is set (extractSTFT:84)
2024-05-29 20:18:56.025 [ALFpaka] [WARNING] Log_spec ignored when pcen is set (extractSTFT:84)
2024-05-29 20:18:56.024 [ALFpaka] [WARNING] Log_spec ignored when pcen is set (extractSTFT:84)
2024-05-29 20:18:56.080 [ALFpaka] [WARNING] Log_spec ignored when pcen is set (extractSTFT:84)
2024-05-29 20:18:56.080 [ALFpaka] [WARNING] Log_spec ignored when pcen is set (extractSTFT:84)
2024-05-29 20:18:56.281 [ALFpaka] [WARNING] Log_spec ignored when pcen is set (extractSTFT:84)
2024-05-29 20:18:56.383 [ALFpaka] [WARNING] Log_spec ignored when pcen is set (extractSTFT:84)
2024-05-29 20:18:56.418 [ALFpaka] [WARNING] Log_spec ignored when pcen is set (extractSTFT:84)
2024-05-29 20:18:56.430 [ALFpaka] [WARNING] Log_spec ignored when pcen is set (extractSTFT:84)
2024-05-29 20:18:56.450 [ALFpaka] [WARNING] Log_spec ignored when pcen is set (extractSTFT:84)
2024-05-29 20:18:56.453 [ALFpaka] [WARNING] Log_spec ignored when pcen is set (extractSTFT:84)
2024-05-29 20:18:56.469 [ALFpaka] [WARNING] Log_spec ignored when pcen is set (extractSTFT:84)
2024-05-29 20:18:56.496 [ALFpaka] [WARNING] Log_spec ignored when pcen is set (extractSTFT:84)
2024-05-29 20:18:56.517 [ALFpaka] [WARNING] Log_spec ignored when pcen is set (extractSTFT:84)
2024-05-29 20:18:56.564 [ALFpaka] [WARNING] Log_spec ignored when pcen is set (extractSTFT:84)
2024-05-29 20:18:56.592 [ALFpaka] [WARNING] Log_spec ignored when pcen is set (extractSTFT:84)
2024-05-29 20:18:57.128 [ALFpaka] [WARNING] Log_spec ignored when pcen is set (extractSTFT:84)
2024-05-29 20:18:57.128 [ALFpaka] [WARNING] Log_spec ignored when pcen is set (extractSTFT:84)
2024-05-29 20:18:57.182 [ALFpaka] [WARNING] Log_spec ignored when pcen is set (extractSTFT:84)
2024-05-29 20:18:57.206 [ALFpaka] [WARNING] Log_spec ignored when pcen is set (extractSTFT:84)
2024-05-29 20:18:57.761 [ALFpaka] [WARNING] Log_spec ignored when pcen is set (extractSTFT:84)
2024-05-29 20:18:57.759 [ALFpaka] [WARNING] Log_spec ignored when pcen is set (extractSTFT:84)
2024-05-29 20:18:57.762 [ALFpaka] [WARNING] Log_spec ignored when pcen is set (extractSTFT:84)
2024-05-29 20:18:57.763 [ALFpaka] [WARNING] Log_spec ignored when pcen is set (extractSTFT:84)
2024-05-29 20:18:57.769 [ALFpaka] [WARNING] Log_spec ignored when pcen is set (extractSTFT:84)
2024-05-29 20:18:57.760 [ALFpaka] [WARNING] Log_spec ignored when pcen is set (extractSTFT:84)
2024-05-29 20:18:57.805 [ALFpaka] [WARNING] Log_spec ignored when pcen is set (extractSTFT:84)
2024-05-29 20:18:57.813 [ALFpaka] [WARNING] Log_spec ignored when pcen is set (extractSTFT:84)
2024-05-29 20:18:57.822 [ALFpaka] [WARNING] Log_spec ignored when pcen is set (extractSTFT:84)
2024-05-29 20:18:57.813 [ALFpaka] [WARNING] Log_spec ignored when pcen is set (extractSTFT:84)
2024-05-29 20:18:57.843 [ALFpaka] [WARNING] Log_spec ignored when pcen is set (extractSTFT:84)
2024-05-29 20:18:57.851 [ALFpaka] [WARNING] Log_spec ignored when pcen is set (extractSTFT:84)
2024-05-29 20:18:57.868 [ALFpaka] [WARNING] Log_spec ignored when pcen is set (extractSTFT:84)
2024-05-29 20:18:57.871 [ALFpaka] [WARNING] Log_spec ignored when pcen is set (extractSTFT:84)
2024-05-29 20:18:57.870 [ALFpaka] [WARNING] Log_spec ignored when pcen is set (extractSTFT:84)
2024-05-29 20:18:58.005 [ALFpaka] [WARNING] Log_spec ignored when pcen is set (extractSTFT:84)
2024-05-29 20:18:58.006 [ALFpaka] [WARNING] Log_spec ignored when pcen is set (extractSTFT:84)
2024-05-29 20:18:58.067 [ALFpaka] [WARNING] Log_spec ignored when pcen is set (extractSTFT:84)
2024-05-29 20:18:58.023 [ALFpaka] [WARNING] Log_spec ignored when pcen is set (extractSTFT:84)
2024-05-29 20:18:58.010 [ALFpaka] [WARNING] Log_spec ignored when pcen is set (extractSTFT:84)
2024-05-29 20:18:57.884 [ALFpaka] [WARNING] Log_spec ignored when pcen is set (extractSTFT:84)
2024-05-29 20:18:58.201 [ALFpaka] [WARNING] Log_spec ignored when pcen is set (extractSTFT:84)
2024-05-29 20:18:58.141 [ALFpaka] [WARNING] Log_spec ignored when pcen is set (extractSTFT:84)
2024-05-29 20:18:58.202 [ALFpaka] [WARNING] Log_spec ignored when pcen is set (extractSTFT:84)
2024-05-29 20:18:58.203 [ALFpaka] [WARNING] Log_spec ignored when pcen is set (extractSTFT:84)
2024-05-29 20:18:58.273 [ALFpaka] [WARNING] Log_spec ignored when pcen is set (extractSTFT:84)
2024-05-29 20:18:58.278 [ALFpaka] [WARNING] Log_spec ignored when pcen is set (extractSTFT:84)
2024-05-29 20:18:58.314 [ALFpaka] [WARNING] Log_spec ignored when pcen is set (extractSTFT:84)
2024-05-29 20:18:58.315 [ALFpaka] [WARNING] Log_spec ignored when pcen is set (extractSTFT:84)
2024-05-29 20:18:58.639 [ALFpaka] [WARNING] Log_spec ignored when pcen is set (extractSTFT:84)
2024-05-29 20:18:58.705 [ALFpaka] [WARNING] Log_spec ignored when pcen is set (extractSTFT:84)
2024-05-29 20:18:58.809 [ALFpaka] [WARNING] Log_spec ignored when pcen is set (extractSTFT:84)
2024-05-29 20:18:58.813 [ALFpaka] [WARNING] Log_spec ignored when pcen is set (extractSTFT:84)
2024-05-29 20:18:58.812 [ALFpaka] [WARNING] Log_spec ignored when pcen is set (extractSTFT:84)
2024-05-29 20:18:58.864 [ALFpaka] [WARNING] Log_spec ignored when pcen is set (extractSTFT:84)
2024-05-29 20:18:58.910 [ALFpaka] [WARNING] Log_spec ignored when pcen is set (extractSTFT:84)
2024-05-29 20:18:59.228 [ALFpaka] [WARNING] Log_spec ignored when pcen is set (extractSTFT:84)
2024-05-29 20:18:59.271 [ALFpaka] [WARNING] Log_spec ignored when pcen is set (extractSTFT:84)
2024-05-29 20:18:59.475 [ALFpaka] [WARNING] Log_spec ignored when pcen is set (extractSTFT:84)
2024-05-29 20:18:59.475 [ALFpaka] [WARNING] Log_spec ignored when pcen is set (extractSTFT:84)
2024-05-29 20:18:59.544 [ALFpaka] [WARNING] Log_spec ignored when pcen is set (extractSTFT:84)
2024-05-29 20:18:59.590 [ALFpaka] [WARNING] Log_spec ignored when pcen is set (extractSTFT:84)
2024-05-29 20:18:59.614 [ALFpaka] [WARNING] Log_spec ignored when pcen is set (extractSTFT:84)
2024-05-29 20:18:59.637 [ALFpaka] [WARNING] Log_spec ignored when pcen is set (extractSTFT:84)
2024-05-29 20:18:59.649 [ALFpaka] [WARNING] Log_spec ignored when pcen is set (extractSTFT:84)
2024-05-29 20:18:59.788 [ALFpaka] [WARNING] Log_spec ignored when pcen is set (extractSTFT:84)
2024-05-29 20:18:59.852 [ALFpaka] [WARNING] Log_spec ignored when pcen is set (extractSTFT:84)
2024-05-29 20:19:00.032 [ALFpaka] [WARNING] Log_spec ignored when pcen is set (extractSTFT:84)
2024-05-29 20:19:00.063 [ALFpaka] [WARNING] Log_spec ignored when pcen is set (extractSTFT:84)
2024-05-29 20:19:00.325 [ALFpaka] [WARNING] Log_spec ignored when pcen is set (extractSTFT:84)
2024-05-29 20:19:00.324 [ALFpaka] [WARNING] Log_spec ignored when pcen is set (extractSTFT:84)
2024-05-29 20:19:00.357 [ALFpaka] [WARNING] Log_spec ignored when pcen is set (extractSTFT:84)
2024-05-29 20:19:00.377 [ALFpaka] [WARNING] Log_spec ignored when pcen is set (extractSTFT:84)
2024-05-29 20:19:00.401 [ALFpaka] [WARNING] Log_spec ignored when pcen is set (extractSTFT:84)
2024-05-29 20:19:00.468 [ALFpaka] [WARNING] Log_spec ignored when pcen is set (extractSTFT:84)
2024-05-29 20:19:00.508 [ALFpaka] [WARNING] Log_spec ignored when pcen is set (extractSTFT:84)
2024-05-29 20:19:00.525 [ALFpaka] [WARNING] Log_spec ignored when pcen is set (extractSTFT:84)
2024-05-29 20:19:00.770 [ALFpaka] [WARNING] Log_spec ignored when pcen is set (extractSTFT:84)
2024-05-29 20:19:00.770 [ALFpaka] [WARNING] Log_spec ignored when pcen is set (extractSTFT:84)
2024-05-29 20:19:00.777 [ALFpaka] [WARNING] Log_spec ignored when pcen is set (extractSTFT:84)
2024-05-29 20:19:00.771 [ALFpaka] [WARNING] Log_spec ignored when pcen is set (extractSTFT:84)
2024-05-29 20:19:00.772 [ALFpaka] [WARNING] Log_spec ignored when pcen is set (extractSTFT:84)
2024-05-29 20:19:00.783 [ALFpaka] [WARNING] Log_spec ignored when pcen is set (extractSTFT:84)
2024-05-29 20:19:00.786 [ALFpaka] [WARNING] Log_spec ignored when pcen is set (extractSTFT:84)
2024-05-29 20:19:00.807 [ALFpaka] [WARNING] Log_spec ignored when pcen is set (extractSTFT:84)
2024-05-29 20:19:00.818 [ALFpaka] [WARNING] Log_spec ignored when pcen is set (extractSTFT:84)
2024-05-29 20:19:00.817 [ALFpaka] [WARNING] Log_spec ignored when pcen is set (extractSTFT:84)
2024-05-29 20:19:00.867 [ALFpaka] [WARNING] Log_spec ignored when pcen is set (extractSTFT:84)
2024-05-29 20:19:00.903 [ALFpaka] [WARNING] Log_spec ignored when pcen is set (extractSTFT:84)
2024-05-29 20:19:00.918 [ALFpaka] [WARNING] Log_spec ignored when pcen is set (extractSTFT:84)
2024-05-29 20:19:00.997 [ALFpaka] [WARNING] Log_spec ignored when pcen is set (extractSTFT:84)
2024-05-29 20:19:00.994 [ALFpaka] [WARNING] Log_spec ignored when pcen is set (extractSTFT:84)
2024-05-29 20:19:01.020 [ALFpaka] [WARNING] Log_spec ignored when pcen is set (extractSTFT:84)
2024-05-29 20:19:01.023 [ALFpaka] [WARNING] Log_spec ignored when pcen is set (extractSTFT:84)
2024-05-29 20:19:01.262 [ALFpaka] [WARNING] Log_spec ignored when pcen is set (extractSTFT:84)
2024-05-29 20:19:01.475 [ALFpaka] [WARNING] Log_spec ignored when pcen is set (extractSTFT:84)
2024-05-29 20:19:01.482 [ALFpaka] [WARNING] Log_spec ignored when pcen is set (extractSTFT:84)
2024-05-29 20:19:01.474 [ALFpaka] [WARNING] Log_spec ignored when pcen is set (extractSTFT:84)
2024-05-29 20:19:01.513 [ALFpaka] [WARNING] Log_spec ignored when pcen is set (extractSTFT:84)
2024-05-29 20:19:01.524 [ALFpaka] [WARNING] Log_spec ignored when pcen is set (extractSTFT:84)
2024-05-29 20:19:01.611 [ALFpaka] [WARNING] Log_spec ignored when pcen is set (extractSTFT:84)
2024-05-29 20:19:01.949 [ALFpaka] [WARNING] Log_spec ignored when pcen is set (extractSTFT:84)
2024-05-29 20:19:01.949 [ALFpaka] [WARNING] Log_spec ignored when pcen is set (extractSTFT:84)
2024-05-29 20:19:01.950 [ALFpaka] [WARNING] Log_spec ignored when pcen is set (extractSTFT:84)
2024-05-29 20:19:01.951 [ALFpaka] [WARNING] Log_spec ignored when pcen is set (extractSTFT:84)
2024-05-29 20:19:01.953 [ALFpaka] [WARNING] Log_spec ignored when pcen is set (extractSTFT:84)
2024-05-29 20:19:01.952 [ALFpaka] [WARNING] Log_spec ignored when pcen is set (extractSTFT:84)
2024-05-29 20:19:02.022 [ALFpaka] [WARNING] Log_spec ignored when pcen is set (extractSTFT:84)
2024-05-29 20:19:02.370 [ALFpaka] [WARNING] Log_spec ignored when pcen is set (extractSTFT:84)
2024-05-29 20:19:02.371 [ALFpaka] [WARNING] Log_spec ignored when pcen is set (extractSTFT:84)
2024-05-29 20:19:02.370 [ALFpaka] [WARNING] Log_spec ignored when pcen is set (extractSTFT:84)
2024-05-29 20:19:02.645 [ALFpaka] [WARNING] Log_spec ignored when pcen is set (extractSTFT:84)
2024-05-29 20:19:02.644 [ALFpaka] [WARNING] Log_spec ignored when pcen is set (extractSTFT:84)
2024-05-29 20:19:02.683 [ALFpaka] [WARNING] Log_spec ignored when pcen is set (extractSTFT:84)
2024-05-29 20:19:02.730 [ALFpaka] [WARNING] Log_spec ignored when pcen is set (extractSTFT:84)
2024-05-29 20:19:02.751 [ALFpaka] [WARNING] Log_spec ignored when pcen is set (extractSTFT:84)
2024-05-29 20:19:02.819 [ALFpaka] [WARNING] Log_spec ignored when pcen is set (extractSTFT:84)
2024-05-29 20:19:03.154 [ALFpaka] [WARNING] Log_spec ignored when pcen is set (extractSTFT:84)
2024-05-29 20:19:03.157 [ALFpaka] [WARNING] Log_spec ignored when pcen is set (extractSTFT:84)
2024-05-29 20:19:03.155 [ALFpaka] [WARNING] Log_spec ignored when pcen is set (extractSTFT:84)
2024-05-29 20:19:03.153 [ALFpaka] [WARNING] Log_spec ignored when pcen is set (extractSTFT:84)
2024-05-29 20:19:03.154 [ALFpaka] [WARNING] Log_spec ignored when pcen is set (extractSTFT:84)
2024-05-29 20:19:03.158 [ALFpaka] [WARNING] Log_spec ignored when pcen is set (extractSTFT:84)
2024-05-29 20:19:03.157 [ALFpaka] [WARNING] Log_spec ignored when pcen is set (extractSTFT:84)
2024-05-29 20:19:03.247 [ALFpaka] [WARNING] Log_spec ignored when pcen is set (extractSTFT:84)
2024-05-29 20:19:03.247 [ALFpaka] [WARNING] Log_spec ignored when pcen is set (extractSTFT:84)
2024-05-29 20:19:03.248 [ALFpaka] [WARNING] Log_spec ignored when pcen is set (extractSTFT:84)
2024-05-29 20:19:03.278 [ALFpaka] [WARNING] Log_spec ignored when pcen is set (extractSTFT:84)
2024-05-29 20:19:03.291 [ALFpaka] [WARNING] Log_spec ignored when pcen is set (extractSTFT:84)
2024-05-29 20:19:03.290 [ALFpaka] [WARNING] Log_spec ignored when pcen is set (extractSTFT:84)
2024-05-29 20:19:03.425 [ALFpaka] [WARNING] Log_spec ignored when pcen is set (extractSTFT:84)
2024-05-29 20:19:03.529 [ALFpaka] [WARNING] Log_spec ignored when pcen is set (extractSTFT:84)
2024-05-29 20:19:03.603 [ALFpaka] [WARNING] Log_spec ignored when pcen is set (extractSTFT:84)
2024-05-29 20:19:03.671 [ALFpaka] [WARNING] Log_spec ignored when pcen is set (extractSTFT:84)
2024-05-29 20:19:03.707 [ALFpaka] [WARNING] Log_spec ignored when pcen is set (extractSTFT:84)
2024-05-29 20:19:03.786 [ALFpaka] [WARNING] Log_spec ignored when pcen is set (extractSTFT:84)
2024-05-29 20:19:03.810 [ALFpaka] [WARNING] Log_spec ignored when pcen is set (extractSTFT:84)
2024-05-29 20:19:03.858 [ALFpaka] [WARNING] Log_spec ignored when pcen is set (extractSTFT:84)
2024-05-29 20:19:03.895 [ALFpaka] [WARNING] Log_spec ignored when pcen is set (extractSTFT:84)
2024-05-29 20:19:03.903 [ALFpaka] [WARNING] Log_spec ignored when pcen is set (extractSTFT:84)
2024-05-29 20:19:03.894 [ALFpaka] [WARNING] Log_spec ignored when pcen is set (extractSTFT:84)
2024-05-29 20:19:03.908 [ALFpaka] [WARNING] Log_spec ignored when pcen is set (extractSTFT:84)
2024-05-29 20:19:03.984 [ALFpaka] [WARNING] Log_spec ignored when pcen is set (extractSTFT:84)
2024-05-29 20:19:03.985 [ALFpaka] [WARNING] Log_spec ignored when pcen is set (extractSTFT:84)
2024-05-29 20:19:03.984 [ALFpaka] [WARNING] Log_spec ignored when pcen is set (extractSTFT:84)
2024-05-29 20:19:04.045 [ALFpaka] [WARNING] Log_spec ignored when pcen is set (extractSTFT:84)
2024-05-29 20:19:04.393 [ALFpaka] [WARNING] Log_spec ignored when pcen is set (extractSTFT:84)
2024-05-29 20:19:04.798 [ALFpaka] [WARNING] Log_spec ignored when pcen is set (extractSTFT:84)
2024-05-29 20:19:04.793 [ALFpaka] [WARNING] Log_spec ignored when pcen is set (extractSTFT:84)
2024-05-29 20:19:04.800 [ALFpaka] [WARNING] Log_spec ignored when pcen is set (extractSTFT:84)
2024-05-29 20:19:04.797 [ALFpaka] [WARNING] Log_spec ignored when pcen is set (extractSTFT:84)
2024-05-29 20:19:04.794 [ALFpaka] [WARNING] Log_spec ignored when pcen is set (extractSTFT:84)
2024-05-29 20:19:04.795 [ALFpaka] [WARNING] Log_spec ignored when pcen is set (extractSTFT:84)
2024-05-29 20:19:04.793 [ALFpaka] [WARNING] Log_spec ignored when pcen is set (extractSTFT:84)
2024-05-29 20:19:04.798 [ALFpaka] [WARNING] Log_spec ignored when pcen is set (extractSTFT:84)
2024-05-29 20:19:04.800 [ALFpaka] [WARNING] Log_spec ignored when pcen is set (extractSTFT:84)
2024-05-29 20:19:04.802 [ALFpaka] [WARNING] Log_spec ignored when pcen is set (extractSTFT:84)
2024-05-29 20:19:04.801 [ALFpaka] [WARNING] Log_spec ignored when pcen is set (extractSTFT:84)
2024-05-29 20:19:04.802 [ALFpaka] [WARNING] Log_spec ignored when pcen is set (extractSTFT:84)
2024-05-29 20:19:04.979 [ALFpaka] [WARNING] Log_spec ignored when pcen is set (extractSTFT:84)
2024-05-29 20:19:05.405 [ALFpaka] [WARNING] Log_spec ignored when pcen is set (extractSTFT:84)
2024-05-29 20:19:05.406 [ALFpaka] [WARNING] Log_spec ignored when pcen is set (extractSTFT:84)
2024-05-29 20:19:05.407 [ALFpaka] [WARNING] Log_spec ignored when pcen is set (extractSTFT:84)
2024-05-29 20:19:05.405 [ALFpaka] [WARNING] Log_spec ignored when pcen is set (extractSTFT:84)
2024-05-29 20:19:05.495 [ALFpaka] [WARNING] Log_spec ignored when pcen is set (extractSTFT:84)
2024-05-29 20:19:05.494 [ALFpaka] [WARNING] Log_spec ignored when pcen is set (extractSTFT:84)
2024-05-29 20:19:05.548 [ALFpaka] [WARNING] Log_spec ignored when pcen is set (extractSTFT:84)
2024-05-29 20:19:05.590 [ALFpaka] [WARNING] Log_spec ignored when pcen is set (extractSTFT:84)
2024-05-29 20:19:05.498 [ALFpaka] [WARNING] Log_spec ignored when pcen is set (extractSTFT:84)
2024-05-29 20:19:05.987 [ALFpaka] [WARNING] Log_spec ignored when pcen is set (extractSTFT:84)
2024-05-29 20:19:05.990 [ALFpaka] [WARNING] Log_spec ignored when pcen is set (extractSTFT:84)
2024-05-29 20:19:05.986 [ALFpaka] [WARNING] Log_spec ignored when pcen is set (extractSTFT:84)
2024-05-29 20:19:05.991 [ALFpaka] [WARNING] Log_spec ignored when pcen is set (extractSTFT:84)
2024-05-29 20:19:06.024 [ALFpaka] [WARNING] Log_spec ignored when pcen is set (extractSTFT:84)
2024-05-29 20:19:06.033 [ALFpaka] [WARNING] Log_spec ignored when pcen is set (extractSTFT:84)
2024-05-29 20:19:06.043 [ALFpaka] [WARNING] Log_spec ignored when pcen is set (extractSTFT:84)
2024-05-29 20:19:06.079 [ALFpaka] [WARNING] Log_spec ignored when pcen is set (extractSTFT:84)
2024-05-29 20:19:06.094 [ALFpaka] [WARNING] Audio normalization: Silent file with amplitude of 0. (normalize_audio:359)
2024-05-29 20:19:06.107 [ALFpaka] [WARNING] Log_spec ignored when pcen is set (extractSTFT:84)
2024-05-29 20:19:06.123 [ALFpaka] [WARNING] Audio normalization: Silent file with amplitude of 0. (normalize_audio:359)
2024-05-29 20:19:06.147 [ALFpaka] [WARNING] Log_spec ignored when pcen is set (extractSTFT:84)
2024-05-29 20:19:06.198 [ALFpaka] [WARNING] Audio normalization: Silent file with amplitude of 0. (normalize_audio:359)
2024-05-29 20:19:06.079 [ALFpaka] [WARNING] Audio normalization: Silent file with amplitude of 0. (normalize_audio:359)
2024-05-29 20:19:06.384 [ALFpaka] [WARNING] Log_spec ignored when pcen is set (extractSTFT:84)
2024-05-29 20:19:06.392 [ALFpaka] [WARNING] Log_spec ignored when pcen is set (extractSTFT:84)
2024-05-29 20:19:06.438 [ALFpaka] [WARNING] Log_spec ignored when pcen is set (extractSTFT:84)
2024-05-29 20:19:06.439 [ALFpaka] [WARNING] Log_spec ignored when pcen is set (extractSTFT:84)
2024-05-29 20:19:06.437 [ALFpaka] [WARNING] Log_spec ignored when pcen is set (extractSTFT:84)
2024-05-29 20:19:06.460 [ALFpaka] [WARNING] Log_spec ignored when pcen is set (extractSTFT:84)
2024-05-29 20:19:06.480 [ALFpaka] [WARNING] Log_spec ignored when pcen is set (extractSTFT:84)
2024-05-29 20:19:06.497 [ALFpaka] [WARNING] Log_spec ignored when pcen is set (extractSTFT:84)
2024-05-29 20:19:06.583 [ALFpaka] [WARNING] Log_spec ignored when pcen is set (extractSTFT:84)
2024-05-29 20:19:06.641 [ALFpaka] [WARNING] Log_spec ignored when pcen is set (extractSTFT:84)
2024-05-29 20:19:06.679 [ALFpaka] [WARNING] Log_spec ignored when pcen is set (extractSTFT:84)
2024-05-29 20:19:06.689 [ALFpaka] [WARNING] Log_spec ignored when pcen is set (extractSTFT:84)
2024-05-29 20:19:06.729 [ALFpaka] [WARNING] Log_spec ignored when pcen is set (extractSTFT:84)
2024-05-29 20:19:06.833 [ALFpaka] [WARNING] Log_spec ignored when pcen is set (extractSTFT:84)
2024-05-29 20:19:09.099 [ALFpaka] [INFO] Extracting features for class spain-ambulance with id 9 (extractAndAddFeaturesToDataset:69)
2024-05-29 20:19:10.364 [ALFpaka] [WARNING] Log_spec ignored when pcen is set (extractSTFT:84)
2024-05-29 20:19:10.364 [ALFpaka] [WARNING] Log_spec ignored when pcen is set (extractSTFT:84)
2024-05-29 20:19:10.365 [ALFpaka] [WARNING] Log_spec ignored when pcen is set (extractSTFT:84)
2024-05-29 20:19:10.365 [ALFpaka] [WARNING] Log_spec ignored when pcen is set (extractSTFT:84)
2024-05-29 20:19:10.365 [ALFpaka] [WARNING] Log_spec ignored when pcen is set (extractSTFT:84)
2024-05-29 20:19:10.365 [ALFpaka] [WARNING] Log_spec ignored when pcen is set (extractSTFT:84)
2024-05-29 20:19:10.365 [ALFpaka] [WARNING] Log_spec ignored when pcen is set (extractSTFT:84)
2024-05-29 20:19:10.365 [ALFpaka] [WARNING] Log_spec ignored when pcen is set (extractSTFT:84)
2024-05-29 20:19:10.366 [ALFpaka] [WARNING] Log_spec ignored when pcen is set (extractSTFT:84)
2024-05-29 20:19:10.366 [ALFpaka] [WARNING] Log_spec ignored when pcen is set (extractSTFT:84)
2024-05-29 20:19:10.366 [ALFpaka] [WARNING] Log_spec ignored when pcen is set (extractSTFT:84)
2024-05-29 20:19:10.366 [ALFpaka] [WARNING] Log_spec ignored when pcen is set (extractSTFT:84)
2024-05-29 20:19:10.366 [ALFpaka] [WARNING] Log_spec ignored when pcen is set (extractSTFT:84)
2024-05-29 20:19:10.366 [ALFpaka] [WARNING] Log_spec ignored when pcen is set (extractSTFT:84)
2024-05-29 20:19:10.367 [ALFpaka] [WARNING] Log_spec ignored when pcen is set (extractSTFT:84)
2024-05-29 20:19:10.367 [ALFpaka] [WARNING] Log_spec ignored when pcen is set (extractSTFT:84)
2024-05-29 20:19:10.367 [ALFpaka] [WARNING] Log_spec ignored when pcen is set (extractSTFT:84)
2024-05-29 20:19:10.368 [ALFpaka] [WARNING] Log_spec ignored when pcen is set (extractSTFT:84)
2024-05-29 20:19:11.533 [ALFpaka] [INFO] Extracting features for class spain-firefighter with id 10 (extractAndAddFeaturesToDataset:69)
2024-05-29 20:19:12.851 [ALFpaka] [WARNING] Log_spec ignored when pcen is set (extractSTFT:84)
2024-05-29 20:19:12.851 [ALFpaka] [WARNING] Log_spec ignored when pcen is set (extractSTFT:84)
2024-05-29 20:19:12.851 [ALFpaka] [WARNING] Log_spec ignored when pcen is set (extractSTFT:84)
2024-05-29 20:19:12.851 [ALFpaka] [WARNING] Log_spec ignored when pcen is set (extractSTFT:84)
2024-05-29 20:19:12.852 [ALFpaka] [WARNING] Log_spec ignored when pcen is set (extractSTFT:84)
2024-05-29 20:19:12.852 [ALFpaka] [WARNING] Log_spec ignored when pcen is set (extractSTFT:84)
2024-05-29 20:19:12.852 [ALFpaka] [WARNING] Log_spec ignored when pcen is set (extractSTFT:84)
2024-05-29 20:19:12.852 [ALFpaka] [WARNING] Log_spec ignored when pcen is set (extractSTFT:84)
2024-05-29 20:19:12.852 [ALFpaka] [WARNING] Log_spec ignored when pcen is set (extractSTFT:84)
2024-05-29 20:19:12.852 [ALFpaka] [WARNING] Log_spec ignored when pcen is set (extractSTFT:84)
2024-05-29 20:19:12.853 [ALFpaka] [WARNING] Log_spec ignored when pcen is set (extractSTFT:84)
2024-05-29 20:19:12.853 [ALFpaka] [WARNING] Log_spec ignored when pcen is set (extractSTFT:84)
2024-05-29 20:19:12.853 [ALFpaka] [WARNING] Log_spec ignored when pcen is set (extractSTFT:84)
2024-05-29 20:19:12.853 [ALFpaka] [WARNING] Log_spec ignored when pcen is set (extractSTFT:84)
2024-05-29 20:19:12.853 [ALFpaka] [WARNING] Log_spec ignored when pcen is set (extractSTFT:84)
2024-05-29 20:19:12.854 [ALFpaka] [WARNING] Log_spec ignored when pcen is set (extractSTFT:84)
2024-05-29 20:19:12.854 [ALFpaka] [WARNING] Log_spec ignored when pcen is set (extractSTFT:84)
2024-05-29 20:19:12.854 [ALFpaka] [WARNING] Log_spec ignored when pcen is set (extractSTFT:84)
2024-05-29 20:19:12.854 [ALFpaka] [WARNING] Log_spec ignored when pcen is set (extractSTFT:84)
2024-05-29 20:19:12.855 [ALFpaka] [WARNING] Log_spec ignored when pcen is set (extractSTFT:84)
2024-05-29 20:19:12.856 [ALFpaka] [WARNING] Log_spec ignored when pcen is set (extractSTFT:84)
2024-05-29 20:19:12.856 [ALFpaka] [WARNING] Log_spec ignored when pcen is set (extractSTFT:84)
2024-05-29 20:19:12.857 [ALFpaka] [WARNING] Log_spec ignored when pcen is set (extractSTFT:84)
2024-05-29 20:19:12.855 [ALFpaka] [WARNING] Log_spec ignored when pcen is set (extractSTFT:84)
2024-05-29 20:19:12.857 [ALFpaka] [WARNING] Log_spec ignored when pcen is set (extractSTFT:84)
2024-05-29 20:19:12.857 [ALFpaka] [WARNING] Log_spec ignored when pcen is set (extractSTFT:84)
2024-05-29 20:19:12.857 [ALFpaka] [WARNING] Log_spec ignored when pcen is set (extractSTFT:84)
2024-05-29 20:19:12.857 [ALFpaka] [WARNING] Log_spec ignored when pcen is set (extractSTFT:84)
2024-05-29 20:19:12.857 [ALFpaka] [WARNING] Log_spec ignored when pcen is set (extractSTFT:84)
2024-05-29 20:19:12.858 [ALFpaka] [WARNING] Log_spec ignored when pcen is set (extractSTFT:84)
2024-05-29 20:19:12.858 [ALFpaka] [WARNING] Log_spec ignored when pcen is set (extractSTFT:84)
2024-05-29 20:19:12.859 [ALFpaka] [WARNING] Log_spec ignored when pcen is set (extractSTFT:84)
2024-05-29 20:19:12.859 [ALFpaka] [WARNING] Log_spec ignored when pcen is set (extractSTFT:84)
2024-05-29 20:19:12.860 [ALFpaka] [WARNING] Log_spec ignored when pcen is set (extractSTFT:84)
2024-05-29 20:19:12.859 [ALFpaka] [WARNING] Log_spec ignored when pcen is set (extractSTFT:84)
2024-05-29 20:19:12.860 [ALFpaka] [WARNING] Log_spec ignored when pcen is set (extractSTFT:84)
2024-05-29 20:19:12.860 [ALFpaka] [WARNING] Log_spec ignored when pcen is set (extractSTFT:84)
2024-05-29 20:19:12.859 [ALFpaka] [WARNING] Log_spec ignored when pcen is set (extractSTFT:84)
2024-05-29 20:19:12.861 [ALFpaka] [WARNING] Log_spec ignored when pcen is set (extractSTFT:84)
2024-05-29 20:19:12.860 [ALFpaka] [WARNING] Log_spec ignored when pcen is set (extractSTFT:84)
2024-05-29 20:19:12.861 [ALFpaka] [WARNING] Log_spec ignored when pcen is set (extractSTFT:84)
2024-05-29 20:19:12.863 [ALFpaka] [WARNING] Log_spec ignored when pcen is set (extractSTFT:84)
2024-05-29 20:19:12.864 [ALFpaka] [WARNING] Log_spec ignored when pcen is set (extractSTFT:84)
2024-05-29 20:19:12.864 [ALFpaka] [WARNING] Log_spec ignored when pcen is set (extractSTFT:84)
2024-05-29 20:19:12.863 [ALFpaka] [WARNING] Log_spec ignored when pcen is set (extractSTFT:84)
2024-05-29 20:19:12.863 [ALFpaka] [WARNING] Log_spec ignored when pcen is set (extractSTFT:84)
2024-05-29 20:19:12.866 [ALFpaka] [WARNING] Log_spec ignored when pcen is set (extractSTFT:84)
2024-05-29 20:19:12.864 [ALFpaka] [WARNING] Log_spec ignored when pcen is set (extractSTFT:84)
2024-05-29 20:19:13.838 [ALFpaka] [WARNING] Log_spec ignored when pcen is set (extractSTFT:84)
2024-05-29 20:19:14.259 [ALFpaka] [WARNING] Log_spec ignored when pcen is set (extractSTFT:84)
2024-05-29 20:19:15.727 [ALFpaka] [INFO] Extracting features for class spain-police with id 11 (extractAndAddFeaturesToDataset:69)
2024-05-29 20:19:17.015 [ALFpaka] [WARNING] Log_spec ignored when pcen is set (extractSTFT:84)
2024-05-29 20:19:17.015 [ALFpaka] [WARNING] Log_spec ignored when pcen is set (extractSTFT:84)
2024-05-29 20:19:17.015 [ALFpaka] [WARNING] Log_spec ignored when pcen is set (extractSTFT:84)
2024-05-29 20:19:17.016 [ALFpaka] [WARNING] Log_spec ignored when pcen is set (extractSTFT:84)
2024-05-29 20:19:17.016 [ALFpaka] [WARNING] Log_spec ignored when pcen is set (extractSTFT:84)
2024-05-29 20:19:17.016 [ALFpaka] [WARNING] Log_spec ignored when pcen is set (extractSTFT:84)
2024-05-29 20:19:17.016 [ALFpaka] [WARNING] Log_spec ignored when pcen is set (extractSTFT:84)
2024-05-29 20:19:17.017 [ALFpaka] [WARNING] Log_spec ignored when pcen is set (extractSTFT:84)
2024-05-29 20:19:17.017 [ALFpaka] [WARNING] Log_spec ignored when pcen is set (extractSTFT:84)
2024-05-29 20:19:17.017 [ALFpaka] [WARNING] Log_spec ignored when pcen is set (extractSTFT:84)
2024-05-29 20:19:17.018 [ALFpaka] [WARNING] Log_spec ignored when pcen is set (extractSTFT:84)
2024-05-29 20:19:17.018 [ALFpaka] [WARNING] Log_spec ignored when pcen is set (extractSTFT:84)
2024-05-29 20:19:17.018 [ALFpaka] [WARNING] Log_spec ignored when pcen is set (extractSTFT:84)
2024-05-29 20:19:17.019 [ALFpaka] [WARNING] Log_spec ignored when pcen is set (extractSTFT:84)
2024-05-29 20:19:17.020 [ALFpaka] [WARNING] Log_spec ignored when pcen is set (extractSTFT:84)
2024-05-29 20:19:17.020 [ALFpaka] [WARNING] Log_spec ignored when pcen is set (extractSTFT:84)
2024-05-29 20:19:17.020 [ALFpaka] [WARNING] Log_spec ignored when pcen is set (extractSTFT:84)
2024-05-29 20:19:17.020 [ALFpaka] [WARNING] Log_spec ignored when pcen is set (extractSTFT:84)
2024-05-29 20:19:17.021 [ALFpaka] [WARNING] Log_spec ignored when pcen is set (extractSTFT:84)
2024-05-29 20:19:17.021 [ALFpaka] [WARNING] Log_spec ignored when pcen is set (extractSTFT:84)
2024-05-29 20:19:17.021 [ALFpaka] [WARNING] Log_spec ignored when pcen is set (extractSTFT:84)
2024-05-29 20:19:17.022 [ALFpaka] [WARNING] Log_spec ignored when pcen is set (extractSTFT:84)
2024-05-29 20:19:17.022 [ALFpaka] [WARNING] Log_spec ignored when pcen is set (extractSTFT:84)
2024-05-29 20:19:17.022 [ALFpaka] [WARNING] Log_spec ignored when pcen is set (extractSTFT:84)
2024-05-29 20:19:17.023 [ALFpaka] [WARNING] Log_spec ignored when pcen is set (extractSTFT:84)
2024-05-29 20:19:17.023 [ALFpaka] [WARNING] Log_spec ignored when pcen is set (extractSTFT:84)
2024-05-29 20:19:17.023 [ALFpaka] [WARNING] Log_spec ignored when pcen is set (extractSTFT:84)
2024-05-29 20:19:17.024 [ALFpaka] [WARNING] Log_spec ignored when pcen is set (extractSTFT:84)
2024-05-29 20:19:17.024 [ALFpaka] [WARNING] Log_spec ignored when pcen is set (extractSTFT:84)
2024-05-29 20:19:17.025 [ALFpaka] [WARNING] Log_spec ignored when pcen is set (extractSTFT:84)
2024-05-29 20:19:17.025 [ALFpaka] [WARNING] Log_spec ignored when pcen is set (extractSTFT:84)
2024-05-29 20:19:17.025 [ALFpaka] [WARNING] Log_spec ignored when pcen is set (extractSTFT:84)
2024-05-29 20:19:17.025 [ALFpaka] [WARNING] Log_spec ignored when pcen is set (extractSTFT:84)
2024-05-29 20:19:17.026 [ALFpaka] [WARNING] Log_spec ignored when pcen is set (extractSTFT:84)
2024-05-29 20:19:17.026 [ALFpaka] [WARNING] Log_spec ignored when pcen is set (extractSTFT:84)
2024-05-29 20:19:17.026 [ALFpaka] [WARNING] Log_spec ignored when pcen is set (extractSTFT:84)
2024-05-29 20:19:17.027 [ALFpaka] [WARNING] Log_spec ignored when pcen is set (extractSTFT:84)
2024-05-29 20:19:17.027 [ALFpaka] [WARNING] Log_spec ignored when pcen is set (extractSTFT:84)
2024-05-29 20:19:17.029 [ALFpaka] [WARNING] Log_spec ignored when pcen is set (extractSTFT:84)
2024-05-29 20:19:17.029 [ALFpaka] [WARNING] Log_spec ignored when pcen is set (extractSTFT:84)
2024-05-29 20:19:17.028 [ALFpaka] [WARNING] Log_spec ignored when pcen is set (extractSTFT:84)
2024-05-29 20:19:17.031 [ALFpaka] [WARNING] Log_spec ignored when pcen is set (extractSTFT:84)
2024-05-29 20:19:17.030 [ALFpaka] [WARNING] Log_spec ignored when pcen is set (extractSTFT:84)
2024-05-29 20:19:17.033 [ALFpaka] [WARNING] Log_spec ignored when pcen is set (extractSTFT:84)
2024-05-29 20:19:17.033 [ALFpaka] [WARNING] Log_spec ignored when pcen is set (extractSTFT:84)
2024-05-29 20:19:17.034 [ALFpaka] [WARNING] Log_spec ignored when pcen is set (extractSTFT:84)
2024-05-29 20:19:17.031 [ALFpaka] [WARNING] Log_spec ignored when pcen is set (extractSTFT:84)
2024-05-29 20:19:17.034 [ALFpaka] [WARNING] Log_spec ignored when pcen is set (extractSTFT:84)
2024-05-29 20:19:18.302 [ALFpaka] [WARNING] Log_spec ignored when pcen is set (extractSTFT:84)
2024-05-29 20:19:18.327 [ALFpaka] [WARNING] Log_spec ignored when pcen is set (extractSTFT:84)
2024-05-29 20:19:18.342 [ALFpaka] [WARNING] Log_spec ignored when pcen is set (extractSTFT:84)
2024-05-29 20:19:18.372 [ALFpaka] [WARNING] Log_spec ignored when pcen is set (extractSTFT:84)
2024-05-29 20:19:18.346 [ALFpaka] [WARNING] Log_spec ignored when pcen is set (extractSTFT:84)
2024-05-29 20:19:18.346 [ALFpaka] [WARNING] Log_spec ignored when pcen is set (extractSTFT:84)
2024-05-29 20:19:18.397 [ALFpaka] [WARNING] Log_spec ignored when pcen is set (extractSTFT:84)
2024-05-29 20:19:18.352 [ALFpaka] [WARNING] Log_spec ignored when pcen is set (extractSTFT:84)
2024-05-29 20:19:18.466 [ALFpaka] [WARNING] Log_spec ignored when pcen is set (extractSTFT:84)
2024-05-29 20:19:18.358 [ALFpaka] [WARNING] Log_spec ignored when pcen is set (extractSTFT:84)
2024-05-29 20:19:18.374 [ALFpaka] [WARNING] Log_spec ignored when pcen is set (extractSTFT:84)
2024-05-29 20:19:18.485 [ALFpaka] [WARNING] Log_spec ignored when pcen is set (extractSTFT:84)
2024-05-29 20:19:18.470 [ALFpaka] [WARNING] Log_spec ignored when pcen is set (extractSTFT:84)
2024-05-29 20:19:18.366 [ALFpaka] [WARNING] Log_spec ignored when pcen is set (extractSTFT:84)
2024-05-29 20:19:18.468 [ALFpaka] [WARNING] Log_spec ignored when pcen is set (extractSTFT:84)
2024-05-29 20:19:18.376 [ALFpaka] [WARNING] Log_spec ignored when pcen is set (extractSTFT:84)
2024-05-29 20:19:18.476 [ALFpaka] [WARNING] Log_spec ignored when pcen is set (extractSTFT:84)
2024-05-29 20:19:18.496 [ALFpaka] [WARNING] Log_spec ignored when pcen is set (extractSTFT:84)
2024-05-29 20:19:18.596 [ALFpaka] [WARNING] Log_spec ignored when pcen is set (extractSTFT:84)
2024-05-29 20:19:18.596 [ALFpaka] [WARNING] Log_spec ignored when pcen is set (extractSTFT:84)
2024-05-29 20:19:18.675 [ALFpaka] [WARNING] Log_spec ignored when pcen is set (extractSTFT:84)
2024-05-29 20:19:18.762 [ALFpaka] [WARNING] Log_spec ignored when pcen is set (extractSTFT:84)
2024-05-29 20:19:19.094 [ALFpaka] [WARNING] Log_spec ignored when pcen is set (extractSTFT:84)
2024-05-29 20:19:19.094 [ALFpaka] [WARNING] Log_spec ignored when pcen is set (extractSTFT:84)
2024-05-29 20:19:19.096 [ALFpaka] [WARNING] Log_spec ignored when pcen is set (extractSTFT:84)
2024-05-29 20:19:19.097 [ALFpaka] [WARNING] Log_spec ignored when pcen is set (extractSTFT:84)
2024-05-29 20:19:19.098 [ALFpaka] [WARNING] Log_spec ignored when pcen is set (extractSTFT:84)
2024-05-29 20:19:19.228 [ALFpaka] [WARNING] Log_spec ignored when pcen is set (extractSTFT:84)
2024-05-29 20:19:19.248 [ALFpaka] [WARNING] Log_spec ignored when pcen is set (extractSTFT:84)
2024-05-29 20:19:19.263 [ALFpaka] [WARNING] Log_spec ignored when pcen is set (extractSTFT:84)
2024-05-29 20:19:19.404 [ALFpaka] [WARNING] Log_spec ignored when pcen is set (extractSTFT:84)
2024-05-29 20:19:19.422 [ALFpaka] [WARNING] Log_spec ignored when pcen is set (extractSTFT:84)
2024-05-29 20:19:19.671 [ALFpaka] [WARNING] Log_spec ignored when pcen is set (extractSTFT:84)
2024-05-29 20:19:19.674 [ALFpaka] [WARNING] Log_spec ignored when pcen is set (extractSTFT:84)
2024-05-29 20:19:19.671 [ALFpaka] [WARNING] Log_spec ignored when pcen is set (extractSTFT:84)
2024-05-29 20:19:19.673 [ALFpaka] [WARNING] Log_spec ignored when pcen is set (extractSTFT:84)
2024-05-29 20:19:19.677 [ALFpaka] [WARNING] Log_spec ignored when pcen is set (extractSTFT:84)
2024-05-29 20:19:19.954 [ALFpaka] [WARNING] Log_spec ignored when pcen is set (extractSTFT:84)
2024-05-29 20:19:20.113 [ALFpaka] [WARNING] Log_spec ignored when pcen is set (extractSTFT:84)
2024-05-29 20:19:20.171 [ALFpaka] [WARNING] Log_spec ignored when pcen is set (extractSTFT:84)
2024-05-29 20:19:20.202 [ALFpaka] [WARNING] Log_spec ignored when pcen is set (extractSTFT:84)
2024-05-29 20:19:20.210 [ALFpaka] [WARNING] Log_spec ignored when pcen is set (extractSTFT:84)
2024-05-29 20:19:20.210 [ALFpaka] [WARNING] Log_spec ignored when pcen is set (extractSTFT:84)
2024-05-29 20:19:20.310 [ALFpaka] [WARNING] Log_spec ignored when pcen is set (extractSTFT:84)
2024-05-29 20:19:20.313 [ALFpaka] [WARNING] Log_spec ignored when pcen is set (extractSTFT:84)
2024-05-29 20:19:20.376 [ALFpaka] [WARNING] Log_spec ignored when pcen is set (extractSTFT:84)
2024-05-29 20:19:20.536 [ALFpaka] [WARNING] Log_spec ignored when pcen is set (extractSTFT:84)
2024-05-29 20:19:20.552 [ALFpaka] [WARNING] Log_spec ignored when pcen is set (extractSTFT:84)
2024-05-29 20:19:20.550 [ALFpaka] [WARNING] Log_spec ignored when pcen is set (extractSTFT:84)
2024-05-29 20:19:20.718 [ALFpaka] [WARNING] Log_spec ignored when pcen is set (extractSTFT:84)
2024-05-29 20:19:20.736 [ALFpaka] [WARNING] Log_spec ignored when pcen is set (extractSTFT:84)
2024-05-29 20:19:20.836 [ALFpaka] [WARNING] Log_spec ignored when pcen is set (extractSTFT:84)
2024-05-29 20:19:20.895 [ALFpaka] [WARNING] Log_spec ignored when pcen is set (extractSTFT:84)
2024-05-29 20:19:21.276 [ALFpaka] [WARNING] Log_spec ignored when pcen is set (extractSTFT:84)
2024-05-29 20:19:21.281 [ALFpaka] [WARNING] Log_spec ignored when pcen is set (extractSTFT:84)
2024-05-29 20:19:21.275 [ALFpaka] [WARNING] Log_spec ignored when pcen is set (extractSTFT:84)
2024-05-29 20:19:21.307 [ALFpaka] [WARNING] Log_spec ignored when pcen is set (extractSTFT:84)
2024-05-29 20:19:21.407 [ALFpaka] [WARNING] Log_spec ignored when pcen is set (extractSTFT:84)
2024-05-29 20:19:21.409 [ALFpaka] [WARNING] Log_spec ignored when pcen is set (extractSTFT:84)
2024-05-29 20:19:21.432 [ALFpaka] [WARNING] Log_spec ignored when pcen is set (extractSTFT:84)
2024-05-29 20:19:21.482 [ALFpaka] [WARNING] Log_spec ignored when pcen is set (extractSTFT:84)
2024-05-29 20:19:21.481 [ALFpaka] [WARNING] Log_spec ignored when pcen is set (extractSTFT:84)
2024-05-29 20:19:21.558 [ALFpaka] [WARNING] Log_spec ignored when pcen is set (extractSTFT:84)
2024-05-29 20:19:21.695 [ALFpaka] [WARNING] Log_spec ignored when pcen is set (extractSTFT:84)
2024-05-29 20:19:21.697 [ALFpaka] [WARNING] Log_spec ignored when pcen is set (extractSTFT:84)
2024-05-29 20:19:21.696 [ALFpaka] [WARNING] Log_spec ignored when pcen is set (extractSTFT:84)
2024-05-29 20:19:21.724 [ALFpaka] [WARNING] Log_spec ignored when pcen is set (extractSTFT:84)
2024-05-29 20:19:21.725 [ALFpaka] [WARNING] Log_spec ignored when pcen is set (extractSTFT:84)
2024-05-29 20:19:21.727 [ALFpaka] [WARNING] Log_spec ignored when pcen is set (extractSTFT:84)
2024-05-29 20:19:21.729 [ALFpaka] [WARNING] Log_spec ignored when pcen is set (extractSTFT:84)
2024-05-29 20:19:21.722 [ALFpaka] [WARNING] Log_spec ignored when pcen is set (extractSTFT:84)
2024-05-29 20:19:21.872 [ALFpaka] [WARNING] Log_spec ignored when pcen is set (extractSTFT:84)
2024-05-29 20:19:21.916 [ALFpaka] [WARNING] Log_spec ignored when pcen is set (extractSTFT:84)
2024-05-29 20:19:21.900 [ALFpaka] [WARNING] Log_spec ignored when pcen is set (extractSTFT:84)
2024-05-29 20:19:21.961 [ALFpaka] [WARNING] Log_spec ignored when pcen is set (extractSTFT:84)
2024-05-29 20:19:22.311 [ALFpaka] [WARNING] Log_spec ignored when pcen is set (extractSTFT:84)
2024-05-29 20:19:22.310 [ALFpaka] [WARNING] Log_spec ignored when pcen is set (extractSTFT:84)
2024-05-29 20:19:22.310 [ALFpaka] [WARNING] Log_spec ignored when pcen is set (extractSTFT:84)
2024-05-29 20:19:22.318 [ALFpaka] [WARNING] Log_spec ignored when pcen is set (extractSTFT:84)
2024-05-29 20:19:22.320 [ALFpaka] [WARNING] Log_spec ignored when pcen is set (extractSTFT:84)
2024-05-29 20:19:22.398 [ALFpaka] [WARNING] Log_spec ignored when pcen is set (extractSTFT:84)
2024-05-29 20:19:22.396 [ALFpaka] [WARNING] Log_spec ignored when pcen is set (extractSTFT:84)
2024-05-29 20:19:22.508 [ALFpaka] [WARNING] Log_spec ignored when pcen is set (extractSTFT:84)
2024-05-29 20:19:22.404 [ALFpaka] [WARNING] Log_spec ignored when pcen is set (extractSTFT:84)
2024-05-29 20:19:24.854 [ALFpaka] [INFO] Extracting features for class france-ambulance with id 0 (extractAndAddFeaturesToDataset:69)
2024-05-29 20:19:26.230 [ALFpaka] [WARNING] Log_spec ignored when pcen is set (extractSTFT:84)
2024-05-29 20:19:26.230 [ALFpaka] [WARNING] Log_spec ignored when pcen is set (extractSTFT:84)
2024-05-29 20:19:26.230 [ALFpaka] [WARNING] Log_spec ignored when pcen is set (extractSTFT:84)
2024-05-29 20:19:26.230 [ALFpaka] [WARNING] Log_spec ignored when pcen is set (extractSTFT:84)
2024-05-29 20:19:26.231 [ALFpaka] [WARNING] Log_spec ignored when pcen is set (extractSTFT:84)
2024-05-29 20:19:26.231 [ALFpaka] [WARNING] Log_spec ignored when pcen is set (extractSTFT:84)
2024-05-29 20:19:26.231 [ALFpaka] [WARNING] Log_spec ignored when pcen is set (extractSTFT:84)
2024-05-29 20:19:26.231 [ALFpaka] [WARNING] Log_spec ignored when pcen is set (extractSTFT:84)
2024-05-29 20:19:26.231 [ALFpaka] [WARNING] Log_spec ignored when pcen is set (extractSTFT:84)
2024-05-29 20:19:26.232 [ALFpaka] [WARNING] Log_spec ignored when pcen is set (extractSTFT:84)
2024-05-29 20:19:27.526 [ALFpaka] [INFO] Extracting features for class france-firefighter with id 1 (extractAndAddFeaturesToDataset:69)
2024-05-29 20:19:28.957 [ALFpaka] [WARNING] Log_spec ignored when pcen is set (extractSTFT:84)
2024-05-29 20:19:28.957 [ALFpaka] [WARNING] Log_spec ignored when pcen is set (extractSTFT:84)
2024-05-29 20:19:28.957 [ALFpaka] [WARNING] Log_spec ignored when pcen is set (extractSTFT:84)
2024-05-29 20:19:28.958 [ALFpaka] [WARNING] Log_spec ignored when pcen is set (extractSTFT:84)
2024-05-29 20:19:28.958 [ALFpaka] [WARNING] Log_spec ignored when pcen is set (extractSTFT:84)
2024-05-29 20:19:28.959 [ALFpaka] [WARNING] Log_spec ignored when pcen is set (extractSTFT:84)
2024-05-29 20:19:28.959 [ALFpaka] [WARNING] Log_spec ignored when pcen is set (extractSTFT:84)
2024-05-29 20:19:28.959 [ALFpaka] [WARNING] Log_spec ignored when pcen is set (extractSTFT:84)
2024-05-29 20:19:28.960 [ALFpaka] [WARNING] Log_spec ignored when pcen is set (extractSTFT:84)
2024-05-29 20:19:28.960 [ALFpaka] [WARNING] Log_spec ignored when pcen is set (extractSTFT:84)
2024-05-29 20:19:30.125 [ALFpaka] [INFO] Extracting features for class france-police with id 2 (extractAndAddFeaturesToDataset:69)
2024-05-29 20:19:31.474 [ALFpaka] [WARNING] Log_spec ignored when pcen is set (extractSTFT:84)
2024-05-29 20:19:31.474 [ALFpaka] [WARNING] Log_spec ignored when pcen is set (extractSTFT:84)
2024-05-29 20:19:31.474 [ALFpaka] [WARNING] Log_spec ignored when pcen is set (extractSTFT:84)
2024-05-29 20:19:31.475 [ALFpaka] [WARNING] Log_spec ignored when pcen is set (extractSTFT:84)
2024-05-29 20:19:31.475 [ALFpaka] [WARNING] Log_spec ignored when pcen is set (extractSTFT:84)
2024-05-29 20:19:31.475 [ALFpaka] [WARNING] Log_spec ignored when pcen is set (extractSTFT:84)
2024-05-29 20:19:31.475 [ALFpaka] [WARNING] Log_spec ignored when pcen is set (extractSTFT:84)
2024-05-29 20:19:31.475 [ALFpaka] [WARNING] Log_spec ignored when pcen is set (extractSTFT:84)
2024-05-29 20:19:31.475 [ALFpaka] [WARNING] Log_spec ignored when pcen is set (extractSTFT:84)
2024-05-29 20:19:31.476 [ALFpaka] [WARNING] Log_spec ignored when pcen is set (extractSTFT:84)
2024-05-29 20:19:33.057 [ALFpaka] [INFO] Extracting features for class germany-ambulance with id 3 (extractAndAddFeaturesToDataset:69)
2024-05-29 20:19:34.464 [ALFpaka] [WARNING] Log_spec ignored when pcen is set (extractSTFT:84)
2024-05-29 20:19:34.464 [ALFpaka] [WARNING] Log_spec ignored when pcen is set (extractSTFT:84)
2024-05-29 20:19:34.464 [ALFpaka] [WARNING] Log_spec ignored when pcen is set (extractSTFT:84)
2024-05-29 20:19:34.465 [ALFpaka] [WARNING] Log_spec ignored when pcen is set (extractSTFT:84)
2024-05-29 20:19:34.465 [ALFpaka] [WARNING] Log_spec ignored when pcen is set (extractSTFT:84)
2024-05-29 20:19:34.466 [ALFpaka] [WARNING] Log_spec ignored when pcen is set (extractSTFT:84)
2024-05-29 20:19:34.468 [ALFpaka] [WARNING] Log_spec ignored when pcen is set (extractSTFT:84)
2024-05-29 20:19:34.469 [ALFpaka] [WARNING] Log_spec ignored when pcen is set (extractSTFT:84)
2024-05-29 20:19:34.469 [ALFpaka] [WARNING] Log_spec ignored when pcen is set (extractSTFT:84)
2024-05-29 20:19:34.470 [ALFpaka] [WARNING] Log_spec ignored when pcen is set (extractSTFT:84)
2024-05-29 20:19:35.788 [ALFpaka] [INFO] Extracting features for class germany-firefighter with id 4 (extractAndAddFeaturesToDataset:69)
2024-05-29 20:19:37.256 [ALFpaka] [WARNING] Log_spec ignored when pcen is set (extractSTFT:84)
2024-05-29 20:19:37.256 [ALFpaka] [WARNING] Log_spec ignored when pcen is set (extractSTFT:84)
2024-05-29 20:19:37.257 [ALFpaka] [WARNING] Log_spec ignored when pcen is set (extractSTFT:84)
2024-05-29 20:19:37.257 [ALFpaka] [WARNING] Log_spec ignored when pcen is set (extractSTFT:84)
2024-05-29 20:19:37.258 [ALFpaka] [WARNING] Log_spec ignored when pcen is set (extractSTFT:84)
2024-05-29 20:19:37.258 [ALFpaka] [WARNING] Log_spec ignored when pcen is set (extractSTFT:84)
2024-05-29 20:19:37.258 [ALFpaka] [WARNING] Log_spec ignored when pcen is set (extractSTFT:84)
2024-05-29 20:19:37.260 [ALFpaka] [WARNING] Log_spec ignored when pcen is set (extractSTFT:84)
2024-05-29 20:19:37.260 [ALFpaka] [WARNING] Log_spec ignored when pcen is set (extractSTFT:84)
2024-05-29 20:19:37.260 [ALFpaka] [WARNING] Log_spec ignored when pcen is set (extractSTFT:84)
2024-05-29 20:19:38.585 [ALFpaka] [INFO] Extracting features for class germany-police with id 5 (extractAndAddFeaturesToDataset:69)
2024-05-29 20:19:40.057 [ALFpaka] [WARNING] Log_spec ignored when pcen is set (extractSTFT:84)
2024-05-29 20:19:40.057 [ALFpaka] [WARNING] Log_spec ignored when pcen is set (extractSTFT:84)
2024-05-29 20:19:40.058 [ALFpaka] [WARNING] Log_spec ignored when pcen is set (extractSTFT:84)
2024-05-29 20:19:40.058 [ALFpaka] [WARNING] Log_spec ignored when pcen is set (extractSTFT:84)
2024-05-29 20:19:40.058 [ALFpaka] [WARNING] Log_spec ignored when pcen is set (extractSTFT:84)
2024-05-29 20:19:40.058 [ALFpaka] [WARNING] Log_spec ignored when pcen is set (extractSTFT:84)
2024-05-29 20:19:40.059 [ALFpaka] [WARNING] Log_spec ignored when pcen is set (extractSTFT:84)
2024-05-29 20:19:40.059 [ALFpaka] [WARNING] Log_spec ignored when pcen is set (extractSTFT:84)
2024-05-29 20:19:40.060 [ALFpaka] [WARNING] Log_spec ignored when pcen is set (extractSTFT:84)
2024-05-29 20:19:40.059 [ALFpaka] [WARNING] Log_spec ignored when pcen is set (extractSTFT:84)
2024-05-29 20:19:41.855 [ALFpaka] [INFO] Extracting features for class italy-ambulance with id 6 (extractAndAddFeaturesToDataset:69)
2024-05-29 20:19:43.310 [ALFpaka] [WARNING] Log_spec ignored when pcen is set (extractSTFT:84)
2024-05-29 20:19:43.310 [ALFpaka] [WARNING] Log_spec ignored when pcen is set (extractSTFT:84)
2024-05-29 20:19:43.310 [ALFpaka] [WARNING] Log_spec ignored when pcen is set (extractSTFT:84)
2024-05-29 20:19:43.310 [ALFpaka] [WARNING] Log_spec ignored when pcen is set (extractSTFT:84)
2024-05-29 20:19:43.309 [ALFpaka] [WARNING] Log_spec ignored when pcen is set (extractSTFT:84)
2024-05-29 20:19:43.310 [ALFpaka] [WARNING] Log_spec ignored when pcen is set (extractSTFT:84)
2024-05-29 20:19:43.310 [ALFpaka] [WARNING] Log_spec ignored when pcen is set (extractSTFT:84)
2024-05-29 20:19:43.311 [ALFpaka] [WARNING] Log_spec ignored when pcen is set (extractSTFT:84)
2024-05-29 20:19:43.311 [ALFpaka] [WARNING] Log_spec ignored when pcen is set (extractSTFT:84)
2024-05-29 20:19:43.311 [ALFpaka] [WARNING] Log_spec ignored when pcen is set (extractSTFT:84)
2024-05-29 20:19:44.581 [ALFpaka] [INFO] Extracting features for class italy-firefighter with id 7 (extractAndAddFeaturesToDataset:69)
2024-05-29 20:19:46.110 [ALFpaka] [WARNING] Log_spec ignored when pcen is set (extractSTFT:84)
2024-05-29 20:19:46.110 [ALFpaka] [WARNING] Log_spec ignored when pcen is set (extractSTFT:84)
2024-05-29 20:19:46.110 [ALFpaka] [WARNING] Log_spec ignored when pcen is set (extractSTFT:84)
2024-05-29 20:19:46.111 [ALFpaka] [WARNING] Log_spec ignored when pcen is set (extractSTFT:84)
2024-05-29 20:19:46.113 [ALFpaka] [WARNING] Log_spec ignored when pcen is set (extractSTFT:84)
2024-05-29 20:19:46.115 [ALFpaka] [WARNING] Log_spec ignored when pcen is set (extractSTFT:84)
2024-05-29 20:19:46.115 [ALFpaka] [WARNING] Log_spec ignored when pcen is set (extractSTFT:84)
2024-05-29 20:19:46.112 [ALFpaka] [WARNING] Log_spec ignored when pcen is set (extractSTFT:84)
2024-05-29 20:19:46.114 [ALFpaka] [WARNING] Log_spec ignored when pcen is set (extractSTFT:84)
2024-05-29 20:19:47.277 [ALFpaka] [INFO] Extracting features for class italy-police with id 8 (extractAndAddFeaturesToDataset:69)
2024-05-29 20:19:48.763 [ALFpaka] [WARNING] Log_spec ignored when pcen is set (extractSTFT:84)
2024-05-29 20:19:48.763 [ALFpaka] [WARNING] Log_spec ignored when pcen is set (extractSTFT:84)
2024-05-29 20:19:48.764 [ALFpaka] [WARNING] Log_spec ignored when pcen is set (extractSTFT:84)
2024-05-29 20:19:48.764 [ALFpaka] [WARNING] Log_spec ignored when pcen is set (extractSTFT:84)
2024-05-29 20:19:48.764 [ALFpaka] [WARNING] Log_spec ignored when pcen is set (extractSTFT:84)
2024-05-29 20:19:48.764 [ALFpaka] [WARNING] Log_spec ignored when pcen is set (extractSTFT:84)
2024-05-29 20:19:48.764 [ALFpaka] [WARNING] Log_spec ignored when pcen is set (extractSTFT:84)
2024-05-29 20:19:48.764 [ALFpaka] [WARNING] Log_spec ignored when pcen is set (extractSTFT:84)
2024-05-29 20:19:48.765 [ALFpaka] [WARNING] Log_spec ignored when pcen is set (extractSTFT:84)
2024-05-29 20:19:48.765 [ALFpaka] [WARNING] Log_spec ignored when pcen is set (extractSTFT:84)
2024-05-29 20:19:50.786 [ALFpaka] [INFO] Extracting features for class nosirens with id 12 (extractAndAddFeaturesToDataset:69)
2024-05-29 20:19:52.385 [ALFpaka] [WARNING] Log_spec ignored when pcen is set (extractSTFT:84)
2024-05-29 20:19:52.386 [ALFpaka] [WARNING] Log_spec ignored when pcen is set (extractSTFT:84)
2024-05-29 20:19:52.385 [ALFpaka] [WARNING] Log_spec ignored when pcen is set (extractSTFT:84)
2024-05-29 20:19:52.385 [ALFpaka] [WARNING] Log_spec ignored when pcen is set (extractSTFT:84)
2024-05-29 20:19:52.386 [ALFpaka] [WARNING] Log_spec ignored when pcen is set (extractSTFT:84)
2024-05-29 20:19:52.386 [ALFpaka] [WARNING] Log_spec ignored when pcen is set (extractSTFT:84)
2024-05-29 20:19:52.386 [ALFpaka] [WARNING] Log_spec ignored when pcen is set (extractSTFT:84)
2024-05-29 20:19:52.386 [ALFpaka] [WARNING] Log_spec ignored when pcen is set (extractSTFT:84)
2024-05-29 20:19:52.386 [ALFpaka] [WARNING] Log_spec ignored when pcen is set (extractSTFT:84)
2024-05-29 20:19:52.386 [ALFpaka] [WARNING] Log_spec ignored when pcen is set (extractSTFT:84)
2024-05-29 20:19:52.387 [ALFpaka] [WARNING] Log_spec ignored when pcen is set (extractSTFT:84)
2024-05-29 20:19:52.387 [ALFpaka] [WARNING] Log_spec ignored when pcen is set (extractSTFT:84)
2024-05-29 20:19:52.387 [ALFpaka] [WARNING] Log_spec ignored when pcen is set (extractSTFT:84)
2024-05-29 20:19:52.387 [ALFpaka] [WARNING] Log_spec ignored when pcen is set (extractSTFT:84)
2024-05-29 20:19:52.388 [ALFpaka] [WARNING] Log_spec ignored when pcen is set (extractSTFT:84)
2024-05-29 20:19:52.387 [ALFpaka] [WARNING] Log_spec ignored when pcen is set (extractSTFT:84)
2024-05-29 20:19:52.388 [ALFpaka] [WARNING] Log_spec ignored when pcen is set (extractSTFT:84)
2024-05-29 20:19:52.388 [ALFpaka] [WARNING] Log_spec ignored when pcen is set (extractSTFT:84)
2024-05-29 20:19:52.388 [ALFpaka] [WARNING] Log_spec ignored when pcen is set (extractSTFT:84)
2024-05-29 20:19:52.388 [ALFpaka] [WARNING] Log_spec ignored when pcen is set (extractSTFT:84)
2024-05-29 20:19:52.389 [ALFpaka] [WARNING] Log_spec ignored when pcen is set (extractSTFT:84)
2024-05-29 20:19:52.389 [ALFpaka] [WARNING] Log_spec ignored when pcen is set (extractSTFT:84)
2024-05-29 20:19:52.389 [ALFpaka] [WARNING] Log_spec ignored when pcen is set (extractSTFT:84)
2024-05-29 20:19:52.389 [ALFpaka] [WARNING] Log_spec ignored when pcen is set (extractSTFT:84)
2024-05-29 20:19:52.389 [ALFpaka] [WARNING] Log_spec ignored when pcen is set (extractSTFT:84)
2024-05-29 20:19:52.390 [ALFpaka] [WARNING] Log_spec ignored when pcen is set (extractSTFT:84)
2024-05-29 20:19:52.401 [ALFpaka] [WARNING] Log_spec ignored when pcen is set (extractSTFT:84)
2024-05-29 20:19:52.401 [ALFpaka] [WARNING] Log_spec ignored when pcen is set (extractSTFT:84)
2024-05-29 20:19:52.399 [ALFpaka] [WARNING] Log_spec ignored when pcen is set (extractSTFT:84)
2024-05-29 20:19:52.403 [ALFpaka] [WARNING] Log_spec ignored when pcen is set (extractSTFT:84)
2024-05-29 20:19:52.404 [ALFpaka] [WARNING] Log_spec ignored when pcen is set (extractSTFT:84)
2024-05-29 20:19:52.401 [ALFpaka] [WARNING] Log_spec ignored when pcen is set (extractSTFT:84)
2024-05-29 20:19:52.404 [ALFpaka] [WARNING] Log_spec ignored when pcen is set (extractSTFT:84)
2024-05-29 20:19:52.404 [ALFpaka] [WARNING] Log_spec ignored when pcen is set (extractSTFT:84)
2024-05-29 20:19:52.409 [ALFpaka] [WARNING] Log_spec ignored when pcen is set (extractSTFT:84)
2024-05-29 20:19:52.405 [ALFpaka] [WARNING] Log_spec ignored when pcen is set (extractSTFT:84)
2024-05-29 20:19:52.410 [ALFpaka] [WARNING] Log_spec ignored when pcen is set (extractSTFT:84)
2024-05-29 20:19:52.408 [ALFpaka] [WARNING] Log_spec ignored when pcen is set (extractSTFT:84)
2024-05-29 20:19:52.406 [ALFpaka] [WARNING] Log_spec ignored when pcen is set (extractSTFT:84)
2024-05-29 20:19:52.411 [ALFpaka] [WARNING] Log_spec ignored when pcen is set (extractSTFT:84)
2024-05-29 20:19:52.410 [ALFpaka] [WARNING] Log_spec ignored when pcen is set (extractSTFT:84)
2024-05-29 20:19:52.411 [ALFpaka] [WARNING] Log_spec ignored when pcen is set (extractSTFT:84)
2024-05-29 20:19:52.411 [ALFpaka] [WARNING] Log_spec ignored when pcen is set (extractSTFT:84)
2024-05-29 20:19:52.413 [ALFpaka] [WARNING] Log_spec ignored when pcen is set (extractSTFT:84)
2024-05-29 20:19:52.413 [ALFpaka] [WARNING] Log_spec ignored when pcen is set (extractSTFT:84)
2024-05-29 20:19:52.412 [ALFpaka] [WARNING] Log_spec ignored when pcen is set (extractSTFT:84)
2024-05-29 20:19:52.415 [ALFpaka] [WARNING] Log_spec ignored when pcen is set (extractSTFT:84)
2024-05-29 20:19:52.426 [ALFpaka] [WARNING] Log_spec ignored when pcen is set (extractSTFT:84)
2024-05-29 20:19:53.895 [ALFpaka] [WARNING] Log_spec ignored when pcen is set (extractSTFT:84)
2024-05-29 20:19:53.894 [ALFpaka] [WARNING] Log_spec ignored when pcen is set (extractSTFT:84)
2024-05-29 20:19:53.896 [ALFpaka] [WARNING] Log_spec ignored when pcen is set (extractSTFT:84)
2024-05-29 20:19:53.949 [ALFpaka] [WARNING] Log_spec ignored when pcen is set (extractSTFT:84)
2024-05-29 20:19:53.948 [ALFpaka] [WARNING] Log_spec ignored when pcen is set (extractSTFT:84)
2024-05-29 20:19:53.952 [ALFpaka] [WARNING] Log_spec ignored when pcen is set (extractSTFT:84)
2024-05-29 20:19:53.951 [ALFpaka] [WARNING] Log_spec ignored when pcen is set (extractSTFT:84)
2024-05-29 20:19:53.953 [ALFpaka] [WARNING] Log_spec ignored when pcen is set (extractSTFT:84)
2024-05-29 20:19:53.950 [ALFpaka] [WARNING] Log_spec ignored when pcen is set (extractSTFT:84)
2024-05-29 20:19:54.001 [ALFpaka] [WARNING] Log_spec ignored when pcen is set (extractSTFT:84)
2024-05-29 20:19:54.001 [ALFpaka] [WARNING] Log_spec ignored when pcen is set (extractSTFT:84)
2024-05-29 20:19:54.000 [ALFpaka] [WARNING] Log_spec ignored when pcen is set (extractSTFT:84)
2024-05-29 20:19:53.999 [ALFpaka] [WARNING] Log_spec ignored when pcen is set (extractSTFT:84)
2024-05-29 20:19:54.025 [ALFpaka] [WARNING] Log_spec ignored when pcen is set (extractSTFT:84)
2024-05-29 20:19:54.025 [ALFpaka] [WARNING] Log_spec ignored when pcen is set (extractSTFT:84)
2024-05-29 20:19:54.047 [ALFpaka] [WARNING] Log_spec ignored when pcen is set (extractSTFT:84)
2024-05-29 20:19:54.058 [ALFpaka] [WARNING] Log_spec ignored when pcen is set (extractSTFT:84)
2024-05-29 20:19:54.068 [ALFpaka] [WARNING] Log_spec ignored when pcen is set (extractSTFT:84)
2024-05-29 20:19:54.078 [ALFpaka] [WARNING] Log_spec ignored when pcen is set (extractSTFT:84)
2024-05-29 20:19:54.106 [ALFpaka] [WARNING] Log_spec ignored when pcen is set (extractSTFT:84)
2024-05-29 20:19:54.117 [ALFpaka] [WARNING] Log_spec ignored when pcen is set (extractSTFT:84)
2024-05-29 20:19:54.272 [ALFpaka] [WARNING] Log_spec ignored when pcen is set (extractSTFT:84)
2024-05-29 20:19:55.117 [ALFpaka] [WARNING] Log_spec ignored when pcen is set (extractSTFT:84)
2024-05-29 20:19:55.114 [ALFpaka] [WARNING] Log_spec ignored when pcen is set (extractSTFT:84)
2024-05-29 20:19:55.116 [ALFpaka] [WARNING] Log_spec ignored when pcen is set (extractSTFT:84)
2024-05-29 20:19:55.115 [ALFpaka] [WARNING] Log_spec ignored when pcen is set (extractSTFT:84)
2024-05-29 20:19:55.118 [ALFpaka] [WARNING] Log_spec ignored when pcen is set (extractSTFT:84)
2024-05-29 20:19:55.119 [ALFpaka] [WARNING] Log_spec ignored when pcen is set (extractSTFT:84)
2024-05-29 20:19:55.182 [ALFpaka] [WARNING] Log_spec ignored when pcen is set (extractSTFT:84)
2024-05-29 20:19:55.182 [ALFpaka] [WARNING] Log_spec ignored when pcen is set (extractSTFT:84)
2024-05-29 20:19:55.195 [ALFpaka] [WARNING] Log_spec ignored when pcen is set (extractSTFT:84)
2024-05-29 20:19:55.183 [ALFpaka] [WARNING] Log_spec ignored when pcen is set (extractSTFT:84)
2024-05-29 20:19:55.198 [ALFpaka] [WARNING] Log_spec ignored when pcen is set (extractSTFT:84)
2024-05-29 20:19:55.204 [ALFpaka] [WARNING] Log_spec ignored when pcen is set (extractSTFT:84)
2024-05-29 20:19:55.185 [ALFpaka] [WARNING] Log_spec ignored when pcen is set (extractSTFT:84)
2024-05-29 20:19:55.187 [ALFpaka] [WARNING] Log_spec ignored when pcen is set (extractSTFT:84)
2024-05-29 20:19:55.185 [ALFpaka] [WARNING] Log_spec ignored when pcen is set (extractSTFT:84)
2024-05-29 20:19:55.223 [ALFpaka] [WARNING] Log_spec ignored when pcen is set (extractSTFT:84)
2024-05-29 20:19:55.238 [ALFpaka] [WARNING] Log_spec ignored when pcen is set (extractSTFT:84)
2024-05-29 20:19:55.188 [ALFpaka] [WARNING] Log_spec ignored when pcen is set (extractSTFT:84)
2024-05-29 20:19:55.188 [ALFpaka] [WARNING] Log_spec ignored when pcen is set (extractSTFT:84)
2024-05-29 20:19:55.194 [ALFpaka] [WARNING] Log_spec ignored when pcen is set (extractSTFT:84)
2024-05-29 20:19:55.190 [ALFpaka] [WARNING] Log_spec ignored when pcen is set (extractSTFT:84)
2024-05-29 20:19:55.226 [ALFpaka] [WARNING] Log_spec ignored when pcen is set (extractSTFT:84)
2024-05-29 20:19:55.614 [ALFpaka] [WARNING] Log_spec ignored when pcen is set (extractSTFT:84)
2024-05-29 20:19:55.614 [ALFpaka] [WARNING] Log_spec ignored when pcen is set (extractSTFT:84)
2024-05-29 20:19:55.910 [ALFpaka] [WARNING] Log_spec ignored when pcen is set (extractSTFT:84)
2024-05-29 20:19:56.312 [ALFpaka] [WARNING] Log_spec ignored when pcen is set (extractSTFT:84)
2024-05-29 20:19:56.586 [ALFpaka] [WARNING] Log_spec ignored when pcen is set (extractSTFT:84)
2024-05-29 20:19:56.587 [ALFpaka] [WARNING] Log_spec ignored when pcen is set (extractSTFT:84)
2024-05-29 20:19:56.585 [ALFpaka] [WARNING] Log_spec ignored when pcen is set (extractSTFT:84)
2024-05-29 20:19:56.590 [ALFpaka] [WARNING] Log_spec ignored when pcen is set (extractSTFT:84)
2024-05-29 20:19:56.591 [ALFpaka] [WARNING] Log_spec ignored when pcen is set (extractSTFT:84)
2024-05-29 20:19:56.588 [ALFpaka] [WARNING] Log_spec ignored when pcen is set (extractSTFT:84)
2024-05-29 20:19:56.592 [ALFpaka] [WARNING] Log_spec ignored when pcen is set (extractSTFT:84)
2024-05-29 20:19:56.588 [ALFpaka] [WARNING] Log_spec ignored when pcen is set (extractSTFT:84)
2024-05-29 20:19:56.591 [ALFpaka] [WARNING] Log_spec ignored when pcen is set (extractSTFT:84)
2024-05-29 20:19:56.644 [ALFpaka] [WARNING] Log_spec ignored when pcen is set (extractSTFT:84)
2024-05-29 20:19:56.664 [ALFpaka] [WARNING] Log_spec ignored when pcen is set (extractSTFT:84)
2024-05-29 20:19:57.107 [ALFpaka] [WARNING] Log_spec ignored when pcen is set (extractSTFT:84)
2024-05-29 20:19:57.115 [ALFpaka] [WARNING] Log_spec ignored when pcen is set (extractSTFT:84)
2024-05-29 20:19:57.120 [ALFpaka] [WARNING] Log_spec ignored when pcen is set (extractSTFT:84)
2024-05-29 20:19:57.128 [ALFpaka] [WARNING] Log_spec ignored when pcen is set (extractSTFT:84)
2024-05-29 20:19:57.137 [ALFpaka] [WARNING] Log_spec ignored when pcen is set (extractSTFT:84)
2024-05-29 20:19:57.139 [ALFpaka] [WARNING] Log_spec ignored when pcen is set (extractSTFT:84)
2024-05-29 20:19:57.148 [ALFpaka] [WARNING] Log_spec ignored when pcen is set (extractSTFT:84)
2024-05-29 20:19:57.169 [ALFpaka] [WARNING] Log_spec ignored when pcen is set (extractSTFT:84)
2024-05-29 20:19:57.173 [ALFpaka] [WARNING] Log_spec ignored when pcen is set (extractSTFT:84)
2024-05-29 20:19:57.186 [ALFpaka] [WARNING] Log_spec ignored when pcen is set (extractSTFT:84)
2024-05-29 20:19:57.305 [ALFpaka] [WARNING] Log_spec ignored when pcen is set (extractSTFT:84)
2024-05-29 20:19:57.924 [ALFpaka] [WARNING] Log_spec ignored when pcen is set (extractSTFT:84)
2024-05-29 20:19:57.924 [ALFpaka] [WARNING] Log_spec ignored when pcen is set (extractSTFT:84)
2024-05-29 20:19:57.925 [ALFpaka] [WARNING] Log_spec ignored when pcen is set (extractSTFT:84)
2024-05-29 20:19:57.923 [ALFpaka] [WARNING] Log_spec ignored when pcen is set (extractSTFT:84)
2024-05-29 20:19:57.928 [ALFpaka] [WARNING] Log_spec ignored when pcen is set (extractSTFT:84)
2024-05-29 20:19:57.927 [ALFpaka] [WARNING] Log_spec ignored when pcen is set (extractSTFT:84)
2024-05-29 20:19:57.926 [ALFpaka] [WARNING] Log_spec ignored when pcen is set (extractSTFT:84)
2024-05-29 20:20:00.034 [ALFpaka] [INFO] Extracting features for class spain-ambulance with id 9 (extractAndAddFeaturesToDataset:69)
2024-05-29 20:20:01.653 [ALFpaka] [WARNING] Log_spec ignored when pcen is set (extractSTFT:84)
2024-05-29 20:20:01.653 [ALFpaka] [WARNING] Log_spec ignored when pcen is set (extractSTFT:84)
2024-05-29 20:20:01.653 [ALFpaka] [WARNING] Log_spec ignored when pcen is set (extractSTFT:84)
2024-05-29 20:20:01.653 [ALFpaka] [WARNING] Log_spec ignored when pcen is set (extractSTFT:84)
2024-05-29 20:20:01.653 [ALFpaka] [WARNING] Log_spec ignored when pcen is set (extractSTFT:84)
2024-05-29 20:20:01.654 [ALFpaka] [WARNING] Log_spec ignored when pcen is set (extractSTFT:84)
2024-05-29 20:20:01.654 [ALFpaka] [WARNING] Log_spec ignored when pcen is set (extractSTFT:84)
2024-05-29 20:20:01.654 [ALFpaka] [WARNING] Log_spec ignored when pcen is set (extractSTFT:84)
2024-05-29 20:20:01.654 [ALFpaka] [WARNING] Log_spec ignored when pcen is set (extractSTFT:84)
2024-05-29 20:20:03.064 [ALFpaka] [INFO] Extracting features for class spain-firefighter with id 10 (extractAndAddFeaturesToDataset:69)
2024-05-29 20:20:04.623 [ALFpaka] [WARNING] Log_spec ignored when pcen is set (extractSTFT:84)
2024-05-29 20:20:04.623 [ALFpaka] [WARNING] Log_spec ignored when pcen is set (extractSTFT:84)
2024-05-29 20:20:04.623 [ALFpaka] [WARNING] Log_spec ignored when pcen is set (extractSTFT:84)
2024-05-29 20:20:04.623 [ALFpaka] [WARNING] Log_spec ignored when pcen is set (extractSTFT:84)
2024-05-29 20:20:04.623 [ALFpaka] [WARNING] Log_spec ignored when pcen is set (extractSTFT:84)
2024-05-29 20:20:04.623 [ALFpaka] [WARNING] Log_spec ignored when pcen is set (extractSTFT:84)
2024-05-29 20:20:04.624 [ALFpaka] [WARNING] Log_spec ignored when pcen is set (extractSTFT:84)
2024-05-29 20:20:05.818 [ALFpaka] [INFO] Extracting features for class spain-police with id 11 (extractAndAddFeaturesToDataset:69)
2024-05-29 20:20:07.500 [ALFpaka] [WARNING] Log_spec ignored when pcen is set (extractSTFT:84)
2024-05-29 20:20:07.500 [ALFpaka] [WARNING] Log_spec ignored when pcen is set (extractSTFT:84)
2024-05-29 20:20:07.500 [ALFpaka] [WARNING] Log_spec ignored when pcen is set (extractSTFT:84)
2024-05-29 20:20:07.501 [ALFpaka] [WARNING] Log_spec ignored when pcen is set (extractSTFT:84)
2024-05-29 20:20:07.502 [ALFpaka] [WARNING] Log_spec ignored when pcen is set (extractSTFT:84)
2024-05-29 20:20:07.502 [ALFpaka] [WARNING] Log_spec ignored when pcen is set (extractSTFT:84)
2024-05-29 20:20:07.503 [ALFpaka] [WARNING] Log_spec ignored when pcen is set (extractSTFT:84)
2024-05-29 20:20:07.503 [ALFpaka] [WARNING] Log_spec ignored when pcen is set (extractSTFT:84)
2024-05-29 20:20:07.503 [ALFpaka] [WARNING] Log_spec ignored when pcen is set (extractSTFT:84)
2024-05-29 20:20:07.503 [ALFpaka] [WARNING] Log_spec ignored when pcen is set (extractSTFT:84)
2024-05-29 20:20:10.143 [ALFpaka] [INFO] Training using one GPU (run_training:144)
2024-05-29 20:20:10.144 [ALFpaka] [INFO] --- training data --- (get_dataset_and_print_stats:76)
2024-05-29 20:20:10.144 [ALFpaka] [INFO] france-ambulance number of files 8 (get_dataset_and_print_stats:81)
2024-05-29 20:20:10.144 [ALFpaka] [INFO] france-firefighter number of files 13 (get_dataset_and_print_stats:81)
2024-05-29 20:20:10.144 [ALFpaka] [INFO] france-police number of files 16 (get_dataset_and_print_stats:81)
2024-05-29 20:20:10.144 [ALFpaka] [INFO] germany-ambulance number of files 17 (get_dataset_and_print_stats:81)
2024-05-29 20:20:10.144 [ALFpaka] [INFO] germany-firefighter number of files 11 (get_dataset_and_print_stats:81)
2024-05-29 20:20:10.144 [ALFpaka] [INFO] germany-police number of files 15 (get_dataset_and_print_stats:81)
2024-05-29 20:20:10.144 [ALFpaka] [INFO] italy-ambulance number of files 13 (get_dataset_and_print_stats:81)
2024-05-29 20:20:10.145 [ALFpaka] [INFO] italy-firefighter number of files 28 (get_dataset_and_print_stats:81)
2024-05-29 20:20:10.145 [ALFpaka] [INFO] italy-police number of files 33 (get_dataset_and_print_stats:81)
2024-05-29 20:20:10.145 [ALFpaka] [INFO] nosirens number of files 1132 (get_dataset_and_print_stats:81)
2024-05-29 20:20:10.145 [ALFpaka] [INFO] spain-ambulance number of files 18 (get_dataset_and_print_stats:81)
2024-05-29 20:20:10.145 [ALFpaka] [INFO] spain-firefighter number of files 50 (get_dataset_and_print_stats:81)
2024-05-29 20:20:10.145 [ALFpaka] [INFO] spain-police number of files 132 (get_dataset_and_print_stats:81)
2024-05-29 20:20:10.145 [ALFpaka] [INFO] --- test data --- (get_dataset_and_print_stats:76)
2024-05-29 20:20:10.145 [ALFpaka] [INFO] france-ambulance number of files 10 (get_dataset_and_print_stats:81)
2024-05-29 20:20:10.146 [ALFpaka] [INFO] france-firefighter number of files 10 (get_dataset_and_print_stats:81)
2024-05-29 20:20:10.146 [ALFpaka] [INFO] france-police number of files 10 (get_dataset_and_print_stats:81)
2024-05-29 20:20:10.146 [ALFpaka] [INFO] germany-ambulance number of files 10 (get_dataset_and_print_stats:81)
2024-05-29 20:20:10.146 [ALFpaka] [INFO] germany-firefighter number of files 10 (get_dataset_and_print_stats:81)
2024-05-29 20:20:10.146 [ALFpaka] [INFO] germany-police number of files 10 (get_dataset_and_print_stats:81)
2024-05-29 20:20:10.146 [ALFpaka] [INFO] italy-ambulance number of files 10 (get_dataset_and_print_stats:81)
2024-05-29 20:20:10.146 [ALFpaka] [INFO] italy-firefighter number of files 9 (get_dataset_and_print_stats:81)
2024-05-29 20:20:10.146 [ALFpaka] [INFO] italy-police number of files 10 (get_dataset_and_print_stats:81)
2024-05-29 20:20:10.146 [ALFpaka] [INFO] nosirens number of files 125 (get_dataset_and_print_stats:81)
2024-05-29 20:20:10.147 [ALFpaka] [INFO] spain-ambulance number of files 9 (get_dataset_and_print_stats:81)
2024-05-29 20:20:10.147 [ALFpaka] [INFO] spain-firefighter number of files 7 (get_dataset_and_print_stats:81)
2024-05-29 20:20:10.147 [ALFpaka] [INFO] spain-police number of files 10 (get_dataset_and_print_stats:81)
2024-05-29 20:20:12.522 [ALFpaka] [INFO] --- training data size --- (print_feature_stats:109)
2024-05-29 20:20:12.522 [ALFpaka] [INFO] X shape --> (7311, 64, 128, 2) (print_feature_stats:111)
2024-05-29 20:20:12.523 [ALFpaka] [INFO] Y shape --> (7311, 13) (print_feature_stats:112)
2024-05-29 20:20:12.523 [ALFpaka] [INFO] number of features per frame 2 (print_feature_stats:119)
2024-05-29 20:20:12.523 [ALFpaka] [INFO] number of feature frames 7311 (print_feature_stats:120)
2024-05-29 20:20:12.526 [ALFpaka] [INFO] ---------------- CV step 1 of 1 --------------- (run_training_per_cv_step:363)
2024-05-29 20:20:12.526 [ALFpaka] [WARNING] WARNING: No validation data found! (__train_model_per_cv_step:692)
2024-05-29 20:20:12.984 [ALFpaka] [INFO] Model summary: (__trainModelInternal:135)
2024-05-29 20:20:12.985 [ALFpaka] [INFO] Model: "res_net" (print_summary:185)
2024-05-29 20:20:12.985 [ALFpaka] [INFO] __________________________________________________________________________________________________ (print_summary:186)
2024-05-29 20:20:12.985 [ALFpaka] [INFO] Layer (type)                    Output Shape         Param #     Connected to                      (print_row:183)
2024-05-29 20:20:12.985 [ALFpaka] [INFO] ================================================================================================== (print_summary:188)
2024-05-29 20:20:12.985 [ALFpaka] [INFO] input_1 (InputLayer)            [(None, 64, 128, 2)] 0                                             (print_row:183)
2024-05-29 20:20:12.985 [ALFpaka] [INFO] __________________________________________________________________________________________________ (print_summary:258)
2024-05-29 20:20:12.986 [ALFpaka] [INFO] conv2d (Conv2D)                 (None, 32, 64, 64)   3200        input_1[0][0]                     (print_row:183)
2024-05-29 20:20:12.986 [ALFpaka] [INFO] __________________________________________________________________________________________________ (print_summary:258)
2024-05-29 20:20:12.986 [ALFpaka] [INFO] batch_normalization (BatchNorma (None, 32, 64, 64)   256         conv2d[0][0]                      (print_row:183)
2024-05-29 20:20:12.986 [ALFpaka] [INFO] __________________________________________________________________________________________________ (print_summary:258)
2024-05-29 20:20:12.987 [ALFpaka] [INFO] activation (Activation)         (None, 32, 64, 64)   0           batch_normalization[0][0]         (print_row:183)
2024-05-29 20:20:12.987 [ALFpaka] [INFO] __________________________________________________________________________________________________ (print_summary:258)
2024-05-29 20:20:12.987 [ALFpaka] [INFO] batch_normalization_1 (BatchNor (None, 32, 64, 64)   256         activation[0][0]                  (print_row:183)
2024-05-29 20:20:12.987 [ALFpaka] [INFO] __________________________________________________________________________________________________ (print_summary:258)
2024-05-29 20:20:12.987 [ALFpaka] [INFO] dropout (Dropout)               (None, 32, 64, 64)   0           batch_normalization_1[0][0]       (print_row:183)
2024-05-29 20:20:12.987 [ALFpaka] [INFO] __________________________________________________________________________________________________ (print_summary:258)
2024-05-29 20:20:12.988 [ALFpaka] [INFO] conv2d_1 (Conv2D)               (None, 32, 64, 64)   36864       dropout[0][0]                     (print_row:183)
2024-05-29 20:20:12.988 [ALFpaka] [INFO] __________________________________________________________________________________________________ (print_summary:258)
2024-05-29 20:20:12.988 [ALFpaka] [INFO] activation_1 (Activation)       (None, 32, 64, 64)   0           conv2d_1[0][0]                    (print_row:183)
2024-05-29 20:20:12.988 [ALFpaka] [INFO] __________________________________________________________________________________________________ (print_summary:258)
2024-05-29 20:20:12.988 [ALFpaka] [INFO] batch_normalization_2 (BatchNor (None, 32, 64, 64)   256         activation_1[0][0]                (print_row:183)
2024-05-29 20:20:12.988 [ALFpaka] [INFO] __________________________________________________________________________________________________ (print_summary:258)
2024-05-29 20:20:12.989 [ALFpaka] [INFO] dropout_1 (Dropout)             (None, 32, 64, 64)   0           batch_normalization_2[0][0]       (print_row:183)
2024-05-29 20:20:12.989 [ALFpaka] [INFO] __________________________________________________________________________________________________ (print_summary:258)
2024-05-29 20:20:12.989 [ALFpaka] [INFO] conv2d_2 (Conv2D)               (None, 32, 64, 64)   36864       dropout_1[0][0]                   (print_row:183)
2024-05-29 20:20:12.989 [ALFpaka] [INFO] __________________________________________________________________________________________________ (print_summary:258)
2024-05-29 20:20:12.989 [ALFpaka] [INFO] add (Add)                       (None, 32, 64, 64)   0           conv2d_2[0][0]                    (print_row:183)
2024-05-29 20:20:12.989 [ALFpaka] [INFO]                                                                  batch_normalization[0][0]         (print_row:183)
2024-05-29 20:20:12.989 [ALFpaka] [INFO] __________________________________________________________________________________________________ (print_summary:258)
2024-05-29 20:20:12.990 [ALFpaka] [INFO] average_pooling2d (AveragePooli (None, 16, 32, 64)   0           add[0][0]                         (print_row:183)
2024-05-29 20:20:12.990 [ALFpaka] [INFO] __________________________________________________________________________________________________ (print_summary:258)
2024-05-29 20:20:12.990 [ALFpaka] [INFO] activation_2 (Activation)       (None, 16, 32, 64)   0           average_pooling2d[0][0]           (print_row:183)
2024-05-29 20:20:12.990 [ALFpaka] [INFO] __________________________________________________________________________________________________ (print_summary:258)
2024-05-29 20:20:12.990 [ALFpaka] [INFO] batch_normalization_3 (BatchNor (None, 16, 32, 64)   256         activation_2[0][0]                (print_row:183)
2024-05-29 20:20:12.990 [ALFpaka] [INFO] __________________________________________________________________________________________________ (print_summary:258)
2024-05-29 20:20:12.991 [ALFpaka] [INFO] dropout_2 (Dropout)             (None, 16, 32, 64)   0           batch_normalization_3[0][0]       (print_row:183)
2024-05-29 20:20:12.991 [ALFpaka] [INFO] __________________________________________________________________________________________________ (print_summary:258)
2024-05-29 20:20:12.991 [ALFpaka] [INFO] conv2d_3 (Conv2D)               (None, 16, 32, 64)   36864       dropout_2[0][0]                   (print_row:183)
2024-05-29 20:20:12.991 [ALFpaka] [INFO] __________________________________________________________________________________________________ (print_summary:258)
2024-05-29 20:20:12.991 [ALFpaka] [INFO] activation_3 (Activation)       (None, 16, 32, 64)   0           conv2d_3[0][0]                    (print_row:183)
2024-05-29 20:20:12.991 [ALFpaka] [INFO] __________________________________________________________________________________________________ (print_summary:258)
2024-05-29 20:20:12.992 [ALFpaka] [INFO] batch_normalization_4 (BatchNor (None, 16, 32, 64)   256         activation_3[0][0]                (print_row:183)
2024-05-29 20:20:12.992 [ALFpaka] [INFO] __________________________________________________________________________________________________ (print_summary:258)
2024-05-29 20:20:12.992 [ALFpaka] [INFO] dropout_3 (Dropout)             (None, 16, 32, 64)   0           batch_normalization_4[0][0]       (print_row:183)
2024-05-29 20:20:12.992 [ALFpaka] [INFO] __________________________________________________________________________________________________ (print_summary:258)
2024-05-29 20:20:12.992 [ALFpaka] [INFO] conv2d_4 (Conv2D)               (None, 16, 32, 64)   4096        dropout_3[0][0]                   (print_row:183)
2024-05-29 20:20:12.992 [ALFpaka] [INFO] __________________________________________________________________________________________________ (print_summary:258)
2024-05-29 20:20:12.993 [ALFpaka] [INFO] add_1 (Add)                     (None, 16, 32, 64)   0           conv2d_4[0][0]                    (print_row:183)
2024-05-29 20:20:12.993 [ALFpaka] [INFO]                                                                  average_pooling2d[0][0]           (print_row:183)
2024-05-29 20:20:12.993 [ALFpaka] [INFO] __________________________________________________________________________________________________ (print_summary:258)
2024-05-29 20:20:12.993 [ALFpaka] [INFO] average_pooling2d_1 (AveragePoo (None, 8, 16, 64)    0           add_1[0][0]                       (print_row:183)
2024-05-29 20:20:12.993 [ALFpaka] [INFO] __________________________________________________________________________________________________ (print_summary:258)
2024-05-29 20:20:12.993 [ALFpaka] [INFO] activation_4 (Activation)       (None, 8, 16, 64)    0           average_pooling2d_1[0][0]         (print_row:183)
2024-05-29 20:20:12.993 [ALFpaka] [INFO] __________________________________________________________________________________________________ (print_summary:258)
2024-05-29 20:20:12.994 [ALFpaka] [INFO] batch_normalization_5 (BatchNor (None, 8, 16, 64)    256         activation_4[0][0]                (print_row:183)
2024-05-29 20:20:12.994 [ALFpaka] [INFO] __________________________________________________________________________________________________ (print_summary:258)
2024-05-29 20:20:12.994 [ALFpaka] [INFO] dropout_4 (Dropout)             (None, 8, 16, 64)    0           batch_normalization_5[0][0]       (print_row:183)
2024-05-29 20:20:12.994 [ALFpaka] [INFO] __________________________________________________________________________________________________ (print_summary:258)
2024-05-29 20:20:12.994 [ALFpaka] [INFO] conv2d_5 (Conv2D)               (None, 8, 16, 64)    36864       dropout_4[0][0]                   (print_row:183)
2024-05-29 20:20:12.994 [ALFpaka] [INFO] __________________________________________________________________________________________________ (print_summary:258)
2024-05-29 20:20:12.995 [ALFpaka] [INFO] activation_5 (Activation)       (None, 8, 16, 64)    0           conv2d_5[0][0]                    (print_row:183)
2024-05-29 20:20:12.995 [ALFpaka] [INFO] __________________________________________________________________________________________________ (print_summary:258)
2024-05-29 20:20:12.995 [ALFpaka] [INFO] batch_normalization_6 (BatchNor (None, 8, 16, 64)    256         activation_5[0][0]                (print_row:183)
2024-05-29 20:20:12.995 [ALFpaka] [INFO] __________________________________________________________________________________________________ (print_summary:258)
2024-05-29 20:20:12.995 [ALFpaka] [INFO] dropout_5 (Dropout)             (None, 8, 16, 64)    0           batch_normalization_6[0][0]       (print_row:183)
2024-05-29 20:20:12.995 [ALFpaka] [INFO] __________________________________________________________________________________________________ (print_summary:258)
2024-05-29 20:20:12.996 [ALFpaka] [INFO] conv2d_6 (Conv2D)               (None, 8, 16, 64)    36864       dropout_5[0][0]                   (print_row:183)
2024-05-29 20:20:12.996 [ALFpaka] [INFO] __________________________________________________________________________________________________ (print_summary:258)
2024-05-29 20:20:12.996 [ALFpaka] [INFO] add_2 (Add)                     (None, 8, 16, 64)    0           conv2d_6[0][0]                    (print_row:183)
2024-05-29 20:20:12.996 [ALFpaka] [INFO]                                                                  average_pooling2d_1[0][0]         (print_row:183)
2024-05-29 20:20:12.996 [ALFpaka] [INFO] __________________________________________________________________________________________________ (print_summary:258)
2024-05-29 20:20:12.996 [ALFpaka] [INFO] activation_6 (Activation)       (None, 8, 16, 64)    0           add_2[0][0]                       (print_row:183)
2024-05-29 20:20:12.996 [ALFpaka] [INFO] __________________________________________________________________________________________________ (print_summary:258)
2024-05-29 20:20:12.997 [ALFpaka] [INFO] batch_normalization_7 (BatchNor (None, 8, 16, 64)    256         activation_6[0][0]                (print_row:183)
2024-05-29 20:20:12.997 [ALFpaka] [INFO] __________________________________________________________________________________________________ (print_summary:258)
2024-05-29 20:20:12.997 [ALFpaka] [INFO] dropout_6 (Dropout)             (None, 8, 16, 64)    0           batch_normalization_7[0][0]       (print_row:183)
2024-05-29 20:20:12.997 [ALFpaka] [INFO] __________________________________________________________________________________________________ (print_summary:258)
2024-05-29 20:20:12.997 [ALFpaka] [INFO] conv2d_7 (Conv2D)               (None, 8, 16, 128)   73728       dropout_6[0][0]                   (print_row:183)
2024-05-29 20:20:12.998 [ALFpaka] [INFO] __________________________________________________________________________________________________ (print_summary:258)
2024-05-29 20:20:12.998 [ALFpaka] [INFO] activation_7 (Activation)       (None, 8, 16, 128)   0           conv2d_7[0][0]                    (print_row:183)
2024-05-29 20:20:12.998 [ALFpaka] [INFO] __________________________________________________________________________________________________ (print_summary:258)
2024-05-29 20:20:12.998 [ALFpaka] [INFO] batch_normalization_8 (BatchNor (None, 8, 16, 128)   512         activation_7[0][0]                (print_row:183)
2024-05-29 20:20:12.998 [ALFpaka] [INFO] __________________________________________________________________________________________________ (print_summary:258)
2024-05-29 20:20:12.998 [ALFpaka] [INFO] dropout_7 (Dropout)             (None, 8, 16, 128)   0           batch_normalization_8[0][0]       (print_row:183)
2024-05-29 20:20:12.998 [ALFpaka] [INFO] __________________________________________________________________________________________________ (print_summary:258)
2024-05-29 20:20:12.999 [ALFpaka] [INFO] conv2d_8 (Conv2D)               (None, 8, 16, 128)   16384       dropout_7[0][0]                   (print_row:183)
2024-05-29 20:20:12.999 [ALFpaka] [INFO] __________________________________________________________________________________________________ (print_summary:258)
2024-05-29 20:20:12.999 [ALFpaka] [INFO] conv2d_9 (Conv2D)               (None, 8, 16, 128)   8192        add_2[0][0]                       (print_row:183)
2024-05-29 20:20:12.999 [ALFpaka] [INFO] __________________________________________________________________________________________________ (print_summary:258)
2024-05-29 20:20:12.999 [ALFpaka] [INFO] add_3 (Add)                     (None, 8, 16, 128)   0           conv2d_8[0][0]                    (print_row:183)
2024-05-29 20:20:12.999 [ALFpaka] [INFO]                                                                  conv2d_9[0][0]                    (print_row:183)
2024-05-29 20:20:12.999 [ALFpaka] [INFO] __________________________________________________________________________________________________ (print_summary:258)
2024-05-29 20:20:13.000 [ALFpaka] [INFO] average_pooling2d_2 (AveragePoo (None, 4, 8, 128)    0           add_3[0][0]                       (print_row:183)
2024-05-29 20:20:13.000 [ALFpaka] [INFO] __________________________________________________________________________________________________ (print_summary:258)
2024-05-29 20:20:13.000 [ALFpaka] [INFO] activation_8 (Activation)       (None, 4, 8, 128)    0           average_pooling2d_2[0][0]         (print_row:183)
2024-05-29 20:20:13.000 [ALFpaka] [INFO] __________________________________________________________________________________________________ (print_summary:258)
2024-05-29 20:20:13.000 [ALFpaka] [INFO] batch_normalization_9 (BatchNor (None, 4, 8, 128)    512         activation_8[0][0]                (print_row:183)
2024-05-29 20:20:13.000 [ALFpaka] [INFO] __________________________________________________________________________________________________ (print_summary:258)
2024-05-29 20:20:13.001 [ALFpaka] [INFO] dropout_8 (Dropout)             (None, 4, 8, 128)    0           batch_normalization_9[0][0]       (print_row:183)
2024-05-29 20:20:13.001 [ALFpaka] [INFO] __________________________________________________________________________________________________ (print_summary:258)
2024-05-29 20:20:13.001 [ALFpaka] [INFO] conv2d_10 (Conv2D)              (None, 4, 8, 256)    32768       dropout_8[0][0]                   (print_row:183)
2024-05-29 20:20:13.001 [ALFpaka] [INFO] __________________________________________________________________________________________________ (print_summary:258)
2024-05-29 20:20:13.001 [ALFpaka] [INFO] activation_9 (Activation)       (None, 4, 8, 256)    0           conv2d_10[0][0]                   (print_row:183)
2024-05-29 20:20:13.001 [ALFpaka] [INFO] __________________________________________________________________________________________________ (print_summary:258)
2024-05-29 20:20:13.002 [ALFpaka] [INFO] batch_normalization_10 (BatchNo (None, 4, 8, 256)    1024        activation_9[0][0]                (print_row:183)
2024-05-29 20:20:13.002 [ALFpaka] [INFO] __________________________________________________________________________________________________ (print_summary:258)
2024-05-29 20:20:13.002 [ALFpaka] [INFO] dropout_9 (Dropout)             (None, 4, 8, 256)    0           batch_normalization_10[0][0]      (print_row:183)
2024-05-29 20:20:13.002 [ALFpaka] [INFO] __________________________________________________________________________________________________ (print_summary:258)
2024-05-29 20:20:13.002 [ALFpaka] [INFO] conv2d_11 (Conv2D)              (None, 4, 8, 256)    65536       dropout_9[0][0]                   (print_row:183)
2024-05-29 20:20:13.002 [ALFpaka] [INFO] __________________________________________________________________________________________________ (print_summary:258)
2024-05-29 20:20:13.003 [ALFpaka] [INFO] conv2d_12 (Conv2D)              (None, 4, 8, 256)    32768       average_pooling2d_2[0][0]         (print_row:183)
2024-05-29 20:20:13.003 [ALFpaka] [INFO] __________________________________________________________________________________________________ (print_summary:258)
2024-05-29 20:20:13.003 [ALFpaka] [INFO] add_4 (Add)                     (None, 4, 8, 256)    0           conv2d_11[0][0]                   (print_row:183)
2024-05-29 20:20:13.003 [ALFpaka] [INFO]                                                                  conv2d_12[0][0]                   (print_row:183)
2024-05-29 20:20:13.003 [ALFpaka] [INFO] __________________________________________________________________________________________________ (print_summary:258)
2024-05-29 20:20:13.003 [ALFpaka] [INFO] global_average_pooling2d (Globa (None, 256)          0           add_4[0][0]                       (print_row:183)
2024-05-29 20:20:13.003 [ALFpaka] [INFO] __________________________________________________________________________________________________ (print_summary:258)
2024-05-29 20:20:13.004 [ALFpaka] [INFO] dense (Dense)                   (None, 13)           3341        global_average_pooling2d[0][0]    (print_row:183)
2024-05-29 20:20:13.004 [ALFpaka] [INFO] ================================================================================================== (print_summary:256)
2024-05-29 20:20:13.005 [ALFpaka] [INFO] Total params: 428,429 (print_summary:267)
2024-05-29 20:20:13.005 [ALFpaka] [INFO] Trainable params: 426,381 (print_summary:268)
2024-05-29 20:20:13.005 [ALFpaka] [INFO] Non-trainable params: 2,048 (print_summary:269)
2024-05-29 20:20:13.005 [ALFpaka] [INFO] __________________________________________________________________________________________________ (print_summary:270)
2024-05-29 20:20:13.007 [ALFpaka] [WARNING] No validation data set! (__trainModelInternal:188)
2024-05-30 08:42:22.963 [ALFpaka] [INFO] Elapsed training time for cv_step ==> 12:22:12 (print_training_time:334)
2024-05-30 08:42:22.963 [ALFpaka] [INFO] --- test data size --- (print_feature_stats:109)
2024-05-30 08:42:22.963 [ALFpaka] [INFO] X shape --> (2700, 64, 128, 2) (print_feature_stats:111)
2024-05-30 08:42:22.964 [ALFpaka] [INFO] Y shape --> (2700, 13) (print_feature_stats:112)
2024-05-30 08:42:22.964 [ALFpaka] [INFO] number of features per frame 2 (print_feature_stats:119)
2024-05-30 08:42:22.964 [ALFpaka] [INFO] number of feature frames 2700 (print_feature_stats:120)
2024-05-30 08:42:31.041 [ALFpaka] [INFO] --- Evaluation results framewise_cv_step_1 --- (evaluate_results_with_conf_matrix_and_acc:498)
2024-05-30 08:42:31.041 [ALFpaka] [INFO] framewise_cv_step_1 accuracy (unweighted): 0.3603703703703704 (evaluate_results_with_conf_matrix_and_acc:500)
2024-05-30 08:42:31.043 [ALFpaka] [INFO] 
framewise_cv_step_1 confusion Matrix in %: 
[[ 0.00  0.00  0.00  0.58  0.00  0.00  1.16  0.00  19.65  8.67  5.78
   8.67  55.49]
 [ 5.83  30.83  0.00  1.67  0.00  0.00  0.00  0.00  0.00  0.83  2.50
   0.00  58.33]
 [ 0.00  0.00  0.00  9.42  0.00  0.00  0.00  0.00  11.21  4.48  5.38
   1.35  68.16]
 [ 0.00  0.00  0.00  3.96  1.98  5.94  1.98  0.00  54.46  0.00  5.94
   7.92  17.82]
 [ 0.00  4.30  0.00  25.81  1.08  0.00  0.54  0.00  8.06  0.00  20.97
   3.23  36.02]
 [ 0.45  0.45  0.00  1.35  0.00  1.35  0.90  0.00  26.46  0.00  2.24
   0.00  66.82]
 [ 0.00  0.70  0.00  0.00  0.00  0.00  34.51  16.20  2.11  5.63  0.70
   8.45  31.69]
 [ 0.00  0.00  0.00  1.30  0.65  0.00  42.86  9.74  1.30  7.79  0.00
   2.60  33.77]
 [ 0.00  0.00  0.00  2.97  0.00  0.00  8.25  2.97  62.38  0.33  0.00
   0.99  22.11]
 [ 0.00  0.00  0.00  0.00  0.00  0.00  0.00  2.33  0.00  50.00  0.00
   23.84  23.84]
 [ 0.00  0.00  0.00  0.00  0.00  0.00  0.00  0.00  0.00  34.68  1.61
   48.39  15.32]
 [ 0.00  0.00  0.00  0.00  0.00  0.00  0.00  5.49  3.66  3.05  0.61
   17.68  69.51]
 [ 0.00  0.00  0.49  0.49  0.16  0.49  0.00  4.39  0.00  1.79  0.81  0.81
   90.57]] (log_confusion_matrix:521)
2024-05-30 08:42:31.044 [ALFpaka] [INFO] framewise_cv_step_1 mean class accuracy: 23.36 % (log_confusion_matrix:522)
2024-05-30 08:42:31.070 [ALFpaka] [INFO] --- Evaluation results filewise_cv_step_1 --- (evaluate_results_with_conf_matrix_and_acc:498)
2024-05-30 08:42:31.071 [ALFpaka] [INFO] filewise_cv_step_1 accuracy (unweighted): 0.5833333333333334 (evaluate_results_with_conf_matrix_and_acc:500)
2024-05-30 08:42:31.074 [ALFpaka] [INFO] 
filewise_cv_step_1 confusion Matrix in %: 
[[ 0.00  0.00  0.00  0.00  0.00  0.00  0.00  0.00  10.00  0.00  0.00
   10.00  80.00]
 [ 0.00  50.00  0.00  0.00  0.00  0.00  0.00  0.00  0.00  0.00  0.00
   0.00  50.00]
 [ 0.00  0.00  0.00  10.00  0.00  0.00  0.00  0.00  0.00  0.00  10.00
   0.00  80.00]
 [ 0.00  0.00  0.00  0.00  0.00  0.00  0.00  0.00  80.00  0.00  0.00
   10.00  10.00]
 [ 0.00  0.00  0.00  30.00  0.00  0.00  0.00  0.00  0.00  0.00  30.00
   0.00  40.00]
 [ 0.00  0.00  0.00  0.00  0.00  0.00  0.00  0.00  60.00  0.00  0.00
   0.00  40.00]
 [ 0.00  0.00  0.00  0.00  0.00  0.00  50.00  40.00  0.00  0.00  0.00
   0.00  10.00]
 [ 0.00  0.00  0.00  0.00  0.00  0.00  66.67  11.11  0.00  0.00  0.00
   0.00  22.22]
 [ 0.00  0.00  0.00  0.00  0.00  0.00  20.00  0.00  40.00  0.00  0.00
   0.00  40.00]
 [ 0.00  0.00  0.00  0.00  0.00  0.00  0.00  0.00  0.00  44.44  0.00
   22.22  33.33]
 [ 0.00  0.00  0.00  0.00  0.00  0.00  0.00  0.00  0.00  42.86  0.00
   42.86  14.29]
 [ 0.00  0.00  0.00  0.00  0.00  0.00  0.00  0.00  0.00  0.00  0.00
   10.00  90.00]
 [ 0.00  0.00  0.00  0.00  0.00  0.00  0.00  3.20  0.00  0.00  0.80  0.00
   96.00]] (log_confusion_matrix:521)
2024-05-30 08:42:31.075 [ALFpaka] [INFO] filewise_cv_step_1 mean class accuracy: 23.2 % (log_confusion_matrix:522)
2024-05-30 08:42:31.085 [ALFpaka] [INFO] 
--- Final results after 1 iterations ---
Frame acc mean:       0.360370370370
Frame acc stdev:      0.000000000000
File acc mean:        0.583333333333
File acc stdev:       0.000000000000
Highest file acc:     0.583333333333 (seed = 1)
Lowest file acc:      0.583333333333 (seed = 1)
 (print_results:200)
2024-05-30 08:42:31.087 [ALFpaka] [INFO] Mean Confusion Matrix (framewise): 
[[ 0.00  0.00  0.00  0.58  0.00  0.00  1.16  0.00  19.65  8.67  5.78
   8.67  55.49]
 [ 5.83  30.83  0.00  1.67  0.00  0.00  0.00  0.00  0.00  0.83  2.50
   0.00  58.33]
 [ 0.00  0.00  0.00  9.42  0.00  0.00  0.00  0.00  11.21  4.48  5.38
   1.35  68.16]
 [ 0.00  0.00  0.00  3.96  1.98  5.94  1.98  0.00  54.46  0.00  5.94
   7.92  17.82]
 [ 0.00  4.30  0.00  25.81  1.08  0.00  0.54  0.00  8.06  0.00  20.97
   3.23  36.02]
 [ 0.45  0.45  0.00  1.35  0.00  1.35  0.90  0.00  26.46  0.00  2.24
   0.00  66.82]
 [ 0.00  0.70  0.00  0.00  0.00  0.00  34.51  16.20  2.11  5.63  0.70
   8.45  31.69]
 [ 0.00  0.00  0.00  1.30  0.65  0.00  42.86  9.74  1.30  7.79  0.00
   2.60  33.77]
 [ 0.00  0.00  0.00  2.97  0.00  0.00  8.25  2.97  62.38  0.33  0.00
   0.99  22.11]
 [ 0.00  0.00  0.00  0.00  0.00  0.00  0.00  2.33  0.00  50.00  0.00
   23.84  23.84]
 [ 0.00  0.00  0.00  0.00  0.00  0.00  0.00  0.00  0.00  34.68  1.61
   48.39  15.32]
 [ 0.00  0.00  0.00  0.00  0.00  0.00  0.00  5.49  3.66  3.05  0.61
   17.68  69.51]
 [ 0.00  0.00  0.49  0.49  0.16  0.49  0.00  4.39  0.00  1.79  0.81  0.81
   90.57]] (log_final_confusion_matrices:237)
2024-05-30 08:42:31.089 [ALFpaka] [INFO] Mean Confusion Matrix (filewise): 
[[ 0.00  0.00  0.00  0.00  0.00  0.00  0.00  0.00  10.00  0.00  0.00
   10.00  80.00]
 [ 0.00  50.00  0.00  0.00  0.00  0.00  0.00  0.00  0.00  0.00  0.00
   0.00  50.00]
 [ 0.00  0.00  0.00  10.00  0.00  0.00  0.00  0.00  0.00  0.00  10.00
   0.00  80.00]
 [ 0.00  0.00  0.00  0.00  0.00  0.00  0.00  0.00  80.00  0.00  0.00
   10.00  10.00]
 [ 0.00  0.00  0.00  30.00  0.00  0.00  0.00  0.00  0.00  0.00  30.00
   0.00  40.00]
 [ 0.00  0.00  0.00  0.00  0.00  0.00  0.00  0.00  60.00  0.00  0.00
   0.00  40.00]
 [ 0.00  0.00  0.00  0.00  0.00  0.00  50.00  40.00  0.00  0.00  0.00
   0.00  10.00]
 [ 0.00  0.00  0.00  0.00  0.00  0.00  66.67  11.11  0.00  0.00  0.00
   0.00  22.22]
 [ 0.00  0.00  0.00  0.00  0.00  0.00  20.00  0.00  40.00  0.00  0.00
   0.00  40.00]
 [ 0.00  0.00  0.00  0.00  0.00  0.00  0.00  0.00  0.00  44.44  0.00
   22.22  33.33]
 [ 0.00  0.00  0.00  0.00  0.00  0.00  0.00  0.00  0.00  42.86  0.00
   42.86  14.29]
 [ 0.00  0.00  0.00  0.00  0.00  0.00  0.00  0.00  0.00  0.00  0.00
   10.00  90.00]
 [ 0.00  0.00  0.00  0.00  0.00  0.00  0.00  3.20  0.00  0.00  0.80  0.00
   96.00]] (log_final_confusion_matrices:242)
2024-05-30 08:42:31.115 [ALFpaka] [INFO] Elapsed training time for whole training ==> 12:24:49 (print_training_time:334)
2024-05-30 08:42:31.127 [ALFpaka] [INFO] Plotting Confusion Matrices ...  (plot_confusion_matrices:476)
2024-05-30 08:42:37.478 [ALFpaka] [INFO] Plotting Confusion Matrices ...  (plot_confusion_matrices:476)
2024-05-30 08:42:51.646 [ALFpaka] [WARNING] No GIT in PATH variables ([Errno 2] No such file or directory: '.git': '.git') (get_git_version:24)
2024-05-30 08:42:51.648 [ALFpaka] [INFO] ... FINISH TRAINING ... (__training_session:96)
2024-05-30 08:42:51.648 [ALFpaka] [INFO] Closing session ...  (__training_session:105)
