2024-05-29 20:15:58.273 [ALFpaka] [INFO] ... START TRAINING ... (__training_session:88)
2024-05-29 20:15:58.274 [ALFpaka] [INFO] Start-Time: 1717006558.274377 (run_training:126)
2024-05-29 20:15:58.274 [ALFpaka] [INFO] france with id 0 (print_class_to_id:153)
2024-05-29 20:15:58.274 [ALFpaka] [INFO] germany with id 1 (print_class_to_id:153)
2024-05-29 20:15:58.275 [ALFpaka] [INFO] italy with id 2 (print_class_to_id:153)
2024-05-29 20:15:58.275 [ALFpaka] [INFO] spain with id 3 (print_class_to_id:153)
2024-05-29 20:15:58.275 [ALFpaka] [INFO] nosirens with id 4 (print_class_to_id:153)
2024-05-29 20:15:58.276 [ALFpaka] [INFO] ------ Extracting features ------ (extractAllFeatures:34)
2024-05-29 20:15:58.512 [ALFpaka] [INFO] Extracting features for class france with id 0 (extractAndAddFeaturesToDataset:69)
2024-05-29 20:15:59.350 [ALFpaka] [WARNING] Log_spec ignored when pcen is set (extractSTFT:84)
2024-05-29 20:15:59.350 [ALFpaka] [WARNING] Log_spec ignored when pcen is set (extractSTFT:84)
2024-05-29 20:15:59.351 [ALFpaka] [WARNING] Log_spec ignored when pcen is set (extractSTFT:84)
2024-05-29 20:15:59.352 [ALFpaka] [WARNING] Log_spec ignored when pcen is set (extractSTFT:84)
2024-05-29 20:15:59.352 [ALFpaka] [WARNING] Log_spec ignored when pcen is set (extractSTFT:84)
2024-05-29 20:15:59.352 [ALFpaka] [WARNING] Log_spec ignored when pcen is set (extractSTFT:84)
2024-05-29 20:15:59.352 [ALFpaka] [WARNING] Log_spec ignored when pcen is set (extractSTFT:84)
2024-05-29 20:15:59.352 [ALFpaka] [WARNING] Log_spec ignored when pcen is set (extractSTFT:84)
2024-05-29 20:15:59.352 [ALFpaka] [WARNING] Log_spec ignored when pcen is set (extractSTFT:84)
2024-05-29 20:15:59.353 [ALFpaka] [WARNING] Log_spec ignored when pcen is set (extractSTFT:84)
2024-05-29 20:15:59.353 [ALFpaka] [WARNING] Log_spec ignored when pcen is set (extractSTFT:84)
2024-05-29 20:15:59.353 [ALFpaka] [WARNING] Log_spec ignored when pcen is set (extractSTFT:84)
2024-05-29 20:15:59.354 [ALFpaka] [WARNING] Log_spec ignored when pcen is set (extractSTFT:84)
2024-05-29 20:15:59.354 [ALFpaka] [WARNING] Log_spec ignored when pcen is set (extractSTFT:84)
2024-05-29 20:15:59.354 [ALFpaka] [WARNING] Log_spec ignored when pcen is set (extractSTFT:84)
2024-05-29 20:15:59.355 [ALFpaka] [WARNING] Log_spec ignored when pcen is set (extractSTFT:84)
2024-05-29 20:15:59.355 [ALFpaka] [WARNING] Log_spec ignored when pcen is set (extractSTFT:84)
2024-05-29 20:15:59.358 [ALFpaka] [WARNING] Log_spec ignored when pcen is set (extractSTFT:84)
2024-05-29 20:15:59.358 [ALFpaka] [WARNING] Log_spec ignored when pcen is set (extractSTFT:84)
2024-05-29 20:15:59.359 [ALFpaka] [WARNING] Log_spec ignored when pcen is set (extractSTFT:84)
2024-05-29 20:15:59.358 [ALFpaka] [WARNING] Log_spec ignored when pcen is set (extractSTFT:84)
2024-05-29 20:15:59.358 [ALFpaka] [WARNING] Log_spec ignored when pcen is set (extractSTFT:84)
2024-05-29 20:15:59.360 [ALFpaka] [WARNING] Log_spec ignored when pcen is set (extractSTFT:84)
2024-05-29 20:15:59.360 [ALFpaka] [WARNING] Log_spec ignored when pcen is set (extractSTFT:84)
2024-05-29 20:15:59.360 [ALFpaka] [WARNING] Log_spec ignored when pcen is set (extractSTFT:84)
2024-05-29 20:15:59.359 [ALFpaka] [WARNING] Log_spec ignored when pcen is set (extractSTFT:84)
2024-05-29 20:15:59.362 [ALFpaka] [WARNING] Log_spec ignored when pcen is set (extractSTFT:84)
2024-05-29 20:15:59.363 [ALFpaka] [WARNING] Log_spec ignored when pcen is set (extractSTFT:84)
2024-05-29 20:15:59.363 [ALFpaka] [WARNING] Log_spec ignored when pcen is set (extractSTFT:84)
2024-05-29 20:15:59.364 [ALFpaka] [WARNING] Log_spec ignored when pcen is set (extractSTFT:84)
2024-05-29 20:15:59.364 [ALFpaka] [WARNING] Log_spec ignored when pcen is set (extractSTFT:84)
2024-05-29 20:15:59.365 [ALFpaka] [WARNING] Log_spec ignored when pcen is set (extractSTFT:84)
2024-05-29 20:15:59.365 [ALFpaka] [WARNING] Log_spec ignored when pcen is set (extractSTFT:84)
2024-05-29 20:15:59.365 [ALFpaka] [WARNING] Log_spec ignored when pcen is set (extractSTFT:84)
2024-05-29 20:15:59.366 [ALFpaka] [WARNING] Log_spec ignored when pcen is set (extractSTFT:84)
2024-05-29 20:15:59.366 [ALFpaka] [WARNING] Log_spec ignored when pcen is set (extractSTFT:84)
2024-05-29 20:15:59.368 [ALFpaka] [WARNING] Log_spec ignored when pcen is set (extractSTFT:84)
2024-05-29 20:16:01.426 [ALFpaka] [INFO] Extracting features for class germany with id 1 (extractAndAddFeaturesToDataset:69)
2024-05-29 20:16:02.310 [ALFpaka] [WARNING] Log_spec ignored when pcen is set (extractSTFT:84)
2024-05-29 20:16:02.311 [ALFpaka] [WARNING] Log_spec ignored when pcen is set (extractSTFT:84)
2024-05-29 20:16:02.310 [ALFpaka] [WARNING] Log_spec ignored when pcen is set (extractSTFT:84)
2024-05-29 20:16:02.311 [ALFpaka] [WARNING] Log_spec ignored when pcen is set (extractSTFT:84)
2024-05-29 20:16:02.311 [ALFpaka] [WARNING] Log_spec ignored when pcen is set (extractSTFT:84)
2024-05-29 20:16:02.312 [ALFpaka] [WARNING] Log_spec ignored when pcen is set (extractSTFT:84)
2024-05-29 20:16:02.312 [ALFpaka] [WARNING] Log_spec ignored when pcen is set (extractSTFT:84)
2024-05-29 20:16:02.312 [ALFpaka] [WARNING] Log_spec ignored when pcen is set (extractSTFT:84)
2024-05-29 20:16:02.313 [ALFpaka] [WARNING] Log_spec ignored when pcen is set (extractSTFT:84)
2024-05-29 20:16:02.313 [ALFpaka] [WARNING] Log_spec ignored when pcen is set (extractSTFT:84)
2024-05-29 20:16:02.313 [ALFpaka] [WARNING] Log_spec ignored when pcen is set (extractSTFT:84)
2024-05-29 20:16:02.313 [ALFpaka] [WARNING] Log_spec ignored when pcen is set (extractSTFT:84)
2024-05-29 20:16:02.313 [ALFpaka] [WARNING] Log_spec ignored when pcen is set (extractSTFT:84)
2024-05-29 20:16:02.314 [ALFpaka] [WARNING] Log_spec ignored when pcen is set (extractSTFT:84)
2024-05-29 20:16:02.314 [ALFpaka] [WARNING] Log_spec ignored when pcen is set (extractSTFT:84)
2024-05-29 20:16:02.314 [ALFpaka] [WARNING] Log_spec ignored when pcen is set (extractSTFT:84)
2024-05-29 20:16:02.315 [ALFpaka] [WARNING] Log_spec ignored when pcen is set (extractSTFT:84)
2024-05-29 20:16:02.315 [ALFpaka] [WARNING] Log_spec ignored when pcen is set (extractSTFT:84)
2024-05-29 20:16:02.315 [ALFpaka] [WARNING] Log_spec ignored when pcen is set (extractSTFT:84)
2024-05-29 20:16:02.315 [ALFpaka] [WARNING] Log_spec ignored when pcen is set (extractSTFT:84)
2024-05-29 20:16:02.316 [ALFpaka] [WARNING] Log_spec ignored when pcen is set (extractSTFT:84)
2024-05-29 20:16:02.316 [ALFpaka] [WARNING] Log_spec ignored when pcen is set (extractSTFT:84)
2024-05-29 20:16:02.316 [ALFpaka] [WARNING] Log_spec ignored when pcen is set (extractSTFT:84)
2024-05-29 20:16:02.316 [ALFpaka] [WARNING] Log_spec ignored when pcen is set (extractSTFT:84)
2024-05-29 20:16:02.316 [ALFpaka] [WARNING] Log_spec ignored when pcen is set (extractSTFT:84)
2024-05-29 20:16:02.317 [ALFpaka] [WARNING] Log_spec ignored when pcen is set (extractSTFT:84)
2024-05-29 20:16:02.317 [ALFpaka] [WARNING] Log_spec ignored when pcen is set (extractSTFT:84)
2024-05-29 20:16:02.318 [ALFpaka] [WARNING] Log_spec ignored when pcen is set (extractSTFT:84)
2024-05-29 20:16:02.319 [ALFpaka] [WARNING] Log_spec ignored when pcen is set (extractSTFT:84)
2024-05-29 20:16:02.318 [ALFpaka] [WARNING] Log_spec ignored when pcen is set (extractSTFT:84)
2024-05-29 20:16:02.317 [ALFpaka] [WARNING] Log_spec ignored when pcen is set (extractSTFT:84)
2024-05-29 20:16:02.319 [ALFpaka] [WARNING] Log_spec ignored when pcen is set (extractSTFT:84)
2024-05-29 20:16:02.318 [ALFpaka] [WARNING] Log_spec ignored when pcen is set (extractSTFT:84)
2024-05-29 20:16:02.318 [ALFpaka] [WARNING] Log_spec ignored when pcen is set (extractSTFT:84)
2024-05-29 20:16:02.320 [ALFpaka] [WARNING] Log_spec ignored when pcen is set (extractSTFT:84)
2024-05-29 20:16:02.321 [ALFpaka] [WARNING] Log_spec ignored when pcen is set (extractSTFT:84)
2024-05-29 20:16:02.321 [ALFpaka] [WARNING] Log_spec ignored when pcen is set (extractSTFT:84)
2024-05-29 20:16:02.321 [ALFpaka] [WARNING] Log_spec ignored when pcen is set (extractSTFT:84)
2024-05-29 20:16:02.321 [ALFpaka] [WARNING] Log_spec ignored when pcen is set (extractSTFT:84)
2024-05-29 20:16:02.321 [ALFpaka] [WARNING] Log_spec ignored when pcen is set (extractSTFT:84)
2024-05-29 20:16:02.322 [ALFpaka] [WARNING] Log_spec ignored when pcen is set (extractSTFT:84)
2024-05-29 20:16:02.323 [ALFpaka] [WARNING] Log_spec ignored when pcen is set (extractSTFT:84)
2024-05-29 20:16:02.323 [ALFpaka] [WARNING] Log_spec ignored when pcen is set (extractSTFT:84)
2024-05-29 20:16:04.494 [ALFpaka] [INFO] Extracting features for class italy with id 2 (extractAndAddFeaturesToDataset:69)
2024-05-29 20:16:05.374 [ALFpaka] [WARNING] Log_spec ignored when pcen is set (extractSTFT:84)
2024-05-29 20:16:05.375 [ALFpaka] [WARNING] Log_spec ignored when pcen is set (extractSTFT:84)
2024-05-29 20:16:05.375 [ALFpaka] [WARNING] Log_spec ignored when pcen is set (extractSTFT:84)
2024-05-29 20:16:05.376 [ALFpaka] [WARNING] Log_spec ignored when pcen is set (extractSTFT:84)
2024-05-29 20:16:05.376 [ALFpaka] [WARNING] Log_spec ignored when pcen is set (extractSTFT:84)
2024-05-29 20:16:05.376 [ALFpaka] [WARNING] Log_spec ignored when pcen is set (extractSTFT:84)
2024-05-29 20:16:05.377 [ALFpaka] [WARNING] Log_spec ignored when pcen is set (extractSTFT:84)
2024-05-29 20:16:05.377 [ALFpaka] [WARNING] Log_spec ignored when pcen is set (extractSTFT:84)
2024-05-29 20:16:05.377 [ALFpaka] [WARNING] Log_spec ignored when pcen is set (extractSTFT:84)
2024-05-29 20:16:05.377 [ALFpaka] [WARNING] Log_spec ignored when pcen is set (extractSTFT:84)
2024-05-29 20:16:05.377 [ALFpaka] [WARNING] Log_spec ignored when pcen is set (extractSTFT:84)
2024-05-29 20:16:05.378 [ALFpaka] [WARNING] Log_spec ignored when pcen is set (extractSTFT:84)
2024-05-29 20:16:05.378 [ALFpaka] [WARNING] Log_spec ignored when pcen is set (extractSTFT:84)
2024-05-29 20:16:05.378 [ALFpaka] [WARNING] Log_spec ignored when pcen is set (extractSTFT:84)
2024-05-29 20:16:05.378 [ALFpaka] [WARNING] Log_spec ignored when pcen is set (extractSTFT:84)
2024-05-29 20:16:05.378 [ALFpaka] [WARNING] Log_spec ignored when pcen is set (extractSTFT:84)
2024-05-29 20:16:05.379 [ALFpaka] [WARNING] Log_spec ignored when pcen is set (extractSTFT:84)
2024-05-29 20:16:05.379 [ALFpaka] [WARNING] Log_spec ignored when pcen is set (extractSTFT:84)
2024-05-29 20:16:05.379 [ALFpaka] [WARNING] Log_spec ignored when pcen is set (extractSTFT:84)
2024-05-29 20:16:05.379 [ALFpaka] [WARNING] Log_spec ignored when pcen is set (extractSTFT:84)
2024-05-29 20:16:05.379 [ALFpaka] [WARNING] Log_spec ignored when pcen is set (extractSTFT:84)
2024-05-29 20:16:05.379 [ALFpaka] [WARNING] Log_spec ignored when pcen is set (extractSTFT:84)
2024-05-29 20:16:05.380 [ALFpaka] [WARNING] Log_spec ignored when pcen is set (extractSTFT:84)
2024-05-29 20:16:05.380 [ALFpaka] [WARNING] Log_spec ignored when pcen is set (extractSTFT:84)
2024-05-29 20:16:05.380 [ALFpaka] [WARNING] Log_spec ignored when pcen is set (extractSTFT:84)
2024-05-29 20:16:05.380 [ALFpaka] [WARNING] Log_spec ignored when pcen is set (extractSTFT:84)
2024-05-29 20:16:05.381 [ALFpaka] [WARNING] Log_spec ignored when pcen is set (extractSTFT:84)
2024-05-29 20:16:05.381 [ALFpaka] [WARNING] Log_spec ignored when pcen is set (extractSTFT:84)
2024-05-29 20:16:05.381 [ALFpaka] [WARNING] Log_spec ignored when pcen is set (extractSTFT:84)
2024-05-29 20:16:05.381 [ALFpaka] [WARNING] Log_spec ignored when pcen is set (extractSTFT:84)
2024-05-29 20:16:05.382 [ALFpaka] [WARNING] Log_spec ignored when pcen is set (extractSTFT:84)
2024-05-29 20:16:05.382 [ALFpaka] [WARNING] Log_spec ignored when pcen is set (extractSTFT:84)
2024-05-29 20:16:05.382 [ALFpaka] [WARNING] Log_spec ignored when pcen is set (extractSTFT:84)
2024-05-29 20:16:05.383 [ALFpaka] [WARNING] Log_spec ignored when pcen is set (extractSTFT:84)
2024-05-29 20:16:05.384 [ALFpaka] [WARNING] Log_spec ignored when pcen is set (extractSTFT:84)
2024-05-29 20:16:05.384 [ALFpaka] [WARNING] Log_spec ignored when pcen is set (extractSTFT:84)
2024-05-29 20:16:05.385 [ALFpaka] [WARNING] Log_spec ignored when pcen is set (extractSTFT:84)
2024-05-29 20:16:05.386 [ALFpaka] [WARNING] Log_spec ignored when pcen is set (extractSTFT:84)
2024-05-29 20:16:05.387 [ALFpaka] [WARNING] Log_spec ignored when pcen is set (extractSTFT:84)
2024-05-29 20:16:05.387 [ALFpaka] [WARNING] Log_spec ignored when pcen is set (extractSTFT:84)
2024-05-29 20:16:05.388 [ALFpaka] [WARNING] Log_spec ignored when pcen is set (extractSTFT:84)
2024-05-29 20:16:05.388 [ALFpaka] [WARNING] Log_spec ignored when pcen is set (extractSTFT:84)
2024-05-29 20:16:05.388 [ALFpaka] [WARNING] Log_spec ignored when pcen is set (extractSTFT:84)
2024-05-29 20:16:05.388 [ALFpaka] [WARNING] Log_spec ignored when pcen is set (extractSTFT:84)
2024-05-29 20:16:05.389 [ALFpaka] [WARNING] Log_spec ignored when pcen is set (extractSTFT:84)
2024-05-29 20:16:05.387 [ALFpaka] [WARNING] Log_spec ignored when pcen is set (extractSTFT:84)
2024-05-29 20:16:05.396 [ALFpaka] [WARNING] Log_spec ignored when pcen is set (extractSTFT:84)
2024-05-29 20:16:05.396 [ALFpaka] [WARNING] Log_spec ignored when pcen is set (extractSTFT:84)
2024-05-29 20:16:06.831 [ALFpaka] [WARNING] Log_spec ignored when pcen is set (extractSTFT:84)
2024-05-29 20:16:06.849 [ALFpaka] [WARNING] Log_spec ignored when pcen is set (extractSTFT:84)
2024-05-29 20:16:06.884 [ALFpaka] [WARNING] Log_spec ignored when pcen is set (extractSTFT:84)
2024-05-29 20:16:06.929 [ALFpaka] [WARNING] Log_spec ignored when pcen is set (extractSTFT:84)
2024-05-29 20:16:06.950 [ALFpaka] [WARNING] Log_spec ignored when pcen is set (extractSTFT:84)
2024-05-29 20:16:07.004 [ALFpaka] [WARNING] Log_spec ignored when pcen is set (extractSTFT:84)
2024-05-29 20:16:07.010 [ALFpaka] [WARNING] Log_spec ignored when pcen is set (extractSTFT:84)
2024-05-29 20:16:07.009 [ALFpaka] [WARNING] Log_spec ignored when pcen is set (extractSTFT:84)
2024-05-29 20:16:07.011 [ALFpaka] [WARNING] Log_spec ignored when pcen is set (extractSTFT:84)
2024-05-29 20:16:07.131 [ALFpaka] [WARNING] Log_spec ignored when pcen is set (extractSTFT:84)
2024-05-29 20:16:07.133 [ALFpaka] [WARNING] Log_spec ignored when pcen is set (extractSTFT:84)
2024-05-29 20:16:07.132 [ALFpaka] [WARNING] Log_spec ignored when pcen is set (extractSTFT:84)
2024-05-29 20:16:07.131 [ALFpaka] [WARNING] Log_spec ignored when pcen is set (extractSTFT:84)
2024-05-29 20:16:07.146 [ALFpaka] [WARNING] Log_spec ignored when pcen is set (extractSTFT:84)
2024-05-29 20:16:07.181 [ALFpaka] [WARNING] Log_spec ignored when pcen is set (extractSTFT:84)
2024-05-29 20:16:07.179 [ALFpaka] [WARNING] Log_spec ignored when pcen is set (extractSTFT:84)
2024-05-29 20:16:07.185 [ALFpaka] [WARNING] Log_spec ignored when pcen is set (extractSTFT:84)
2024-05-29 20:16:07.182 [ALFpaka] [WARNING] Log_spec ignored when pcen is set (extractSTFT:84)
2024-05-29 20:16:07.183 [ALFpaka] [WARNING] Log_spec ignored when pcen is set (extractSTFT:84)
2024-05-29 20:16:07.180 [ALFpaka] [WARNING] Log_spec ignored when pcen is set (extractSTFT:84)
2024-05-29 20:16:07.184 [ALFpaka] [WARNING] Log_spec ignored when pcen is set (extractSTFT:84)
2024-05-29 20:16:07.229 [ALFpaka] [WARNING] Log_spec ignored when pcen is set (extractSTFT:84)
2024-05-29 20:16:07.234 [ALFpaka] [WARNING] Log_spec ignored when pcen is set (extractSTFT:84)
2024-05-29 20:16:07.234 [ALFpaka] [WARNING] Log_spec ignored when pcen is set (extractSTFT:84)
2024-05-29 20:16:07.240 [ALFpaka] [WARNING] Log_spec ignored when pcen is set (extractSTFT:84)
2024-05-29 20:16:07.253 [ALFpaka] [WARNING] Log_spec ignored when pcen is set (extractSTFT:84)
2024-05-29 20:16:09.470 [ALFpaka] [INFO] Extracting features for class nosirens with id 4 (extractAndAddFeaturesToDataset:69)
2024-05-29 20:16:10.416 [ALFpaka] [WARNING] Log_spec ignored when pcen is set (extractSTFT:84)
2024-05-29 20:16:10.416 [ALFpaka] [WARNING] Log_spec ignored when pcen is set (extractSTFT:84)
2024-05-29 20:16:10.416 [ALFpaka] [WARNING] Log_spec ignored when pcen is set (extractSTFT:84)
2024-05-29 20:16:10.416 [ALFpaka] [WARNING] Log_spec ignored when pcen is set (extractSTFT:84)
2024-05-29 20:16:10.417 [ALFpaka] [WARNING] Log_spec ignored when pcen is set (extractSTFT:84)
2024-05-29 20:16:10.417 [ALFpaka] [WARNING] Log_spec ignored when pcen is set (extractSTFT:84)
2024-05-29 20:16:10.417 [ALFpaka] [WARNING] Log_spec ignored when pcen is set (extractSTFT:84)
2024-05-29 20:16:10.417 [ALFpaka] [WARNING] Log_spec ignored when pcen is set (extractSTFT:84)
2024-05-29 20:16:10.417 [ALFpaka] [WARNING] Log_spec ignored when pcen is set (extractSTFT:84)
2024-05-29 20:16:10.418 [ALFpaka] [WARNING] Log_spec ignored when pcen is set (extractSTFT:84)
2024-05-29 20:16:10.417 [ALFpaka] [WARNING] Log_spec ignored when pcen is set (extractSTFT:84)
2024-05-29 20:16:10.418 [ALFpaka] [WARNING] Log_spec ignored when pcen is set (extractSTFT:84)
2024-05-29 20:16:10.418 [ALFpaka] [WARNING] Log_spec ignored when pcen is set (extractSTFT:84)
2024-05-29 20:16:10.418 [ALFpaka] [WARNING] Log_spec ignored when pcen is set (extractSTFT:84)
2024-05-29 20:16:10.418 [ALFpaka] [WARNING] Log_spec ignored when pcen is set (extractSTFT:84)
2024-05-29 20:16:10.418 [ALFpaka] [WARNING] Log_spec ignored when pcen is set (extractSTFT:84)
2024-05-29 20:16:10.419 [ALFpaka] [WARNING] Log_spec ignored when pcen is set (extractSTFT:84)
2024-05-29 20:16:10.419 [ALFpaka] [WARNING] Log_spec ignored when pcen is set (extractSTFT:84)
2024-05-29 20:16:10.419 [ALFpaka] [WARNING] Log_spec ignored when pcen is set (extractSTFT:84)
2024-05-29 20:16:10.419 [ALFpaka] [WARNING] Log_spec ignored when pcen is set (extractSTFT:84)
2024-05-29 20:16:10.419 [ALFpaka] [WARNING] Log_spec ignored when pcen is set (extractSTFT:84)
2024-05-29 20:16:10.420 [ALFpaka] [WARNING] Log_spec ignored when pcen is set (extractSTFT:84)
2024-05-29 20:16:10.420 [ALFpaka] [WARNING] Log_spec ignored when pcen is set (extractSTFT:84)
2024-05-29 20:16:10.420 [ALFpaka] [WARNING] Log_spec ignored when pcen is set (extractSTFT:84)
2024-05-29 20:16:10.420 [ALFpaka] [WARNING] Log_spec ignored when pcen is set (extractSTFT:84)
2024-05-29 20:16:10.426 [ALFpaka] [WARNING] Log_spec ignored when pcen is set (extractSTFT:84)
2024-05-29 20:16:10.426 [ALFpaka] [WARNING] Log_spec ignored when pcen is set (extractSTFT:84)
2024-05-29 20:16:10.421 [ALFpaka] [WARNING] Log_spec ignored when pcen is set (extractSTFT:84)
2024-05-29 20:16:10.421 [ALFpaka] [WARNING] Log_spec ignored when pcen is set (extractSTFT:84)
2024-05-29 20:16:10.421 [ALFpaka] [WARNING] Log_spec ignored when pcen is set (extractSTFT:84)
2024-05-29 20:16:10.425 [ALFpaka] [WARNING] Log_spec ignored when pcen is set (extractSTFT:84)
2024-05-29 20:16:10.427 [ALFpaka] [WARNING] Log_spec ignored when pcen is set (extractSTFT:84)
2024-05-29 20:16:10.429 [ALFpaka] [WARNING] Log_spec ignored when pcen is set (extractSTFT:84)
2024-05-29 20:16:10.422 [ALFpaka] [WARNING] Log_spec ignored when pcen is set (extractSTFT:84)
2024-05-29 20:16:10.429 [ALFpaka] [WARNING] Log_spec ignored when pcen is set (extractSTFT:84)
2024-05-29 20:16:10.429 [ALFpaka] [WARNING] Log_spec ignored when pcen is set (extractSTFT:84)
2024-05-29 20:16:10.422 [ALFpaka] [WARNING] Log_spec ignored when pcen is set (extractSTFT:84)
2024-05-29 20:16:10.424 [ALFpaka] [WARNING] Log_spec ignored when pcen is set (extractSTFT:84)
2024-05-29 20:16:10.426 [ALFpaka] [WARNING] Log_spec ignored when pcen is set (extractSTFT:84)
2024-05-29 20:16:10.427 [ALFpaka] [WARNING] Log_spec ignored when pcen is set (extractSTFT:84)
2024-05-29 20:16:10.429 [ALFpaka] [WARNING] Log_spec ignored when pcen is set (extractSTFT:84)
2024-05-29 20:16:10.428 [ALFpaka] [WARNING] Log_spec ignored when pcen is set (extractSTFT:84)
2024-05-29 20:16:10.427 [ALFpaka] [WARNING] Log_spec ignored when pcen is set (extractSTFT:84)
2024-05-29 20:16:10.429 [ALFpaka] [WARNING] Log_spec ignored when pcen is set (extractSTFT:84)
2024-05-29 20:16:10.430 [ALFpaka] [WARNING] Log_spec ignored when pcen is set (extractSTFT:84)
2024-05-29 20:16:10.428 [ALFpaka] [WARNING] Log_spec ignored when pcen is set (extractSTFT:84)
2024-05-29 20:16:10.423 [ALFpaka] [WARNING] Log_spec ignored when pcen is set (extractSTFT:84)
2024-05-29 20:16:10.436 [ALFpaka] [WARNING] Log_spec ignored when pcen is set (extractSTFT:84)
2024-05-29 20:16:11.292 [ALFpaka] [WARNING] Log_spec ignored when pcen is set (extractSTFT:84)
2024-05-29 20:16:11.850 [ALFpaka] [WARNING] Log_spec ignored when pcen is set (extractSTFT:84)
2024-05-29 20:16:11.876 [ALFpaka] [WARNING] Log_spec ignored when pcen is set (extractSTFT:84)
2024-05-29 20:16:11.963 [ALFpaka] [WARNING] Log_spec ignored when pcen is set (extractSTFT:84)
2024-05-29 20:16:11.962 [ALFpaka] [WARNING] Log_spec ignored when pcen is set (extractSTFT:84)
2024-05-29 20:16:11.964 [ALFpaka] [WARNING] Log_spec ignored when pcen is set (extractSTFT:84)
2024-05-29 20:16:12.087 [ALFpaka] [WARNING] Log_spec ignored when pcen is set (extractSTFT:84)
2024-05-29 20:16:12.088 [ALFpaka] [WARNING] Log_spec ignored when pcen is set (extractSTFT:84)
2024-05-29 20:16:12.086 [ALFpaka] [WARNING] Log_spec ignored when pcen is set (extractSTFT:84)
2024-05-29 20:16:12.090 [ALFpaka] [WARNING] Log_spec ignored when pcen is set (extractSTFT:84)
2024-05-29 20:16:12.084 [ALFpaka] [WARNING] Log_spec ignored when pcen is set (extractSTFT:84)
2024-05-29 20:16:12.087 [ALFpaka] [WARNING] Log_spec ignored when pcen is set (extractSTFT:84)
2024-05-29 20:16:12.091 [ALFpaka] [WARNING] Log_spec ignored when pcen is set (extractSTFT:84)
2024-05-29 20:16:12.138 [ALFpaka] [WARNING] Log_spec ignored when pcen is set (extractSTFT:84)
2024-05-29 20:16:12.138 [ALFpaka] [WARNING] Log_spec ignored when pcen is set (extractSTFT:84)
2024-05-29 20:16:12.136 [ALFpaka] [WARNING] Log_spec ignored when pcen is set (extractSTFT:84)
2024-05-29 20:16:12.174 [ALFpaka] [WARNING] Log_spec ignored when pcen is set (extractSTFT:84)
2024-05-29 20:16:12.166 [ALFpaka] [WARNING] Log_spec ignored when pcen is set (extractSTFT:84)
2024-05-29 20:16:12.206 [ALFpaka] [WARNING] Log_spec ignored when pcen is set (extractSTFT:84)
2024-05-29 20:16:12.209 [ALFpaka] [WARNING] Log_spec ignored when pcen is set (extractSTFT:84)
2024-05-29 20:16:12.303 [ALFpaka] [WARNING] Log_spec ignored when pcen is set (extractSTFT:84)
2024-05-29 20:16:12.302 [ALFpaka] [WARNING] Log_spec ignored when pcen is set (extractSTFT:84)
2024-05-29 20:16:12.304 [ALFpaka] [WARNING] Log_spec ignored when pcen is set (extractSTFT:84)
2024-05-29 20:16:12.308 [ALFpaka] [WARNING] Log_spec ignored when pcen is set (extractSTFT:84)
2024-05-29 20:16:12.391 [ALFpaka] [WARNING] Log_spec ignored when pcen is set (extractSTFT:84)
2024-05-29 20:16:12.432 [ALFpaka] [WARNING] Log_spec ignored when pcen is set (extractSTFT:84)
2024-05-29 20:16:12.457 [ALFpaka] [WARNING] Log_spec ignored when pcen is set (extractSTFT:84)
2024-05-29 20:16:12.460 [ALFpaka] [WARNING] Log_spec ignored when pcen is set (extractSTFT:84)
2024-05-29 20:16:12.480 [ALFpaka] [WARNING] Log_spec ignored when pcen is set (extractSTFT:84)
2024-05-29 20:16:12.511 [ALFpaka] [WARNING] Log_spec ignored when pcen is set (extractSTFT:84)
2024-05-29 20:16:12.535 [ALFpaka] [WARNING] Log_spec ignored when pcen is set (extractSTFT:84)
2024-05-29 20:16:12.545 [ALFpaka] [WARNING] Log_spec ignored when pcen is set (extractSTFT:84)
2024-05-29 20:16:12.554 [ALFpaka] [WARNING] Log_spec ignored when pcen is set (extractSTFT:84)
2024-05-29 20:16:12.627 [ALFpaka] [WARNING] Log_spec ignored when pcen is set (extractSTFT:84)
2024-05-29 20:16:12.743 [ALFpaka] [WARNING] Log_spec ignored when pcen is set (extractSTFT:84)
2024-05-29 20:16:12.744 [ALFpaka] [WARNING] Log_spec ignored when pcen is set (extractSTFT:84)
2024-05-29 20:16:12.931 [ALFpaka] [WARNING] Log_spec ignored when pcen is set (extractSTFT:84)
2024-05-29 20:16:12.968 [ALFpaka] [WARNING] Log_spec ignored when pcen is set (extractSTFT:84)
2024-05-29 20:16:12.967 [ALFpaka] [WARNING] Log_spec ignored when pcen is set (extractSTFT:84)
2024-05-29 20:16:12.987 [ALFpaka] [WARNING] Log_spec ignored when pcen is set (extractSTFT:84)
2024-05-29 20:16:13.073 [ALFpaka] [WARNING] Log_spec ignored when pcen is set (extractSTFT:84)
2024-05-29 20:16:13.225 [ALFpaka] [WARNING] Log_spec ignored when pcen is set (extractSTFT:84)
2024-05-29 20:16:13.423 [ALFpaka] [WARNING] Log_spec ignored when pcen is set (extractSTFT:84)
2024-05-29 20:16:13.576 [ALFpaka] [WARNING] Log_spec ignored when pcen is set (extractSTFT:84)
2024-05-29 20:16:13.322 [ALFpaka] [WARNING] Log_spec ignored when pcen is set (extractSTFT:84)
2024-05-29 20:16:13.438 [ALFpaka] [WARNING] Log_spec ignored when pcen is set (extractSTFT:84)
2024-05-29 20:16:13.649 [ALFpaka] [WARNING] Log_spec ignored when pcen is set (extractSTFT:84)
2024-05-29 20:16:14.048 [ALFpaka] [WARNING] Log_spec ignored when pcen is set (extractSTFT:84)
2024-05-29 20:16:14.081 [ALFpaka] [WARNING] Log_spec ignored when pcen is set (extractSTFT:84)
2024-05-29 20:16:14.081 [ALFpaka] [WARNING] Log_spec ignored when pcen is set (extractSTFT:84)
2024-05-29 20:16:14.256 [ALFpaka] [WARNING] Log_spec ignored when pcen is set (extractSTFT:84)
2024-05-29 20:16:14.530 [ALFpaka] [WARNING] Log_spec ignored when pcen is set (extractSTFT:84)
2024-05-29 20:16:14.531 [ALFpaka] [WARNING] Log_spec ignored when pcen is set (extractSTFT:84)
2024-05-29 20:16:14.528 [ALFpaka] [WARNING] Log_spec ignored when pcen is set (extractSTFT:84)
2024-05-29 20:16:14.529 [ALFpaka] [WARNING] Log_spec ignored when pcen is set (extractSTFT:84)
2024-05-29 20:16:14.622 [ALFpaka] [WARNING] Log_spec ignored when pcen is set (extractSTFT:84)
2024-05-29 20:16:14.640 [ALFpaka] [WARNING] Log_spec ignored when pcen is set (extractSTFT:84)
2024-05-29 20:16:14.944 [ALFpaka] [WARNING] Log_spec ignored when pcen is set (extractSTFT:84)
2024-05-29 20:16:15.003 [ALFpaka] [WARNING] Log_spec ignored when pcen is set (extractSTFT:84)
2024-05-29 20:16:15.080 [ALFpaka] [WARNING] Log_spec ignored when pcen is set (extractSTFT:84)
2024-05-29 20:16:15.114 [ALFpaka] [WARNING] Log_spec ignored when pcen is set (extractSTFT:84)
2024-05-29 20:16:15.142 [ALFpaka] [WARNING] Log_spec ignored when pcen is set (extractSTFT:84)
2024-05-29 20:16:15.208 [ALFpaka] [WARNING] Log_spec ignored when pcen is set (extractSTFT:84)
2024-05-29 20:16:15.218 [ALFpaka] [WARNING] Log_spec ignored when pcen is set (extractSTFT:84)
2024-05-29 20:16:15.224 [ALFpaka] [WARNING] Log_spec ignored when pcen is set (extractSTFT:84)
2024-05-29 20:16:15.238 [ALFpaka] [WARNING] Log_spec ignored when pcen is set (extractSTFT:84)
2024-05-29 20:16:15.248 [ALFpaka] [WARNING] Log_spec ignored when pcen is set (extractSTFT:84)
2024-05-29 20:16:15.246 [ALFpaka] [WARNING] Log_spec ignored when pcen is set (extractSTFT:84)
2024-05-29 20:16:15.248 [ALFpaka] [WARNING] Log_spec ignored when pcen is set (extractSTFT:84)
2024-05-29 20:16:15.249 [ALFpaka] [WARNING] Log_spec ignored when pcen is set (extractSTFT:84)
2024-05-29 20:16:15.247 [ALFpaka] [WARNING] Log_spec ignored when pcen is set (extractSTFT:84)
2024-05-29 20:16:15.273 [ALFpaka] [WARNING] Log_spec ignored when pcen is set (extractSTFT:84)
2024-05-29 20:16:15.274 [ALFpaka] [WARNING] Log_spec ignored when pcen is set (extractSTFT:84)
2024-05-29 20:16:15.276 [ALFpaka] [WARNING] Log_spec ignored when pcen is set (extractSTFT:84)
2024-05-29 20:16:15.284 [ALFpaka] [WARNING] Log_spec ignored when pcen is set (extractSTFT:84)
2024-05-29 20:16:15.291 [ALFpaka] [WARNING] Log_spec ignored when pcen is set (extractSTFT:84)
2024-05-29 20:16:15.313 [ALFpaka] [WARNING] Log_spec ignored when pcen is set (extractSTFT:84)
2024-05-29 20:16:15.312 [ALFpaka] [WARNING] Log_spec ignored when pcen is set (extractSTFT:84)
2024-05-29 20:16:15.339 [ALFpaka] [WARNING] Log_spec ignored when pcen is set (extractSTFT:84)
2024-05-29 20:16:15.661 [ALFpaka] [WARNING] Log_spec ignored when pcen is set (extractSTFT:84)
2024-05-29 20:16:15.662 [ALFpaka] [WARNING] Log_spec ignored when pcen is set (extractSTFT:84)
2024-05-29 20:16:15.661 [ALFpaka] [WARNING] Log_spec ignored when pcen is set (extractSTFT:84)
2024-05-29 20:16:15.785 [ALFpaka] [WARNING] Log_spec ignored when pcen is set (extractSTFT:84)
2024-05-29 20:16:15.953 [ALFpaka] [WARNING] Log_spec ignored when pcen is set (extractSTFT:84)
2024-05-29 20:16:15.948 [ALFpaka] [WARNING] Log_spec ignored when pcen is set (extractSTFT:84)
2024-05-29 20:16:15.947 [ALFpaka] [WARNING] Log_spec ignored when pcen is set (extractSTFT:84)
2024-05-29 20:16:16.123 [ALFpaka] [WARNING] Log_spec ignored when pcen is set (extractSTFT:84)
2024-05-29 20:16:16.122 [ALFpaka] [WARNING] Log_spec ignored when pcen is set (extractSTFT:84)
2024-05-29 20:16:16.175 [ALFpaka] [WARNING] Log_spec ignored when pcen is set (extractSTFT:84)
2024-05-29 20:16:16.264 [ALFpaka] [WARNING] Log_spec ignored when pcen is set (extractSTFT:84)
2024-05-29 20:16:16.263 [ALFpaka] [WARNING] Log_spec ignored when pcen is set (extractSTFT:84)
2024-05-29 20:16:16.429 [ALFpaka] [WARNING] Log_spec ignored when pcen is set (extractSTFT:84)
2024-05-29 20:16:16.453 [ALFpaka] [WARNING] Log_spec ignored when pcen is set (extractSTFT:84)
2024-05-29 20:16:16.262 [ALFpaka] [WARNING] Log_spec ignored when pcen is set (extractSTFT:84)
2024-05-29 20:16:16.550 [ALFpaka] [WARNING] Log_spec ignored when pcen is set (extractSTFT:84)
2024-05-29 20:16:16.637 [ALFpaka] [WARNING] Log_spec ignored when pcen is set (extractSTFT:84)
2024-05-29 20:16:16.676 [ALFpaka] [WARNING] Log_spec ignored when pcen is set (extractSTFT:84)
2024-05-29 20:16:16.825 [ALFpaka] [WARNING] Log_spec ignored when pcen is set (extractSTFT:84)
2024-05-29 20:16:16.840 [ALFpaka] [WARNING] Log_spec ignored when pcen is set (extractSTFT:84)
2024-05-29 20:16:17.179 [ALFpaka] [WARNING] Log_spec ignored when pcen is set (extractSTFT:84)
2024-05-29 20:16:17.174 [ALFpaka] [WARNING] Log_spec ignored when pcen is set (extractSTFT:84)
2024-05-29 20:16:17.181 [ALFpaka] [WARNING] Log_spec ignored when pcen is set (extractSTFT:84)
2024-05-29 20:16:17.182 [ALFpaka] [WARNING] Log_spec ignored when pcen is set (extractSTFT:84)
2024-05-29 20:16:17.180 [ALFpaka] [WARNING] Log_spec ignored when pcen is set (extractSTFT:84)
2024-05-29 20:16:17.179 [ALFpaka] [WARNING] Log_spec ignored when pcen is set (extractSTFT:84)
2024-05-29 20:16:17.189 [ALFpaka] [WARNING] Log_spec ignored when pcen is set (extractSTFT:84)
2024-05-29 20:16:17.203 [ALFpaka] [WARNING] Log_spec ignored when pcen is set (extractSTFT:84)
2024-05-29 20:16:17.666 [ALFpaka] [WARNING] Log_spec ignored when pcen is set (extractSTFT:84)
2024-05-29 20:16:17.669 [ALFpaka] [WARNING] Log_spec ignored when pcen is set (extractSTFT:84)
2024-05-29 20:16:17.670 [ALFpaka] [WARNING] Log_spec ignored when pcen is set (extractSTFT:84)
2024-05-29 20:16:17.693 [ALFpaka] [WARNING] Log_spec ignored when pcen is set (extractSTFT:84)
2024-05-29 20:16:18.050 [ALFpaka] [WARNING] Log_spec ignored when pcen is set (extractSTFT:84)
2024-05-29 20:16:18.050 [ALFpaka] [WARNING] Log_spec ignored when pcen is set (extractSTFT:84)
2024-05-29 20:16:18.053 [ALFpaka] [WARNING] Log_spec ignored when pcen is set (extractSTFT:84)
2024-05-29 20:16:18.052 [ALFpaka] [WARNING] Log_spec ignored when pcen is set (extractSTFT:84)
2024-05-29 20:16:18.051 [ALFpaka] [WARNING] Log_spec ignored when pcen is set (extractSTFT:84)
2024-05-29 20:16:18.055 [ALFpaka] [WARNING] Log_spec ignored when pcen is set (extractSTFT:84)
2024-05-29 20:16:18.055 [ALFpaka] [WARNING] Log_spec ignored when pcen is set (extractSTFT:84)
2024-05-29 20:16:18.056 [ALFpaka] [WARNING] Log_spec ignored when pcen is set (extractSTFT:84)
2024-05-29 20:16:18.215 [ALFpaka] [WARNING] Log_spec ignored when pcen is set (extractSTFT:84)
2024-05-29 20:16:18.398 [ALFpaka] [WARNING] Log_spec ignored when pcen is set (extractSTFT:84)
2024-05-29 20:16:18.433 [ALFpaka] [WARNING] Log_spec ignored when pcen is set (extractSTFT:84)
2024-05-29 20:16:18.432 [ALFpaka] [WARNING] Log_spec ignored when pcen is set (extractSTFT:84)
2024-05-29 20:16:18.434 [ALFpaka] [WARNING] Log_spec ignored when pcen is set (extractSTFT:84)
2024-05-29 20:16:18.459 [ALFpaka] [WARNING] Log_spec ignored when pcen is set (extractSTFT:84)
2024-05-29 20:16:18.435 [ALFpaka] [WARNING] Log_spec ignored when pcen is set (extractSTFT:84)
2024-05-29 20:16:18.501 [ALFpaka] [WARNING] Log_spec ignored when pcen is set (extractSTFT:84)
2024-05-29 20:16:18.515 [ALFpaka] [WARNING] Log_spec ignored when pcen is set (extractSTFT:84)
2024-05-29 20:16:18.533 [ALFpaka] [WARNING] Log_spec ignored when pcen is set (extractSTFT:84)
2024-05-29 20:16:18.565 [ALFpaka] [WARNING] Log_spec ignored when pcen is set (extractSTFT:84)
2024-05-29 20:16:18.624 [ALFpaka] [WARNING] Log_spec ignored when pcen is set (extractSTFT:84)
2024-05-29 20:16:18.765 [ALFpaka] [WARNING] Log_spec ignored when pcen is set (extractSTFT:84)
2024-05-29 20:16:18.959 [ALFpaka] [WARNING] Log_spec ignored when pcen is set (extractSTFT:84)
2024-05-29 20:16:18.961 [ALFpaka] [WARNING] Log_spec ignored when pcen is set (extractSTFT:84)
2024-05-29 20:16:18.975 [ALFpaka] [WARNING] Log_spec ignored when pcen is set (extractSTFT:84)
2024-05-29 20:16:19.281 [ALFpaka] [WARNING] Log_spec ignored when pcen is set (extractSTFT:84)
2024-05-29 20:16:19.281 [ALFpaka] [WARNING] Log_spec ignored when pcen is set (extractSTFT:84)
2024-05-29 20:16:19.282 [ALFpaka] [WARNING] Log_spec ignored when pcen is set (extractSTFT:84)
2024-05-29 20:16:19.282 [ALFpaka] [WARNING] Log_spec ignored when pcen is set (extractSTFT:84)
2024-05-29 20:16:19.284 [ALFpaka] [WARNING] Log_spec ignored when pcen is set (extractSTFT:84)
2024-05-29 20:16:19.284 [ALFpaka] [WARNING] Log_spec ignored when pcen is set (extractSTFT:84)
2024-05-29 20:16:19.384 [ALFpaka] [WARNING] Log_spec ignored when pcen is set (extractSTFT:84)
2024-05-29 20:16:19.389 [ALFpaka] [WARNING] Log_spec ignored when pcen is set (extractSTFT:84)
2024-05-29 20:16:19.456 [ALFpaka] [WARNING] Log_spec ignored when pcen is set (extractSTFT:84)
2024-05-29 20:16:19.523 [ALFpaka] [WARNING] Log_spec ignored when pcen is set (extractSTFT:84)
2024-05-29 20:16:19.607 [ALFpaka] [WARNING] Log_spec ignored when pcen is set (extractSTFT:84)
2024-05-29 20:16:20.046 [ALFpaka] [WARNING] Log_spec ignored when pcen is set (extractSTFT:84)
2024-05-29 20:16:20.046 [ALFpaka] [WARNING] Log_spec ignored when pcen is set (extractSTFT:84)
2024-05-29 20:16:20.051 [ALFpaka] [WARNING] Log_spec ignored when pcen is set (extractSTFT:84)
2024-05-29 20:16:20.054 [ALFpaka] [WARNING] Log_spec ignored when pcen is set (extractSTFT:84)
2024-05-29 20:16:20.093 [ALFpaka] [WARNING] Log_spec ignored when pcen is set (extractSTFT:84)
2024-05-29 20:16:20.146 [ALFpaka] [WARNING] Log_spec ignored when pcen is set (extractSTFT:84)
2024-05-29 20:16:20.146 [ALFpaka] [WARNING] Log_spec ignored when pcen is set (extractSTFT:84)
2024-05-29 20:16:20.148 [ALFpaka] [WARNING] Log_spec ignored when pcen is set (extractSTFT:84)
2024-05-29 20:16:20.204 [ALFpaka] [WARNING] Log_spec ignored when pcen is set (extractSTFT:84)
2024-05-29 20:16:20.661 [ALFpaka] [WARNING] Log_spec ignored when pcen is set (extractSTFT:84)
2024-05-29 20:16:20.659 [ALFpaka] [WARNING] Log_spec ignored when pcen is set (extractSTFT:84)
2024-05-29 20:16:20.660 [ALFpaka] [WARNING] Log_spec ignored when pcen is set (extractSTFT:84)
2024-05-29 20:16:20.663 [ALFpaka] [WARNING] Log_spec ignored when pcen is set (extractSTFT:84)
2024-05-29 20:16:20.661 [ALFpaka] [WARNING] Log_spec ignored when pcen is set (extractSTFT:84)
2024-05-29 20:16:20.663 [ALFpaka] [WARNING] Log_spec ignored when pcen is set (extractSTFT:84)
2024-05-29 20:16:20.722 [ALFpaka] [WARNING] Log_spec ignored when pcen is set (extractSTFT:84)
2024-05-29 20:16:20.721 [ALFpaka] [WARNING] Log_spec ignored when pcen is set (extractSTFT:84)
2024-05-29 20:16:21.034 [ALFpaka] [WARNING] Log_spec ignored when pcen is set (extractSTFT:84)
2024-05-29 20:16:21.217 [ALFpaka] [WARNING] Log_spec ignored when pcen is set (extractSTFT:84)
2024-05-29 20:16:21.215 [ALFpaka] [WARNING] Log_spec ignored when pcen is set (extractSTFT:84)
2024-05-29 20:16:21.216 [ALFpaka] [WARNING] Log_spec ignored when pcen is set (extractSTFT:84)
2024-05-29 20:16:21.218 [ALFpaka] [WARNING] Log_spec ignored when pcen is set (extractSTFT:84)
2024-05-29 20:16:21.238 [ALFpaka] [WARNING] Log_spec ignored when pcen is set (extractSTFT:84)
2024-05-29 20:16:21.238 [ALFpaka] [WARNING] Log_spec ignored when pcen is set (extractSTFT:84)
2024-05-29 20:16:21.239 [ALFpaka] [WARNING] Log_spec ignored when pcen is set (extractSTFT:84)
2024-05-29 20:16:21.239 [ALFpaka] [WARNING] Log_spec ignored when pcen is set (extractSTFT:84)
2024-05-29 20:16:21.256 [ALFpaka] [WARNING] Log_spec ignored when pcen is set (extractSTFT:84)
2024-05-29 20:16:21.258 [ALFpaka] [WARNING] Log_spec ignored when pcen is set (extractSTFT:84)
2024-05-29 20:16:21.272 [ALFpaka] [WARNING] Log_spec ignored when pcen is set (extractSTFT:84)
2024-05-29 20:16:21.282 [ALFpaka] [WARNING] Log_spec ignored when pcen is set (extractSTFT:84)
2024-05-29 20:16:21.283 [ALFpaka] [WARNING] Log_spec ignored when pcen is set (extractSTFT:84)
2024-05-29 20:16:21.315 [ALFpaka] [WARNING] Log_spec ignored when pcen is set (extractSTFT:84)
2024-05-29 20:16:21.320 [ALFpaka] [WARNING] Log_spec ignored when pcen is set (extractSTFT:84)
2024-05-29 20:16:21.324 [ALFpaka] [WARNING] Log_spec ignored when pcen is set (extractSTFT:84)
2024-05-29 20:16:21.327 [ALFpaka] [WARNING] Log_spec ignored when pcen is set (extractSTFT:84)
2024-05-29 20:16:21.382 [ALFpaka] [WARNING] Log_spec ignored when pcen is set (extractSTFT:84)
2024-05-29 20:16:21.383 [ALFpaka] [WARNING] Log_spec ignored when pcen is set (extractSTFT:84)
2024-05-29 20:16:21.381 [ALFpaka] [WARNING] Log_spec ignored when pcen is set (extractSTFT:84)
2024-05-29 20:16:21.383 [ALFpaka] [WARNING] Log_spec ignored when pcen is set (extractSTFT:84)
2024-05-29 20:16:21.384 [ALFpaka] [WARNING] Log_spec ignored when pcen is set (extractSTFT:84)
2024-05-29 20:16:21.550 [ALFpaka] [WARNING] Log_spec ignored when pcen is set (extractSTFT:84)
2024-05-29 20:16:21.564 [ALFpaka] [WARNING] Log_spec ignored when pcen is set (extractSTFT:84)
2024-05-29 20:16:21.666 [ALFpaka] [WARNING] Log_spec ignored when pcen is set (extractSTFT:84)
2024-05-29 20:16:21.834 [ALFpaka] [WARNING] Log_spec ignored when pcen is set (extractSTFT:84)
2024-05-29 20:16:21.847 [ALFpaka] [WARNING] Log_spec ignored when pcen is set (extractSTFT:84)
2024-05-29 20:16:21.996 [ALFpaka] [WARNING] Log_spec ignored when pcen is set (extractSTFT:84)
2024-05-29 20:16:22.020 [ALFpaka] [WARNING] Log_spec ignored when pcen is set (extractSTFT:84)
2024-05-29 20:16:22.052 [ALFpaka] [WARNING] Log_spec ignored when pcen is set (extractSTFT:84)
2024-05-29 20:16:22.051 [ALFpaka] [WARNING] Log_spec ignored when pcen is set (extractSTFT:84)
2024-05-29 20:16:22.245 [ALFpaka] [WARNING] Log_spec ignored when pcen is set (extractSTFT:84)
2024-05-29 20:16:22.257 [ALFpaka] [WARNING] Log_spec ignored when pcen is set (extractSTFT:84)
2024-05-29 20:16:22.450 [ALFpaka] [WARNING] Log_spec ignored when pcen is set (extractSTFT:84)
2024-05-29 20:16:22.611 [ALFpaka] [WARNING] Log_spec ignored when pcen is set (extractSTFT:84)
2024-05-29 20:16:22.701 [ALFpaka] [WARNING] Log_spec ignored when pcen is set (extractSTFT:84)
2024-05-29 20:16:22.709 [ALFpaka] [WARNING] Log_spec ignored when pcen is set (extractSTFT:84)
2024-05-29 20:16:22.793 [ALFpaka] [WARNING] Log_spec ignored when pcen is set (extractSTFT:84)
2024-05-29 20:16:22.872 [ALFpaka] [WARNING] Log_spec ignored when pcen is set (extractSTFT:84)
2024-05-29 20:16:22.953 [ALFpaka] [WARNING] Log_spec ignored when pcen is set (extractSTFT:84)
2024-05-29 20:16:23.434 [ALFpaka] [WARNING] Log_spec ignored when pcen is set (extractSTFT:84)
2024-05-29 20:16:23.434 [ALFpaka] [WARNING] Log_spec ignored when pcen is set (extractSTFT:84)
2024-05-29 20:16:23.435 [ALFpaka] [WARNING] Log_spec ignored when pcen is set (extractSTFT:84)
2024-05-29 20:16:23.437 [ALFpaka] [WARNING] Log_spec ignored when pcen is set (extractSTFT:84)
2024-05-29 20:16:23.436 [ALFpaka] [WARNING] Log_spec ignored when pcen is set (extractSTFT:84)
2024-05-29 20:16:23.983 [ALFpaka] [WARNING] Log_spec ignored when pcen is set (extractSTFT:84)
2024-05-29 20:16:23.982 [ALFpaka] [WARNING] Log_spec ignored when pcen is set (extractSTFT:84)
2024-05-29 20:16:23.984 [ALFpaka] [WARNING] Log_spec ignored when pcen is set (extractSTFT:84)
2024-05-29 20:16:23.981 [ALFpaka] [WARNING] Log_spec ignored when pcen is set (extractSTFT:84)
2024-05-29 20:16:23.984 [ALFpaka] [WARNING] Log_spec ignored when pcen is set (extractSTFT:84)
2024-05-29 20:16:24.003 [ALFpaka] [WARNING] Log_spec ignored when pcen is set (extractSTFT:84)
2024-05-29 20:16:23.987 [ALFpaka] [WARNING] Log_spec ignored when pcen is set (extractSTFT:84)
2024-05-29 20:16:24.020 [ALFpaka] [WARNING] Log_spec ignored when pcen is set (extractSTFT:84)
2024-05-29 20:16:23.988 [ALFpaka] [WARNING] Log_spec ignored when pcen is set (extractSTFT:84)
2024-05-29 20:16:23.989 [ALFpaka] [WARNING] Log_spec ignored when pcen is set (extractSTFT:84)
2024-05-29 20:16:24.031 [ALFpaka] [WARNING] Log_spec ignored when pcen is set (extractSTFT:84)
2024-05-29 20:16:23.990 [ALFpaka] [WARNING] Log_spec ignored when pcen is set (extractSTFT:84)
2024-05-29 20:16:23.991 [ALFpaka] [WARNING] Log_spec ignored when pcen is set (extractSTFT:84)
2024-05-29 20:16:24.046 [ALFpaka] [WARNING] Log_spec ignored when pcen is set (extractSTFT:84)
2024-05-29 20:16:23.989 [ALFpaka] [WARNING] Log_spec ignored when pcen is set (extractSTFT:84)
2024-05-29 20:16:24.055 [ALFpaka] [WARNING] Log_spec ignored when pcen is set (extractSTFT:84)
2024-05-29 20:16:23.986 [ALFpaka] [WARNING] Log_spec ignored when pcen is set (extractSTFT:84)
2024-05-29 20:16:24.062 [ALFpaka] [WARNING] Log_spec ignored when pcen is set (extractSTFT:84)
2024-05-29 20:16:24.077 [ALFpaka] [WARNING] Log_spec ignored when pcen is set (extractSTFT:84)
2024-05-29 20:16:24.092 [ALFpaka] [WARNING] Log_spec ignored when pcen is set (extractSTFT:84)
2024-05-29 20:16:24.176 [ALFpaka] [WARNING] Log_spec ignored when pcen is set (extractSTFT:84)
2024-05-29 20:16:24.176 [ALFpaka] [WARNING] Log_spec ignored when pcen is set (extractSTFT:84)
2024-05-29 20:16:24.205 [ALFpaka] [WARNING] Log_spec ignored when pcen is set (extractSTFT:84)
2024-05-29 20:16:24.434 [ALFpaka] [WARNING] Log_spec ignored when pcen is set (extractSTFT:84)
2024-05-29 20:16:24.470 [ALFpaka] [WARNING] Log_spec ignored when pcen is set (extractSTFT:84)
2024-05-29 20:16:24.483 [ALFpaka] [WARNING] Log_spec ignored when pcen is set (extractSTFT:84)
2024-05-29 20:16:24.577 [ALFpaka] [WARNING] Log_spec ignored when pcen is set (extractSTFT:84)
2024-05-29 20:16:24.603 [ALFpaka] [WARNING] Log_spec ignored when pcen is set (extractSTFT:84)
2024-05-29 20:16:24.614 [ALFpaka] [WARNING] Log_spec ignored when pcen is set (extractSTFT:84)
2024-05-29 20:16:24.613 [ALFpaka] [WARNING] Log_spec ignored when pcen is set (extractSTFT:84)
2024-05-29 20:16:24.983 [ALFpaka] [WARNING] Log_spec ignored when pcen is set (extractSTFT:84)
2024-05-29 20:16:25.006 [ALFpaka] [WARNING] Log_spec ignored when pcen is set (extractSTFT:84)
2024-05-29 20:16:25.057 [ALFpaka] [WARNING] Log_spec ignored when pcen is set (extractSTFT:84)
2024-05-29 20:16:25.077 [ALFpaka] [WARNING] Log_spec ignored when pcen is set (extractSTFT:84)
2024-05-29 20:16:25.138 [ALFpaka] [WARNING] Log_spec ignored when pcen is set (extractSTFT:84)
2024-05-29 20:16:25.141 [ALFpaka] [WARNING] Log_spec ignored when pcen is set (extractSTFT:84)
2024-05-29 20:16:25.143 [ALFpaka] [WARNING] Log_spec ignored when pcen is set (extractSTFT:84)
2024-05-29 20:16:25.145 [ALFpaka] [WARNING] Log_spec ignored when pcen is set (extractSTFT:84)
2024-05-29 20:16:25.187 [ALFpaka] [WARNING] Log_spec ignored when pcen is set (extractSTFT:84)
2024-05-29 20:16:25.213 [ALFpaka] [WARNING] Log_spec ignored when pcen is set (extractSTFT:84)
2024-05-29 20:16:25.246 [ALFpaka] [WARNING] Log_spec ignored when pcen is set (extractSTFT:84)
2024-05-29 20:16:25.431 [ALFpaka] [WARNING] Log_spec ignored when pcen is set (extractSTFT:84)
2024-05-29 20:16:25.876 [ALFpaka] [WARNING] Log_spec ignored when pcen is set (extractSTFT:84)
2024-05-29 20:16:25.928 [ALFpaka] [WARNING] Log_spec ignored when pcen is set (extractSTFT:84)
2024-05-29 20:16:26.002 [ALFpaka] [WARNING] Log_spec ignored when pcen is set (extractSTFT:84)
2024-05-29 20:16:26.138 [ALFpaka] [WARNING] Log_spec ignored when pcen is set (extractSTFT:84)
2024-05-29 20:16:26.225 [ALFpaka] [WARNING] Log_spec ignored when pcen is set (extractSTFT:84)
2024-05-29 20:16:26.223 [ALFpaka] [WARNING] Log_spec ignored when pcen is set (extractSTFT:84)
2024-05-29 20:16:26.224 [ALFpaka] [WARNING] Log_spec ignored when pcen is set (extractSTFT:84)
2024-05-29 20:16:26.240 [ALFpaka] [WARNING] Log_spec ignored when pcen is set (extractSTFT:84)
2024-05-29 20:16:26.249 [ALFpaka] [WARNING] Log_spec ignored when pcen is set (extractSTFT:84)
2024-05-29 20:16:26.289 [ALFpaka] [WARNING] Log_spec ignored when pcen is set (extractSTFT:84)
2024-05-29 20:16:26.303 [ALFpaka] [WARNING] Log_spec ignored when pcen is set (extractSTFT:84)
2024-05-29 20:16:26.313 [ALFpaka] [WARNING] Log_spec ignored when pcen is set (extractSTFT:84)
2024-05-29 20:16:26.311 [ALFpaka] [WARNING] Log_spec ignored when pcen is set (extractSTFT:84)
2024-05-29 20:16:26.321 [ALFpaka] [WARNING] Log_spec ignored when pcen is set (extractSTFT:84)
2024-05-29 20:16:26.320 [ALFpaka] [WARNING] Log_spec ignored when pcen is set (extractSTFT:84)
2024-05-29 20:16:26.338 [ALFpaka] [WARNING] Log_spec ignored when pcen is set (extractSTFT:84)
2024-05-29 20:16:26.471 [ALFpaka] [WARNING] Log_spec ignored when pcen is set (extractSTFT:84)
2024-05-29 20:16:26.595 [ALFpaka] [WARNING] Log_spec ignored when pcen is set (extractSTFT:84)
2024-05-29 20:16:26.666 [ALFpaka] [WARNING] Log_spec ignored when pcen is set (extractSTFT:84)
2024-05-29 20:16:26.914 [ALFpaka] [WARNING] Log_spec ignored when pcen is set (extractSTFT:84)
2024-05-29 20:16:26.913 [ALFpaka] [WARNING] Log_spec ignored when pcen is set (extractSTFT:84)
2024-05-29 20:16:26.988 [ALFpaka] [WARNING] Log_spec ignored when pcen is set (extractSTFT:84)
2024-05-29 20:16:27.041 [ALFpaka] [WARNING] Log_spec ignored when pcen is set (extractSTFT:84)
2024-05-29 20:16:27.041 [ALFpaka] [WARNING] Log_spec ignored when pcen is set (extractSTFT:84)
2024-05-29 20:16:27.053 [ALFpaka] [WARNING] Log_spec ignored when pcen is set (extractSTFT:84)
2024-05-29 20:16:27.043 [ALFpaka] [WARNING] Log_spec ignored when pcen is set (extractSTFT:84)
2024-05-29 20:16:27.044 [ALFpaka] [WARNING] Log_spec ignored when pcen is set (extractSTFT:84)
2024-05-29 20:16:27.076 [ALFpaka] [WARNING] Log_spec ignored when pcen is set (extractSTFT:84)
2024-05-29 20:16:27.076 [ALFpaka] [WARNING] Log_spec ignored when pcen is set (extractSTFT:84)
2024-05-29 20:16:27.494 [ALFpaka] [WARNING] Log_spec ignored when pcen is set (extractSTFT:84)
2024-05-29 20:16:27.492 [ALFpaka] [WARNING] Log_spec ignored when pcen is set (extractSTFT:84)
2024-05-29 20:16:27.493 [ALFpaka] [WARNING] Log_spec ignored when pcen is set (extractSTFT:84)
2024-05-29 20:16:27.496 [ALFpaka] [WARNING] Log_spec ignored when pcen is set (extractSTFT:84)
2024-05-29 20:16:27.501 [ALFpaka] [WARNING] Log_spec ignored when pcen is set (extractSTFT:84)
2024-05-29 20:16:27.495 [ALFpaka] [WARNING] Log_spec ignored when pcen is set (extractSTFT:84)
2024-05-29 20:16:27.506 [ALFpaka] [WARNING] Log_spec ignored when pcen is set (extractSTFT:84)
2024-05-29 20:16:27.497 [ALFpaka] [WARNING] Log_spec ignored when pcen is set (extractSTFT:84)
2024-05-29 20:16:27.500 [ALFpaka] [WARNING] Log_spec ignored when pcen is set (extractSTFT:84)
2024-05-29 20:16:27.530 [ALFpaka] [WARNING] Log_spec ignored when pcen is set (extractSTFT:84)
2024-05-29 20:16:27.548 [ALFpaka] [WARNING] Log_spec ignored when pcen is set (extractSTFT:84)
2024-05-29 20:16:27.547 [ALFpaka] [WARNING] Log_spec ignored when pcen is set (extractSTFT:84)
2024-05-29 20:16:27.553 [ALFpaka] [WARNING] Log_spec ignored when pcen is set (extractSTFT:84)
2024-05-29 20:16:27.604 [ALFpaka] [WARNING] Log_spec ignored when pcen is set (extractSTFT:84)
2024-05-29 20:16:27.634 [ALFpaka] [WARNING] Log_spec ignored when pcen is set (extractSTFT:84)
2024-05-29 20:16:27.784 [ALFpaka] [WARNING] Log_spec ignored when pcen is set (extractSTFT:84)
2024-05-29 20:16:27.797 [ALFpaka] [WARNING] Log_spec ignored when pcen is set (extractSTFT:84)
2024-05-29 20:16:28.042 [ALFpaka] [WARNING] Log_spec ignored when pcen is set (extractSTFT:84)
2024-05-29 20:16:28.317 [ALFpaka] [WARNING] Log_spec ignored when pcen is set (extractSTFT:84)
2024-05-29 20:16:28.317 [ALFpaka] [WARNING] Log_spec ignored when pcen is set (extractSTFT:84)
2024-05-29 20:16:28.318 [ALFpaka] [WARNING] Log_spec ignored when pcen is set (extractSTFT:84)
2024-05-29 20:16:28.350 [ALFpaka] [WARNING] Log_spec ignored when pcen is set (extractSTFT:84)
2024-05-29 20:16:28.500 [ALFpaka] [WARNING] Log_spec ignored when pcen is set (extractSTFT:84)
2024-05-29 20:16:28.507 [ALFpaka] [WARNING] Log_spec ignored when pcen is set (extractSTFT:84)
2024-05-29 20:16:28.516 [ALFpaka] [WARNING] Log_spec ignored when pcen is set (extractSTFT:84)
2024-05-29 20:16:28.515 [ALFpaka] [WARNING] Log_spec ignored when pcen is set (extractSTFT:84)
2024-05-29 20:16:28.532 [ALFpaka] [WARNING] Log_spec ignored when pcen is set (extractSTFT:84)
2024-05-29 20:16:28.539 [ALFpaka] [WARNING] Log_spec ignored when pcen is set (extractSTFT:84)
2024-05-29 20:16:29.104 [ALFpaka] [WARNING] Log_spec ignored when pcen is set (extractSTFT:84)
2024-05-29 20:16:29.105 [ALFpaka] [WARNING] Log_spec ignored when pcen is set (extractSTFT:84)
2024-05-29 20:16:29.107 [ALFpaka] [WARNING] Log_spec ignored when pcen is set (extractSTFT:84)
2024-05-29 20:16:29.106 [ALFpaka] [WARNING] Log_spec ignored when pcen is set (extractSTFT:84)
2024-05-29 20:16:29.136 [ALFpaka] [WARNING] Log_spec ignored when pcen is set (extractSTFT:84)
2024-05-29 20:16:29.136 [ALFpaka] [WARNING] Log_spec ignored when pcen is set (extractSTFT:84)
2024-05-29 20:16:29.221 [ALFpaka] [WARNING] Log_spec ignored when pcen is set (extractSTFT:84)
2024-05-29 20:16:29.402 [ALFpaka] [WARNING] Log_spec ignored when pcen is set (extractSTFT:84)
2024-05-29 20:16:29.403 [ALFpaka] [WARNING] Log_spec ignored when pcen is set (extractSTFT:84)
2024-05-29 20:16:29.402 [ALFpaka] [WARNING] Log_spec ignored when pcen is set (extractSTFT:84)
2024-05-29 20:16:29.409 [ALFpaka] [WARNING] Log_spec ignored when pcen is set (extractSTFT:84)
2024-05-29 20:16:29.455 [ALFpaka] [WARNING] Log_spec ignored when pcen is set (extractSTFT:84)
2024-05-29 20:16:29.975 [ALFpaka] [WARNING] Log_spec ignored when pcen is set (extractSTFT:84)
2024-05-29 20:16:29.975 [ALFpaka] [WARNING] Log_spec ignored when pcen is set (extractSTFT:84)
2024-05-29 20:16:29.980 [ALFpaka] [WARNING] Log_spec ignored when pcen is set (extractSTFT:84)
2024-05-29 20:16:29.979 [ALFpaka] [WARNING] Log_spec ignored when pcen is set (extractSTFT:84)
2024-05-29 20:16:29.978 [ALFpaka] [WARNING] Log_spec ignored when pcen is set (extractSTFT:84)
2024-05-29 20:16:29.986 [ALFpaka] [WARNING] Log_spec ignored when pcen is set (extractSTFT:84)
2024-05-29 20:16:29.977 [ALFpaka] [WARNING] Log_spec ignored when pcen is set (extractSTFT:84)
2024-05-29 20:16:29.976 [ALFpaka] [WARNING] Log_spec ignored when pcen is set (extractSTFT:84)
2024-05-29 20:16:30.039 [ALFpaka] [WARNING] Log_spec ignored when pcen is set (extractSTFT:84)
2024-05-29 20:16:30.304 [ALFpaka] [WARNING] Log_spec ignored when pcen is set (extractSTFT:84)
2024-05-29 20:16:30.303 [ALFpaka] [WARNING] Log_spec ignored when pcen is set (extractSTFT:84)
2024-05-29 20:16:30.366 [ALFpaka] [WARNING] Log_spec ignored when pcen is set (extractSTFT:84)
2024-05-29 20:16:30.365 [ALFpaka] [WARNING] Log_spec ignored when pcen is set (extractSTFT:84)
2024-05-29 20:16:30.412 [ALFpaka] [WARNING] Log_spec ignored when pcen is set (extractSTFT:84)
2024-05-29 20:16:30.468 [ALFpaka] [WARNING] Log_spec ignored when pcen is set (extractSTFT:84)
2024-05-29 20:16:30.480 [ALFpaka] [WARNING] Log_spec ignored when pcen is set (extractSTFT:84)
2024-05-29 20:16:30.505 [ALFpaka] [WARNING] Log_spec ignored when pcen is set (extractSTFT:84)
2024-05-29 20:16:30.527 [ALFpaka] [WARNING] Log_spec ignored when pcen is set (extractSTFT:84)
2024-05-29 20:16:30.556 [ALFpaka] [WARNING] Log_spec ignored when pcen is set (extractSTFT:84)
2024-05-29 20:16:30.602 [ALFpaka] [WARNING] Log_spec ignored when pcen is set (extractSTFT:84)
2024-05-29 20:16:30.705 [ALFpaka] [WARNING] Log_spec ignored when pcen is set (extractSTFT:84)
2024-05-29 20:16:30.706 [ALFpaka] [WARNING] Log_spec ignored when pcen is set (extractSTFT:84)
2024-05-29 20:16:30.736 [ALFpaka] [WARNING] Log_spec ignored when pcen is set (extractSTFT:84)
2024-05-29 20:16:30.785 [ALFpaka] [WARNING] Log_spec ignored when pcen is set (extractSTFT:84)
2024-05-29 20:16:30.865 [ALFpaka] [WARNING] Log_spec ignored when pcen is set (extractSTFT:84)
2024-05-29 20:16:30.965 [ALFpaka] [WARNING] Log_spec ignored when pcen is set (extractSTFT:84)
2024-05-29 20:16:31.040 [ALFpaka] [WARNING] Log_spec ignored when pcen is set (extractSTFT:84)
2024-05-29 20:16:31.177 [ALFpaka] [WARNING] Log_spec ignored when pcen is set (extractSTFT:84)
2024-05-29 20:16:31.187 [ALFpaka] [WARNING] Log_spec ignored when pcen is set (extractSTFT:84)
2024-05-29 20:16:31.188 [ALFpaka] [WARNING] Log_spec ignored when pcen is set (extractSTFT:84)
2024-05-29 20:16:31.228 [ALFpaka] [WARNING] Log_spec ignored when pcen is set (extractSTFT:84)
2024-05-29 20:16:31.951 [ALFpaka] [WARNING] Log_spec ignored when pcen is set (extractSTFT:84)
2024-05-29 20:16:31.948 [ALFpaka] [WARNING] Log_spec ignored when pcen is set (extractSTFT:84)
2024-05-29 20:16:31.952 [ALFpaka] [WARNING] Log_spec ignored when pcen is set (extractSTFT:84)
2024-05-29 20:16:31.950 [ALFpaka] [WARNING] Log_spec ignored when pcen is set (extractSTFT:84)
2024-05-29 20:16:31.949 [ALFpaka] [WARNING] Log_spec ignored when pcen is set (extractSTFT:84)
2024-05-29 20:16:31.948 [ALFpaka] [WARNING] Log_spec ignored when pcen is set (extractSTFT:84)
2024-05-29 20:16:31.993 [ALFpaka] [WARNING] Log_spec ignored when pcen is set (extractSTFT:84)
2024-05-29 20:16:31.992 [ALFpaka] [WARNING] Log_spec ignored when pcen is set (extractSTFT:84)
2024-05-29 20:16:31.995 [ALFpaka] [WARNING] Log_spec ignored when pcen is set (extractSTFT:84)
2024-05-29 20:16:31.994 [ALFpaka] [WARNING] Log_spec ignored when pcen is set (extractSTFT:84)
2024-05-29 20:16:31.996 [ALFpaka] [WARNING] Log_spec ignored when pcen is set (extractSTFT:84)
2024-05-29 20:16:31.996 [ALFpaka] [WARNING] Log_spec ignored when pcen is set (extractSTFT:84)
2024-05-29 20:16:31.997 [ALFpaka] [WARNING] Log_spec ignored when pcen is set (extractSTFT:84)
2024-05-29 20:16:32.041 [ALFpaka] [WARNING] Log_spec ignored when pcen is set (extractSTFT:84)
2024-05-29 20:16:32.067 [ALFpaka] [WARNING] Log_spec ignored when pcen is set (extractSTFT:84)
2024-05-29 20:16:32.109 [ALFpaka] [WARNING] Log_spec ignored when pcen is set (extractSTFT:84)
2024-05-29 20:16:32.208 [ALFpaka] [WARNING] Log_spec ignored when pcen is set (extractSTFT:84)
2024-05-29 20:16:32.212 [ALFpaka] [WARNING] Log_spec ignored when pcen is set (extractSTFT:84)
2024-05-29 20:16:31.991 [ALFpaka] [WARNING] Log_spec ignored when pcen is set (extractSTFT:84)
2024-05-29 20:16:32.402 [ALFpaka] [WARNING] Log_spec ignored when pcen is set (extractSTFT:84)
2024-05-29 20:16:32.559 [ALFpaka] [WARNING] Log_spec ignored when pcen is set (extractSTFT:84)
2024-05-29 20:16:32.560 [ALFpaka] [WARNING] Log_spec ignored when pcen is set (extractSTFT:84)
2024-05-29 20:16:32.561 [ALFpaka] [WARNING] Log_spec ignored when pcen is set (extractSTFT:84)
2024-05-29 20:16:32.558 [ALFpaka] [WARNING] Log_spec ignored when pcen is set (extractSTFT:84)
2024-05-29 20:16:32.609 [ALFpaka] [WARNING] Log_spec ignored when pcen is set (extractSTFT:84)
2024-05-29 20:16:32.714 [ALFpaka] [WARNING] Log_spec ignored when pcen is set (extractSTFT:84)
2024-05-29 20:16:32.713 [ALFpaka] [WARNING] Log_spec ignored when pcen is set (extractSTFT:84)
2024-05-29 20:16:33.111 [ALFpaka] [WARNING] Log_spec ignored when pcen is set (extractSTFT:84)
2024-05-29 20:16:33.111 [ALFpaka] [WARNING] Log_spec ignored when pcen is set (extractSTFT:84)
2024-05-29 20:16:33.112 [ALFpaka] [WARNING] Log_spec ignored when pcen is set (extractSTFT:84)
2024-05-29 20:16:33.113 [ALFpaka] [WARNING] Log_spec ignored when pcen is set (extractSTFT:84)
2024-05-29 20:16:33.122 [ALFpaka] [WARNING] Log_spec ignored when pcen is set (extractSTFT:84)
2024-05-29 20:16:33.140 [ALFpaka] [WARNING] Log_spec ignored when pcen is set (extractSTFT:84)
2024-05-29 20:16:33.151 [ALFpaka] [WARNING] Log_spec ignored when pcen is set (extractSTFT:84)
2024-05-29 20:16:33.250 [ALFpaka] [WARNING] Log_spec ignored when pcen is set (extractSTFT:84)
2024-05-29 20:16:33.626 [ALFpaka] [WARNING] Log_spec ignored when pcen is set (extractSTFT:84)
2024-05-29 20:16:33.626 [ALFpaka] [WARNING] Log_spec ignored when pcen is set (extractSTFT:84)
2024-05-29 20:16:33.628 [ALFpaka] [WARNING] Log_spec ignored when pcen is set (extractSTFT:84)
2024-05-29 20:16:33.629 [ALFpaka] [WARNING] Log_spec ignored when pcen is set (extractSTFT:84)
2024-05-29 20:16:33.866 [ALFpaka] [WARNING] Log_spec ignored when pcen is set (extractSTFT:84)
2024-05-29 20:16:34.114 [ALFpaka] [WARNING] Log_spec ignored when pcen is set (extractSTFT:84)
2024-05-29 20:16:34.113 [ALFpaka] [WARNING] Log_spec ignored when pcen is set (extractSTFT:84)
2024-05-29 20:16:34.113 [ALFpaka] [WARNING] Log_spec ignored when pcen is set (extractSTFT:84)
2024-05-29 20:16:34.153 [ALFpaka] [WARNING] Log_spec ignored when pcen is set (extractSTFT:84)
2024-05-29 20:16:34.321 [ALFpaka] [WARNING] Log_spec ignored when pcen is set (extractSTFT:84)
2024-05-29 20:16:34.331 [ALFpaka] [WARNING] Log_spec ignored when pcen is set (extractSTFT:84)
2024-05-29 20:16:34.330 [ALFpaka] [WARNING] Log_spec ignored when pcen is set (extractSTFT:84)
2024-05-29 20:16:34.360 [ALFpaka] [WARNING] Log_spec ignored when pcen is set (extractSTFT:84)
2024-05-29 20:16:34.530 [ALFpaka] [WARNING] Log_spec ignored when pcen is set (extractSTFT:84)
2024-05-29 20:16:34.555 [ALFpaka] [WARNING] Log_spec ignored when pcen is set (extractSTFT:84)
2024-05-29 20:16:34.612 [ALFpaka] [WARNING] Log_spec ignored when pcen is set (extractSTFT:84)
2024-05-29 20:16:34.636 [ALFpaka] [WARNING] Log_spec ignored when pcen is set (extractSTFT:84)
2024-05-29 20:16:34.637 [ALFpaka] [WARNING] Log_spec ignored when pcen is set (extractSTFT:84)
2024-05-29 20:16:34.647 [ALFpaka] [WARNING] Log_spec ignored when pcen is set (extractSTFT:84)
2024-05-29 20:16:34.646 [ALFpaka] [WARNING] Log_spec ignored when pcen is set (extractSTFT:84)
2024-05-29 20:16:34.678 [ALFpaka] [WARNING] Log_spec ignored when pcen is set (extractSTFT:84)
2024-05-29 20:16:34.680 [ALFpaka] [WARNING] Log_spec ignored when pcen is set (extractSTFT:84)
2024-05-29 20:16:35.143 [ALFpaka] [WARNING] Log_spec ignored when pcen is set (extractSTFT:84)
2024-05-29 20:16:35.142 [ALFpaka] [WARNING] Log_spec ignored when pcen is set (extractSTFT:84)
2024-05-29 20:16:35.144 [ALFpaka] [WARNING] Log_spec ignored when pcen is set (extractSTFT:84)
2024-05-29 20:16:35.146 [ALFpaka] [WARNING] Log_spec ignored when pcen is set (extractSTFT:84)
2024-05-29 20:16:35.145 [ALFpaka] [WARNING] Log_spec ignored when pcen is set (extractSTFT:84)
2024-05-29 20:16:35.174 [ALFpaka] [WARNING] Log_spec ignored when pcen is set (extractSTFT:84)
2024-05-29 20:16:35.175 [ALFpaka] [WARNING] Log_spec ignored when pcen is set (extractSTFT:84)
2024-05-29 20:16:35.210 [ALFpaka] [WARNING] Log_spec ignored when pcen is set (extractSTFT:84)
2024-05-29 20:16:35.211 [ALFpaka] [WARNING] Log_spec ignored when pcen is set (extractSTFT:84)
2024-05-29 20:16:35.459 [ALFpaka] [WARNING] Log_spec ignored when pcen is set (extractSTFT:84)
2024-05-29 20:16:35.467 [ALFpaka] [WARNING] Log_spec ignored when pcen is set (extractSTFT:84)
2024-05-29 20:16:35.487 [ALFpaka] [WARNING] Log_spec ignored when pcen is set (extractSTFT:84)
2024-05-29 20:16:35.488 [ALFpaka] [WARNING] Log_spec ignored when pcen is set (extractSTFT:84)
2024-05-29 20:16:35.487 [ALFpaka] [WARNING] Log_spec ignored when pcen is set (extractSTFT:84)
2024-05-29 20:16:35.599 [ALFpaka] [WARNING] Log_spec ignored when pcen is set (extractSTFT:84)
2024-05-29 20:16:35.728 [ALFpaka] [WARNING] Log_spec ignored when pcen is set (extractSTFT:84)
2024-05-29 20:16:35.728 [ALFpaka] [WARNING] Log_spec ignored when pcen is set (extractSTFT:84)
2024-05-29 20:16:35.751 [ALFpaka] [WARNING] Log_spec ignored when pcen is set (extractSTFT:84)
2024-05-29 20:16:36.017 [ALFpaka] [WARNING] Log_spec ignored when pcen is set (extractSTFT:84)
2024-05-29 20:16:36.024 [ALFpaka] [WARNING] Log_spec ignored when pcen is set (extractSTFT:84)
2024-05-29 20:16:36.132 [ALFpaka] [WARNING] Log_spec ignored when pcen is set (extractSTFT:84)
2024-05-29 20:16:36.166 [ALFpaka] [WARNING] Log_spec ignored when pcen is set (extractSTFT:84)
2024-05-29 20:16:36.175 [ALFpaka] [WARNING] Log_spec ignored when pcen is set (extractSTFT:84)
2024-05-29 20:16:36.191 [ALFpaka] [WARNING] Log_spec ignored when pcen is set (extractSTFT:84)
2024-05-29 20:16:36.240 [ALFpaka] [WARNING] Log_spec ignored when pcen is set (extractSTFT:84)
2024-05-29 20:16:36.265 [ALFpaka] [WARNING] Log_spec ignored when pcen is set (extractSTFT:84)
2024-05-29 20:16:36.281 [ALFpaka] [WARNING] Log_spec ignored when pcen is set (extractSTFT:84)
2024-05-29 20:16:36.280 [ALFpaka] [WARNING] Log_spec ignored when pcen is set (extractSTFT:84)
2024-05-29 20:16:36.296 [ALFpaka] [WARNING] Log_spec ignored when pcen is set (extractSTFT:84)
2024-05-29 20:16:36.297 [ALFpaka] [WARNING] Log_spec ignored when pcen is set (extractSTFT:84)
2024-05-29 20:16:36.348 [ALFpaka] [WARNING] Log_spec ignored when pcen is set (extractSTFT:84)
2024-05-29 20:16:36.397 [ALFpaka] [WARNING] Log_spec ignored when pcen is set (extractSTFT:84)
2024-05-29 20:16:36.415 [ALFpaka] [WARNING] Log_spec ignored when pcen is set (extractSTFT:84)
2024-05-29 20:16:36.875 [ALFpaka] [WARNING] Log_spec ignored when pcen is set (extractSTFT:84)
2024-05-29 20:16:36.939 [ALFpaka] [WARNING] Log_spec ignored when pcen is set (extractSTFT:84)
2024-05-29 20:16:37.030 [ALFpaka] [WARNING] Log_spec ignored when pcen is set (extractSTFT:84)
2024-05-29 20:16:37.032 [ALFpaka] [WARNING] Log_spec ignored when pcen is set (extractSTFT:84)
2024-05-29 20:16:37.030 [ALFpaka] [WARNING] Log_spec ignored when pcen is set (extractSTFT:84)
2024-05-29 20:16:37.110 [ALFpaka] [WARNING] Log_spec ignored when pcen is set (extractSTFT:84)
2024-05-29 20:16:37.109 [ALFpaka] [WARNING] Log_spec ignored when pcen is set (extractSTFT:84)
2024-05-29 20:16:37.120 [ALFpaka] [WARNING] Log_spec ignored when pcen is set (extractSTFT:84)
2024-05-29 20:16:37.205 [ALFpaka] [WARNING] Log_spec ignored when pcen is set (extractSTFT:84)
2024-05-29 20:16:37.299 [ALFpaka] [WARNING] Log_spec ignored when pcen is set (extractSTFT:84)
2024-05-29 20:16:37.326 [ALFpaka] [WARNING] Log_spec ignored when pcen is set (extractSTFT:84)
2024-05-29 20:16:37.334 [ALFpaka] [WARNING] Log_spec ignored when pcen is set (extractSTFT:84)
2024-05-29 20:16:37.336 [ALFpaka] [WARNING] Log_spec ignored when pcen is set (extractSTFT:84)
2024-05-29 20:16:37.341 [ALFpaka] [WARNING] Log_spec ignored when pcen is set (extractSTFT:84)
2024-05-29 20:16:37.402 [ALFpaka] [WARNING] Log_spec ignored when pcen is set (extractSTFT:84)
2024-05-29 20:16:37.401 [ALFpaka] [WARNING] Log_spec ignored when pcen is set (extractSTFT:84)
2024-05-29 20:16:37.609 [ALFpaka] [WARNING] Log_spec ignored when pcen is set (extractSTFT:84)
2024-05-29 20:16:37.618 [ALFpaka] [WARNING] Log_spec ignored when pcen is set (extractSTFT:84)
2024-05-29 20:16:37.627 [ALFpaka] [WARNING] Log_spec ignored when pcen is set (extractSTFT:84)
2024-05-29 20:16:37.653 [ALFpaka] [WARNING] Log_spec ignored when pcen is set (extractSTFT:84)
2024-05-29 20:16:37.740 [ALFpaka] [WARNING] Log_spec ignored when pcen is set (extractSTFT:84)
2024-05-29 20:16:37.811 [ALFpaka] [WARNING] Log_spec ignored when pcen is set (extractSTFT:84)
2024-05-29 20:16:37.894 [ALFpaka] [WARNING] Log_spec ignored when pcen is set (extractSTFT:84)
2024-05-29 20:16:37.928 [ALFpaka] [WARNING] Log_spec ignored when pcen is set (extractSTFT:84)
2024-05-29 20:16:38.053 [ALFpaka] [WARNING] Log_spec ignored when pcen is set (extractSTFT:84)
2024-05-29 20:16:38.059 [ALFpaka] [WARNING] Log_spec ignored when pcen is set (extractSTFT:84)
2024-05-29 20:16:38.208 [ALFpaka] [WARNING] Log_spec ignored when pcen is set (extractSTFT:84)
2024-05-29 20:16:38.310 [ALFpaka] [WARNING] Log_spec ignored when pcen is set (extractSTFT:84)
2024-05-29 20:16:38.746 [ALFpaka] [WARNING] Log_spec ignored when pcen is set (extractSTFT:84)
2024-05-29 20:16:38.747 [ALFpaka] [WARNING] Log_spec ignored when pcen is set (extractSTFT:84)
2024-05-29 20:16:38.749 [ALFpaka] [WARNING] Log_spec ignored when pcen is set (extractSTFT:84)
2024-05-29 20:16:38.746 [ALFpaka] [WARNING] Log_spec ignored when pcen is set (extractSTFT:84)
2024-05-29 20:16:38.798 [ALFpaka] [WARNING] Log_spec ignored when pcen is set (extractSTFT:84)
2024-05-29 20:16:38.880 [ALFpaka] [WARNING] Log_spec ignored when pcen is set (extractSTFT:84)
2024-05-29 20:16:38.879 [ALFpaka] [WARNING] Log_spec ignored when pcen is set (extractSTFT:84)
2024-05-29 20:16:38.882 [ALFpaka] [WARNING] Log_spec ignored when pcen is set (extractSTFT:84)
2024-05-29 20:16:39.007 [ALFpaka] [WARNING] Log_spec ignored when pcen is set (extractSTFT:84)
2024-05-29 20:16:39.046 [ALFpaka] [WARNING] Log_spec ignored when pcen is set (extractSTFT:84)
2024-05-29 20:16:39.046 [ALFpaka] [WARNING] Log_spec ignored when pcen is set (extractSTFT:84)
2024-05-29 20:16:39.047 [ALFpaka] [WARNING] Log_spec ignored when pcen is set (extractSTFT:84)
2024-05-29 20:16:39.053 [ALFpaka] [WARNING] Log_spec ignored when pcen is set (extractSTFT:84)
2024-05-29 20:16:39.081 [ALFpaka] [WARNING] Log_spec ignored when pcen is set (extractSTFT:84)
2024-05-29 20:16:39.094 [ALFpaka] [WARNING] Log_spec ignored when pcen is set (extractSTFT:84)
2024-05-29 20:16:39.091 [ALFpaka] [WARNING] Log_spec ignored when pcen is set (extractSTFT:84)
2024-05-29 20:16:39.097 [ALFpaka] [WARNING] Log_spec ignored when pcen is set (extractSTFT:84)
2024-05-29 20:16:39.340 [ALFpaka] [WARNING] Log_spec ignored when pcen is set (extractSTFT:84)
2024-05-29 20:16:39.435 [ALFpaka] [WARNING] Log_spec ignored when pcen is set (extractSTFT:84)
2024-05-29 20:16:39.457 [ALFpaka] [WARNING] Log_spec ignored when pcen is set (extractSTFT:84)
2024-05-29 20:16:39.472 [ALFpaka] [WARNING] Log_spec ignored when pcen is set (extractSTFT:84)
2024-05-29 20:16:39.473 [ALFpaka] [WARNING] Log_spec ignored when pcen is set (extractSTFT:84)
2024-05-29 20:16:39.484 [ALFpaka] [WARNING] Log_spec ignored when pcen is set (extractSTFT:84)
2024-05-29 20:16:39.484 [ALFpaka] [WARNING] Log_spec ignored when pcen is set (extractSTFT:84)
2024-05-29 20:16:39.621 [ALFpaka] [WARNING] Log_spec ignored when pcen is set (extractSTFT:84)
2024-05-29 20:16:39.627 [ALFpaka] [WARNING] Log_spec ignored when pcen is set (extractSTFT:84)
2024-05-29 20:16:39.754 [ALFpaka] [WARNING] Log_spec ignored when pcen is set (extractSTFT:84)
2024-05-29 20:16:39.714 [ALFpaka] [WARNING] Log_spec ignored when pcen is set (extractSTFT:84)
2024-05-29 20:16:39.632 [ALFpaka] [WARNING] Log_spec ignored when pcen is set (extractSTFT:84)
2024-05-29 20:16:39.718 [ALFpaka] [WARNING] Log_spec ignored when pcen is set (extractSTFT:84)
2024-05-29 20:16:39.733 [ALFpaka] [WARNING] Log_spec ignored when pcen is set (extractSTFT:84)
2024-05-29 20:16:39.734 [ALFpaka] [WARNING] Log_spec ignored when pcen is set (extractSTFT:84)
2024-05-29 20:16:39.831 [ALFpaka] [WARNING] Log_spec ignored when pcen is set (extractSTFT:84)
2024-05-29 20:16:39.830 [ALFpaka] [WARNING] Log_spec ignored when pcen is set (extractSTFT:84)
2024-05-29 20:16:39.843 [ALFpaka] [WARNING] Log_spec ignored when pcen is set (extractSTFT:84)
2024-05-29 20:16:39.856 [ALFpaka] [WARNING] Log_spec ignored when pcen is set (extractSTFT:84)
2024-05-29 20:16:40.049 [ALFpaka] [WARNING] Log_spec ignored when pcen is set (extractSTFT:84)
2024-05-29 20:16:40.154 [ALFpaka] [WARNING] Log_spec ignored when pcen is set (extractSTFT:84)
2024-05-29 20:16:40.154 [ALFpaka] [WARNING] Log_spec ignored when pcen is set (extractSTFT:84)
2024-05-29 20:16:40.153 [ALFpaka] [WARNING] Log_spec ignored when pcen is set (extractSTFT:84)
2024-05-29 20:16:40.159 [ALFpaka] [WARNING] Log_spec ignored when pcen is set (extractSTFT:84)
2024-05-29 20:16:40.211 [ALFpaka] [WARNING] Log_spec ignored when pcen is set (extractSTFT:84)
2024-05-29 20:16:40.262 [ALFpaka] [WARNING] Log_spec ignored when pcen is set (extractSTFT:84)
2024-05-29 20:16:40.420 [ALFpaka] [WARNING] Log_spec ignored when pcen is set (extractSTFT:84)
2024-05-29 20:16:40.423 [ALFpaka] [WARNING] Audio normalization: Silent file with amplitude of 0. (normalize_audio:359)
2024-05-29 20:16:40.560 [ALFpaka] [WARNING] Log_spec ignored when pcen is set (extractSTFT:84)
2024-05-29 20:16:40.720 [ALFpaka] [WARNING] Log_spec ignored when pcen is set (extractSTFT:84)
2024-05-29 20:16:40.958 [ALFpaka] [WARNING] Log_spec ignored when pcen is set (extractSTFT:84)
2024-05-29 20:16:40.959 [ALFpaka] [WARNING] Log_spec ignored when pcen is set (extractSTFT:84)
2024-05-29 20:16:40.957 [ALFpaka] [WARNING] Log_spec ignored when pcen is set (extractSTFT:84)
2024-05-29 20:16:41.071 [ALFpaka] [WARNING] Log_spec ignored when pcen is set (extractSTFT:84)
2024-05-29 20:16:41.147 [ALFpaka] [WARNING] Log_spec ignored when pcen is set (extractSTFT:84)
2024-05-29 20:16:41.384 [ALFpaka] [WARNING] Log_spec ignored when pcen is set (extractSTFT:84)
2024-05-29 20:16:41.404 [ALFpaka] [WARNING] Log_spec ignored when pcen is set (extractSTFT:84)
2024-05-29 20:16:41.518 [ALFpaka] [WARNING] Log_spec ignored when pcen is set (extractSTFT:84)
2024-05-29 20:16:41.537 [ALFpaka] [WARNING] Log_spec ignored when pcen is set (extractSTFT:84)
2024-05-29 20:16:41.564 [ALFpaka] [WARNING] Log_spec ignored when pcen is set (extractSTFT:84)
2024-05-29 20:16:41.563 [ALFpaka] [WARNING] Log_spec ignored when pcen is set (extractSTFT:84)
2024-05-29 20:16:41.572 [ALFpaka] [WARNING] Audio normalization: Silent file with amplitude of 0. (normalize_audio:359)
2024-05-29 20:16:41.605 [ALFpaka] [WARNING] Log_spec ignored when pcen is set (extractSTFT:84)
2024-05-29 20:16:41.604 [ALFpaka] [WARNING] Log_spec ignored when pcen is set (extractSTFT:84)
2024-05-29 20:16:41.636 [ALFpaka] [WARNING] Log_spec ignored when pcen is set (extractSTFT:84)
2024-05-29 20:16:41.700 [ALFpaka] [WARNING] Log_spec ignored when pcen is set (extractSTFT:84)
2024-05-29 20:16:41.699 [ALFpaka] [WARNING] Log_spec ignored when pcen is set (extractSTFT:84)
2024-05-29 20:16:41.731 [ALFpaka] [WARNING] Log_spec ignored when pcen is set (extractSTFT:84)
2024-05-29 20:16:41.733 [ALFpaka] [WARNING] Log_spec ignored when pcen is set (extractSTFT:84)
2024-05-29 20:16:41.732 [ALFpaka] [WARNING] Log_spec ignored when pcen is set (extractSTFT:84)
2024-05-29 20:16:41.741 [ALFpaka] [WARNING] Log_spec ignored when pcen is set (extractSTFT:84)
2024-05-29 20:16:41.763 [ALFpaka] [WARNING] Log_spec ignored when pcen is set (extractSTFT:84)
2024-05-29 20:16:41.789 [ALFpaka] [WARNING] Log_spec ignored when pcen is set (extractSTFT:84)
2024-05-29 20:16:41.987 [ALFpaka] [WARNING] Log_spec ignored when pcen is set (extractSTFT:84)
2024-05-29 20:16:42.159 [ALFpaka] [WARNING] Log_spec ignored when pcen is set (extractSTFT:84)
2024-05-29 20:16:42.387 [ALFpaka] [WARNING] Log_spec ignored when pcen is set (extractSTFT:84)
2024-05-29 20:16:42.611 [ALFpaka] [WARNING] Log_spec ignored when pcen is set (extractSTFT:84)
2024-05-29 20:16:42.627 [ALFpaka] [WARNING] Log_spec ignored when pcen is set (extractSTFT:84)
2024-05-29 20:16:42.626 [ALFpaka] [WARNING] Log_spec ignored when pcen is set (extractSTFT:84)
2024-05-29 20:16:42.637 [ALFpaka] [WARNING] Log_spec ignored when pcen is set (extractSTFT:84)
2024-05-29 20:16:42.637 [ALFpaka] [WARNING] Log_spec ignored when pcen is set (extractSTFT:84)
2024-05-29 20:16:42.636 [ALFpaka] [WARNING] Log_spec ignored when pcen is set (extractSTFT:84)
2024-05-29 20:16:42.641 [ALFpaka] [WARNING] Log_spec ignored when pcen is set (extractSTFT:84)
2024-05-29 20:16:42.674 [ALFpaka] [WARNING] Log_spec ignored when pcen is set (extractSTFT:84)
2024-05-29 20:16:42.693 [ALFpaka] [WARNING] Log_spec ignored when pcen is set (extractSTFT:84)
2024-05-29 20:16:42.692 [ALFpaka] [WARNING] Log_spec ignored when pcen is set (extractSTFT:84)
2024-05-29 20:16:42.709 [ALFpaka] [WARNING] Log_spec ignored when pcen is set (extractSTFT:84)
2024-05-29 20:16:43.041 [ALFpaka] [WARNING] Log_spec ignored when pcen is set (extractSTFT:84)
2024-05-29 20:16:43.045 [ALFpaka] [WARNING] Log_spec ignored when pcen is set (extractSTFT:84)
2024-05-29 20:16:43.041 [ALFpaka] [WARNING] Log_spec ignored when pcen is set (extractSTFT:84)
2024-05-29 20:16:43.050 [ALFpaka] [WARNING] Log_spec ignored when pcen is set (extractSTFT:84)
2024-05-29 20:16:43.069 [ALFpaka] [WARNING] Log_spec ignored when pcen is set (extractSTFT:84)
2024-05-29 20:16:43.069 [ALFpaka] [WARNING] Log_spec ignored when pcen is set (extractSTFT:84)
2024-05-29 20:16:43.068 [ALFpaka] [WARNING] Log_spec ignored when pcen is set (extractSTFT:84)
2024-05-29 20:16:43.086 [ALFpaka] [WARNING] Log_spec ignored when pcen is set (extractSTFT:84)
2024-05-29 20:16:43.096 [ALFpaka] [WARNING] Log_spec ignored when pcen is set (extractSTFT:84)
2024-05-29 20:16:43.295 [ALFpaka] [WARNING] Log_spec ignored when pcen is set (extractSTFT:84)
2024-05-29 20:16:43.415 [ALFpaka] [WARNING] Log_spec ignored when pcen is set (extractSTFT:84)
2024-05-29 20:16:43.728 [ALFpaka] [WARNING] Log_spec ignored when pcen is set (extractSTFT:84)
2024-05-29 20:16:43.859 [ALFpaka] [WARNING] Log_spec ignored when pcen is set (extractSTFT:84)
2024-05-29 20:16:43.867 [ALFpaka] [WARNING] Log_spec ignored when pcen is set (extractSTFT:84)
2024-05-29 20:16:43.868 [ALFpaka] [WARNING] Log_spec ignored when pcen is set (extractSTFT:84)
2024-05-29 20:16:43.882 [ALFpaka] [WARNING] Log_spec ignored when pcen is set (extractSTFT:84)
2024-05-29 20:16:43.908 [ALFpaka] [WARNING] Log_spec ignored when pcen is set (extractSTFT:84)
2024-05-29 20:16:43.996 [ALFpaka] [WARNING] Log_spec ignored when pcen is set (extractSTFT:84)
2024-05-29 20:16:44.422 [ALFpaka] [WARNING] Log_spec ignored when pcen is set (extractSTFT:84)
2024-05-29 20:16:44.421 [ALFpaka] [WARNING] Log_spec ignored when pcen is set (extractSTFT:84)
2024-05-29 20:16:44.424 [ALFpaka] [WARNING] Log_spec ignored when pcen is set (extractSTFT:84)
2024-05-29 20:16:44.420 [ALFpaka] [WARNING] Log_spec ignored when pcen is set (extractSTFT:84)
2024-05-29 20:16:44.423 [ALFpaka] [WARNING] Log_spec ignored when pcen is set (extractSTFT:84)
2024-05-29 20:16:44.428 [ALFpaka] [WARNING] Log_spec ignored when pcen is set (extractSTFT:84)
2024-05-29 20:16:44.427 [ALFpaka] [WARNING] Log_spec ignored when pcen is set (extractSTFT:84)
2024-05-29 20:16:44.426 [ALFpaka] [WARNING] Log_spec ignored when pcen is set (extractSTFT:84)
2024-05-29 20:16:44.469 [ALFpaka] [WARNING] Log_spec ignored when pcen is set (extractSTFT:84)
2024-05-29 20:16:44.525 [ALFpaka] [WARNING] Log_spec ignored when pcen is set (extractSTFT:84)
2024-05-29 20:16:44.524 [ALFpaka] [WARNING] Log_spec ignored when pcen is set (extractSTFT:84)
2024-05-29 20:16:44.525 [ALFpaka] [WARNING] Log_spec ignored when pcen is set (extractSTFT:84)
2024-05-29 20:16:44.527 [ALFpaka] [WARNING] Log_spec ignored when pcen is set (extractSTFT:84)
2024-05-29 20:16:44.540 [ALFpaka] [WARNING] Log_spec ignored when pcen is set (extractSTFT:84)
2024-05-29 20:16:44.700 [ALFpaka] [WARNING] Log_spec ignored when pcen is set (extractSTFT:84)
2024-05-29 20:16:44.701 [ALFpaka] [WARNING] Log_spec ignored when pcen is set (extractSTFT:84)
2024-05-29 20:16:44.701 [ALFpaka] [WARNING] Log_spec ignored when pcen is set (extractSTFT:84)
2024-05-29 20:16:44.794 [ALFpaka] [WARNING] Log_spec ignored when pcen is set (extractSTFT:84)
2024-05-29 20:16:45.278 [ALFpaka] [WARNING] Log_spec ignored when pcen is set (extractSTFT:84)
2024-05-29 20:16:45.278 [ALFpaka] [WARNING] Log_spec ignored when pcen is set (extractSTFT:84)
2024-05-29 20:16:45.279 [ALFpaka] [WARNING] Log_spec ignored when pcen is set (extractSTFT:84)
2024-05-29 20:16:45.280 [ALFpaka] [WARNING] Log_spec ignored when pcen is set (extractSTFT:84)
2024-05-29 20:16:45.281 [ALFpaka] [WARNING] Log_spec ignored when pcen is set (extractSTFT:84)
2024-05-29 20:16:45.282 [ALFpaka] [WARNING] Log_spec ignored when pcen is set (extractSTFT:84)
2024-05-29 20:16:45.283 [ALFpaka] [WARNING] Log_spec ignored when pcen is set (extractSTFT:84)
2024-05-29 20:16:45.386 [ALFpaka] [WARNING] Log_spec ignored when pcen is set (extractSTFT:84)
2024-05-29 20:16:45.476 [ALFpaka] [WARNING] Log_spec ignored when pcen is set (extractSTFT:84)
2024-05-29 20:16:45.550 [ALFpaka] [WARNING] Log_spec ignored when pcen is set (extractSTFT:84)
2024-05-29 20:16:45.587 [ALFpaka] [WARNING] Log_spec ignored when pcen is set (extractSTFT:84)
2024-05-29 20:16:45.628 [ALFpaka] [WARNING] Log_spec ignored when pcen is set (extractSTFT:84)
2024-05-29 20:16:45.673 [ALFpaka] [WARNING] Log_spec ignored when pcen is set (extractSTFT:84)
2024-05-29 20:16:45.681 [ALFpaka] [WARNING] Log_spec ignored when pcen is set (extractSTFT:84)
2024-05-29 20:16:45.882 [ALFpaka] [WARNING] Log_spec ignored when pcen is set (extractSTFT:84)
2024-05-29 20:16:45.880 [ALFpaka] [WARNING] Log_spec ignored when pcen is set (extractSTFT:84)
2024-05-29 20:16:45.923 [ALFpaka] [WARNING] Log_spec ignored when pcen is set (extractSTFT:84)
2024-05-29 20:16:45.937 [ALFpaka] [WARNING] Log_spec ignored when pcen is set (extractSTFT:84)
2024-05-29 20:16:45.993 [ALFpaka] [WARNING] Log_spec ignored when pcen is set (extractSTFT:84)
2024-05-29 20:16:46.012 [ALFpaka] [WARNING] Log_spec ignored when pcen is set (extractSTFT:84)
2024-05-29 20:16:46.252 [ALFpaka] [WARNING] Log_spec ignored when pcen is set (extractSTFT:84)
2024-05-29 20:16:46.251 [ALFpaka] [WARNING] Log_spec ignored when pcen is set (extractSTFT:84)
2024-05-29 20:16:46.305 [ALFpaka] [WARNING] Audio normalization: Silent file with amplitude of 0. (normalize_audio:359)
2024-05-29 20:16:46.466 [ALFpaka] [WARNING] Log_spec ignored when pcen is set (extractSTFT:84)
2024-05-29 20:16:46.476 [ALFpaka] [WARNING] Log_spec ignored when pcen is set (extractSTFT:84)
2024-05-29 20:16:46.463 [ALFpaka] [WARNING] Log_spec ignored when pcen is set (extractSTFT:84)
2024-05-29 20:16:46.463 [ALFpaka] [WARNING] Log_spec ignored when pcen is set (extractSTFT:84)
2024-05-29 20:16:46.465 [ALFpaka] [WARNING] Log_spec ignored when pcen is set (extractSTFT:84)
2024-05-29 20:16:46.482 [ALFpaka] [WARNING] Audio normalization: Silent file with amplitude of 0. (normalize_audio:359)
2024-05-29 20:16:46.482 [ALFpaka] [WARNING] Audio normalization: Silent file with amplitude of 0. (normalize_audio:359)
2024-05-29 20:16:46.724 [ALFpaka] [WARNING] Log_spec ignored when pcen is set (extractSTFT:84)
2024-05-29 20:16:46.768 [ALFpaka] [WARNING] Log_spec ignored when pcen is set (extractSTFT:84)
2024-05-29 20:16:46.767 [ALFpaka] [WARNING] Log_spec ignored when pcen is set (extractSTFT:84)
2024-05-29 20:16:46.820 [ALFpaka] [WARNING] Audio normalization: Silent file with amplitude of 0. (normalize_audio:359)
2024-05-29 20:16:46.830 [ALFpaka] [WARNING] Log_spec ignored when pcen is set (extractSTFT:84)
2024-05-29 20:16:46.878 [ALFpaka] [WARNING] Log_spec ignored when pcen is set (extractSTFT:84)
2024-05-29 20:16:47.019 [ALFpaka] [WARNING] Log_spec ignored when pcen is set (extractSTFT:84)
2024-05-29 20:16:47.020 [ALFpaka] [WARNING] Log_spec ignored when pcen is set (extractSTFT:84)
2024-05-29 20:16:46.562 [ALFpaka] [WARNING] Log_spec ignored when pcen is set (extractSTFT:84)
2024-05-29 20:16:47.412 [ALFpaka] [WARNING] Log_spec ignored when pcen is set (extractSTFT:84)
2024-05-29 20:16:47.411 [ALFpaka] [WARNING] Log_spec ignored when pcen is set (extractSTFT:84)
2024-05-29 20:16:47.424 [ALFpaka] [WARNING] Log_spec ignored when pcen is set (extractSTFT:84)
2024-05-29 20:16:47.411 [ALFpaka] [WARNING] Log_spec ignored when pcen is set (extractSTFT:84)
2024-05-29 20:16:47.438 [ALFpaka] [WARNING] Log_spec ignored when pcen is set (extractSTFT:84)
2024-05-29 20:16:47.419 [ALFpaka] [WARNING] Log_spec ignored when pcen is set (extractSTFT:84)
2024-05-29 20:16:47.421 [ALFpaka] [WARNING] Log_spec ignored when pcen is set (extractSTFT:84)
2024-05-29 20:16:47.422 [ALFpaka] [WARNING] Log_spec ignored when pcen is set (extractSTFT:84)
2024-05-29 20:16:47.420 [ALFpaka] [WARNING] Log_spec ignored when pcen is set (extractSTFT:84)
2024-05-29 20:16:47.423 [ALFpaka] [WARNING] Log_spec ignored when pcen is set (extractSTFT:84)
2024-05-29 20:16:48.090 [ALFpaka] [WARNING] Log_spec ignored when pcen is set (extractSTFT:84)
2024-05-29 20:16:48.087 [ALFpaka] [WARNING] Log_spec ignored when pcen is set (extractSTFT:84)
2024-05-29 20:16:48.085 [ALFpaka] [WARNING] Log_spec ignored when pcen is set (extractSTFT:84)
2024-05-29 20:16:48.088 [ALFpaka] [WARNING] Log_spec ignored when pcen is set (extractSTFT:84)
2024-05-29 20:16:48.088 [ALFpaka] [WARNING] Log_spec ignored when pcen is set (extractSTFT:84)
2024-05-29 20:16:48.085 [ALFpaka] [WARNING] Log_spec ignored when pcen is set (extractSTFT:84)
2024-05-29 20:16:48.190 [ALFpaka] [WARNING] Log_spec ignored when pcen is set (extractSTFT:84)
2024-05-29 20:16:48.190 [ALFpaka] [WARNING] Log_spec ignored when pcen is set (extractSTFT:84)
2024-05-29 20:16:48.193 [ALFpaka] [WARNING] Log_spec ignored when pcen is set (extractSTFT:84)
2024-05-29 20:16:48.191 [ALFpaka] [WARNING] Log_spec ignored when pcen is set (extractSTFT:84)
2024-05-29 20:16:48.216 [ALFpaka] [WARNING] Log_spec ignored when pcen is set (extractSTFT:84)
2024-05-29 20:16:48.228 [ALFpaka] [WARNING] Log_spec ignored when pcen is set (extractSTFT:84)
2024-05-29 20:16:48.237 [ALFpaka] [WARNING] Log_spec ignored when pcen is set (extractSTFT:84)
2024-05-29 20:16:48.274 [ALFpaka] [WARNING] Log_spec ignored when pcen is set (extractSTFT:84)
2024-05-29 20:16:48.475 [ALFpaka] [WARNING] Log_spec ignored when pcen is set (extractSTFT:84)
2024-05-29 20:16:48.515 [ALFpaka] [WARNING] Log_spec ignored when pcen is set (extractSTFT:84)
2024-05-29 20:16:48.514 [ALFpaka] [WARNING] Log_spec ignored when pcen is set (extractSTFT:84)
2024-05-29 20:16:48.516 [ALFpaka] [WARNING] Log_spec ignored when pcen is set (extractSTFT:84)
2024-05-29 20:16:48.794 [ALFpaka] [WARNING] Log_spec ignored when pcen is set (extractSTFT:84)
2024-05-29 20:16:48.793 [ALFpaka] [WARNING] Log_spec ignored when pcen is set (extractSTFT:84)
2024-05-29 20:16:48.794 [ALFpaka] [WARNING] Log_spec ignored when pcen is set (extractSTFT:84)
2024-05-29 20:16:48.801 [ALFpaka] [WARNING] Log_spec ignored when pcen is set (extractSTFT:84)
2024-05-29 20:16:48.800 [ALFpaka] [WARNING] Log_spec ignored when pcen is set (extractSTFT:84)
2024-05-29 20:16:48.851 [ALFpaka] [WARNING] Log_spec ignored when pcen is set (extractSTFT:84)
2024-05-29 20:16:48.858 [ALFpaka] [WARNING] Log_spec ignored when pcen is set (extractSTFT:84)
2024-05-29 20:16:48.900 [ALFpaka] [WARNING] Log_spec ignored when pcen is set (extractSTFT:84)
2024-05-29 20:16:48.993 [ALFpaka] [WARNING] Log_spec ignored when pcen is set (extractSTFT:84)
2024-05-29 20:16:48.998 [ALFpaka] [WARNING] Log_spec ignored when pcen is set (extractSTFT:84)
2024-05-29 20:16:49.220 [ALFpaka] [WARNING] Log_spec ignored when pcen is set (extractSTFT:84)
2024-05-29 20:16:49.220 [ALFpaka] [WARNING] Log_spec ignored when pcen is set (extractSTFT:84)
2024-05-29 20:16:49.221 [ALFpaka] [WARNING] Log_spec ignored when pcen is set (extractSTFT:84)
2024-05-29 20:16:49.239 [ALFpaka] [WARNING] Log_spec ignored when pcen is set (extractSTFT:84)
2024-05-29 20:16:49.219 [ALFpaka] [WARNING] Log_spec ignored when pcen is set (extractSTFT:84)
2024-05-29 20:16:49.292 [ALFpaka] [WARNING] Log_spec ignored when pcen is set (extractSTFT:84)
2024-05-29 20:16:49.270 [ALFpaka] [WARNING] Log_spec ignored when pcen is set (extractSTFT:84)
2024-05-29 20:16:49.342 [ALFpaka] [WARNING] Log_spec ignored when pcen is set (extractSTFT:84)
2024-05-29 20:16:49.651 [ALFpaka] [WARNING] Log_spec ignored when pcen is set (extractSTFT:84)
2024-05-29 20:16:49.810 [ALFpaka] [WARNING] Log_spec ignored when pcen is set (extractSTFT:84)
2024-05-29 20:16:49.715 [ALFpaka] [WARNING] Log_spec ignored when pcen is set (extractSTFT:84)
2024-05-29 20:16:49.817 [ALFpaka] [WARNING] Log_spec ignored when pcen is set (extractSTFT:84)
2024-05-29 20:16:49.718 [ALFpaka] [WARNING] Log_spec ignored when pcen is set (extractSTFT:84)
2024-05-29 20:16:49.924 [ALFpaka] [WARNING] Log_spec ignored when pcen is set (extractSTFT:84)
2024-05-29 20:16:50.062 [ALFpaka] [WARNING] Log_spec ignored when pcen is set (extractSTFT:84)
2024-05-29 20:16:50.159 [ALFpaka] [WARNING] Log_spec ignored when pcen is set (extractSTFT:84)
2024-05-29 20:16:50.208 [ALFpaka] [WARNING] Log_spec ignored when pcen is set (extractSTFT:84)
2024-05-29 20:16:50.284 [ALFpaka] [WARNING] Log_spec ignored when pcen is set (extractSTFT:84)
2024-05-29 20:16:50.406 [ALFpaka] [WARNING] Log_spec ignored when pcen is set (extractSTFT:84)
2024-05-29 20:16:50.426 [ALFpaka] [WARNING] Log_spec ignored when pcen is set (extractSTFT:84)
2024-05-29 20:16:50.559 [ALFpaka] [WARNING] Log_spec ignored when pcen is set (extractSTFT:84)
2024-05-29 20:16:50.555 [ALFpaka] [WARNING] Log_spec ignored when pcen is set (extractSTFT:84)
2024-05-29 20:16:50.560 [ALFpaka] [WARNING] Log_spec ignored when pcen is set (extractSTFT:84)
2024-05-29 20:16:50.716 [ALFpaka] [WARNING] Log_spec ignored when pcen is set (extractSTFT:84)
2024-05-29 20:16:50.717 [ALFpaka] [WARNING] Log_spec ignored when pcen is set (extractSTFT:84)
2024-05-29 20:16:50.717 [ALFpaka] [WARNING] Log_spec ignored when pcen is set (extractSTFT:84)
2024-05-29 20:16:50.714 [ALFpaka] [WARNING] Log_spec ignored when pcen is set (extractSTFT:84)
2024-05-29 20:16:50.854 [ALFpaka] [WARNING] Log_spec ignored when pcen is set (extractSTFT:84)
2024-05-29 20:16:50.936 [ALFpaka] [WARNING] Log_spec ignored when pcen is set (extractSTFT:84)
2024-05-29 20:16:51.006 [ALFpaka] [WARNING] Log_spec ignored when pcen is set (extractSTFT:84)
2024-05-29 20:16:51.281 [ALFpaka] [WARNING] Log_spec ignored when pcen is set (extractSTFT:84)
2024-05-29 20:16:51.379 [ALFpaka] [WARNING] Log_spec ignored when pcen is set (extractSTFT:84)
2024-05-29 20:16:51.382 [ALFpaka] [WARNING] Log_spec ignored when pcen is set (extractSTFT:84)
2024-05-29 20:16:51.389 [ALFpaka] [WARNING] Log_spec ignored when pcen is set (extractSTFT:84)
2024-05-29 20:16:51.394 [ALFpaka] [WARNING] Log_spec ignored when pcen is set (extractSTFT:84)
2024-05-29 20:16:51.393 [ALFpaka] [WARNING] Log_spec ignored when pcen is set (extractSTFT:84)
2024-05-29 20:16:51.412 [ALFpaka] [WARNING] Log_spec ignored when pcen is set (extractSTFT:84)
2024-05-29 20:16:51.448 [ALFpaka] [WARNING] Log_spec ignored when pcen is set (extractSTFT:84)
2024-05-29 20:16:51.448 [ALFpaka] [WARNING] Log_spec ignored when pcen is set (extractSTFT:84)
2024-05-29 20:16:51.449 [ALFpaka] [WARNING] Log_spec ignored when pcen is set (extractSTFT:84)
2024-05-29 20:16:51.410 [ALFpaka] [WARNING] Log_spec ignored when pcen is set (extractSTFT:84)
2024-05-29 20:16:51.473 [ALFpaka] [WARNING] Log_spec ignored when pcen is set (extractSTFT:84)
2024-05-29 20:16:51.547 [ALFpaka] [WARNING] Log_spec ignored when pcen is set (extractSTFT:84)
2024-05-29 20:16:51.580 [ALFpaka] [WARNING] Log_spec ignored when pcen is set (extractSTFT:84)
2024-05-29 20:16:51.477 [ALFpaka] [WARNING] Log_spec ignored when pcen is set (extractSTFT:84)
2024-05-29 20:16:51.612 [ALFpaka] [WARNING] Log_spec ignored when pcen is set (extractSTFT:84)
2024-05-29 20:16:51.550 [ALFpaka] [WARNING] Log_spec ignored when pcen is set (extractSTFT:84)
2024-05-29 20:16:51.719 [ALFpaka] [WARNING] Log_spec ignored when pcen is set (extractSTFT:84)
2024-05-29 20:16:51.787 [ALFpaka] [WARNING] Log_spec ignored when pcen is set (extractSTFT:84)
2024-05-29 20:16:52.125 [ALFpaka] [WARNING] Log_spec ignored when pcen is set (extractSTFT:84)
2024-05-29 20:16:52.135 [ALFpaka] [WARNING] Log_spec ignored when pcen is set (extractSTFT:84)
2024-05-29 20:16:52.134 [ALFpaka] [WARNING] Log_spec ignored when pcen is set (extractSTFT:84)
2024-05-29 20:16:52.139 [ALFpaka] [WARNING] Log_spec ignored when pcen is set (extractSTFT:84)
2024-05-29 20:16:52.168 [ALFpaka] [WARNING] Log_spec ignored when pcen is set (extractSTFT:84)
2024-05-29 20:16:52.209 [ALFpaka] [WARNING] Log_spec ignored when pcen is set (extractSTFT:84)
2024-05-29 20:16:52.281 [ALFpaka] [WARNING] Log_spec ignored when pcen is set (extractSTFT:84)
2024-05-29 20:16:52.282 [ALFpaka] [WARNING] Log_spec ignored when pcen is set (extractSTFT:84)
2024-05-29 20:16:52.302 [ALFpaka] [WARNING] Log_spec ignored when pcen is set (extractSTFT:84)
2024-05-29 20:16:52.414 [ALFpaka] [WARNING] Log_spec ignored when pcen is set (extractSTFT:84)
2024-05-29 20:16:52.454 [ALFpaka] [WARNING] Log_spec ignored when pcen is set (extractSTFT:84)
2024-05-29 20:16:52.506 [ALFpaka] [WARNING] Log_spec ignored when pcen is set (extractSTFT:84)
2024-05-29 20:16:52.714 [ALFpaka] [WARNING] Log_spec ignored when pcen is set (extractSTFT:84)
2024-05-29 20:16:52.713 [ALFpaka] [WARNING] Log_spec ignored when pcen is set (extractSTFT:84)
2024-05-29 20:16:52.799 [ALFpaka] [WARNING] Log_spec ignored when pcen is set (extractSTFT:84)
2024-05-29 20:16:52.896 [ALFpaka] [WARNING] Log_spec ignored when pcen is set (extractSTFT:84)
2024-05-29 20:16:53.065 [ALFpaka] [WARNING] Log_spec ignored when pcen is set (extractSTFT:84)
2024-05-29 20:16:53.180 [ALFpaka] [WARNING] Log_spec ignored when pcen is set (extractSTFT:84)
2024-05-29 20:16:53.531 [ALFpaka] [WARNING] Log_spec ignored when pcen is set (extractSTFT:84)
2024-05-29 20:16:53.530 [ALFpaka] [WARNING] Log_spec ignored when pcen is set (extractSTFT:84)
2024-05-29 20:16:53.537 [ALFpaka] [WARNING] Log_spec ignored when pcen is set (extractSTFT:84)
2024-05-29 20:16:53.534 [ALFpaka] [WARNING] Log_spec ignored when pcen is set (extractSTFT:84)
2024-05-29 20:16:53.561 [ALFpaka] [WARNING] Log_spec ignored when pcen is set (extractSTFT:84)
2024-05-29 20:16:53.565 [ALFpaka] [WARNING] Log_spec ignored when pcen is set (extractSTFT:84)
2024-05-29 20:16:53.626 [ALFpaka] [WARNING] Log_spec ignored when pcen is set (extractSTFT:84)
2024-05-29 20:16:53.707 [ALFpaka] [WARNING] Log_spec ignored when pcen is set (extractSTFT:84)
2024-05-29 20:16:53.708 [ALFpaka] [WARNING] Log_spec ignored when pcen is set (extractSTFT:84)
2024-05-29 20:16:53.966 [ALFpaka] [WARNING] Log_spec ignored when pcen is set (extractSTFT:84)
2024-05-29 20:16:54.076 [ALFpaka] [WARNING] Log_spec ignored when pcen is set (extractSTFT:84)
2024-05-29 20:16:54.082 [ALFpaka] [WARNING] Log_spec ignored when pcen is set (extractSTFT:84)
2024-05-29 20:16:54.087 [ALFpaka] [WARNING] Log_spec ignored when pcen is set (extractSTFT:84)
2024-05-29 20:16:54.093 [ALFpaka] [WARNING] Log_spec ignored when pcen is set (extractSTFT:84)
2024-05-29 20:16:54.108 [ALFpaka] [WARNING] Log_spec ignored when pcen is set (extractSTFT:84)
2024-05-29 20:16:54.109 [ALFpaka] [WARNING] Log_spec ignored when pcen is set (extractSTFT:84)
2024-05-29 20:16:54.115 [ALFpaka] [WARNING] Log_spec ignored when pcen is set (extractSTFT:84)
2024-05-29 20:16:54.123 [ALFpaka] [WARNING] Log_spec ignored when pcen is set (extractSTFT:84)
2024-05-29 20:16:54.122 [ALFpaka] [WARNING] Log_spec ignored when pcen is set (extractSTFT:84)
2024-05-29 20:16:54.131 [ALFpaka] [WARNING] Log_spec ignored when pcen is set (extractSTFT:84)
2024-05-29 20:16:54.148 [ALFpaka] [WARNING] Log_spec ignored when pcen is set (extractSTFT:84)
2024-05-29 20:16:54.142 [ALFpaka] [WARNING] Log_spec ignored when pcen is set (extractSTFT:84)
2024-05-29 20:16:54.143 [ALFpaka] [WARNING] Log_spec ignored when pcen is set (extractSTFT:84)
2024-05-29 20:16:54.143 [ALFpaka] [WARNING] Log_spec ignored when pcen is set (extractSTFT:84)
2024-05-29 20:16:54.145 [ALFpaka] [WARNING] Log_spec ignored when pcen is set (extractSTFT:84)
2024-05-29 20:16:54.139 [ALFpaka] [WARNING] Log_spec ignored when pcen is set (extractSTFT:84)
2024-05-29 20:16:54.149 [ALFpaka] [WARNING] Log_spec ignored when pcen is set (extractSTFT:84)
2024-05-29 20:16:54.554 [ALFpaka] [WARNING] Log_spec ignored when pcen is set (extractSTFT:84)
2024-05-29 20:16:55.013 [ALFpaka] [WARNING] Log_spec ignored when pcen is set (extractSTFT:84)
2024-05-29 20:16:55.107 [ALFpaka] [WARNING] Log_spec ignored when pcen is set (extractSTFT:84)
2024-05-29 20:16:55.126 [ALFpaka] [WARNING] Log_spec ignored when pcen is set (extractSTFT:84)
2024-05-29 20:16:55.285 [ALFpaka] [WARNING] Log_spec ignored when pcen is set (extractSTFT:84)
2024-05-29 20:16:55.291 [ALFpaka] [WARNING] Log_spec ignored when pcen is set (extractSTFT:84)
2024-05-29 20:16:55.272 [ALFpaka] [WARNING] Log_spec ignored when pcen is set (extractSTFT:84)
2024-05-29 20:16:55.263 [ALFpaka] [WARNING] Log_spec ignored when pcen is set (extractSTFT:84)
2024-05-29 20:16:55.314 [ALFpaka] [WARNING] Log_spec ignored when pcen is set (extractSTFT:84)
2024-05-29 20:16:55.315 [ALFpaka] [WARNING] Log_spec ignored when pcen is set (extractSTFT:84)
2024-05-29 20:16:55.319 [ALFpaka] [WARNING] Log_spec ignored when pcen is set (extractSTFT:84)
2024-05-29 20:16:55.336 [ALFpaka] [WARNING] Log_spec ignored when pcen is set (extractSTFT:84)
2024-05-29 20:16:55.340 [ALFpaka] [WARNING] Log_spec ignored when pcen is set (extractSTFT:84)
2024-05-29 20:16:55.339 [ALFpaka] [WARNING] Log_spec ignored when pcen is set (extractSTFT:84)
2024-05-29 20:16:55.725 [ALFpaka] [WARNING] Log_spec ignored when pcen is set (extractSTFT:84)
2024-05-29 20:16:55.726 [ALFpaka] [WARNING] Log_spec ignored when pcen is set (extractSTFT:84)
2024-05-29 20:16:55.728 [ALFpaka] [WARNING] Log_spec ignored when pcen is set (extractSTFT:84)
2024-05-29 20:16:55.740 [ALFpaka] [WARNING] Log_spec ignored when pcen is set (extractSTFT:84)
2024-05-29 20:16:55.737 [ALFpaka] [WARNING] Log_spec ignored when pcen is set (extractSTFT:84)
2024-05-29 20:16:55.733 [ALFpaka] [WARNING] Log_spec ignored when pcen is set (extractSTFT:84)
2024-05-29 20:16:56.255 [ALFpaka] [WARNING] Log_spec ignored when pcen is set (extractSTFT:84)
2024-05-29 20:16:56.262 [ALFpaka] [WARNING] Log_spec ignored when pcen is set (extractSTFT:84)
2024-05-29 20:16:56.271 [ALFpaka] [WARNING] Log_spec ignored when pcen is set (extractSTFT:84)
2024-05-29 20:16:56.288 [ALFpaka] [WARNING] Log_spec ignored when pcen is set (extractSTFT:84)
2024-05-29 20:16:56.287 [ALFpaka] [WARNING] Log_spec ignored when pcen is set (extractSTFT:84)
2024-05-29 20:16:56.383 [ALFpaka] [WARNING] Log_spec ignored when pcen is set (extractSTFT:84)
2024-05-29 20:16:56.390 [ALFpaka] [WARNING] Log_spec ignored when pcen is set (extractSTFT:84)
2024-05-29 20:16:56.457 [ALFpaka] [WARNING] Log_spec ignored when pcen is set (extractSTFT:84)
2024-05-29 20:16:56.525 [ALFpaka] [WARNING] Log_spec ignored when pcen is set (extractSTFT:84)
2024-05-29 20:16:56.579 [ALFpaka] [WARNING] Log_spec ignored when pcen is set (extractSTFT:84)
2024-05-29 20:16:56.588 [ALFpaka] [WARNING] Log_spec ignored when pcen is set (extractSTFT:84)
2024-05-29 20:16:56.599 [ALFpaka] [WARNING] Audio normalization: Silent file with amplitude of 0. (normalize_audio:359)
2024-05-29 20:16:56.630 [ALFpaka] [WARNING] Log_spec ignored when pcen is set (extractSTFT:84)
2024-05-29 20:16:56.702 [ALFpaka] [WARNING] Log_spec ignored when pcen is set (extractSTFT:84)
2024-05-29 20:16:56.750 [ALFpaka] [WARNING] Log_spec ignored when pcen is set (extractSTFT:84)
2024-05-29 20:16:56.753 [ALFpaka] [WARNING] Log_spec ignored when pcen is set (extractSTFT:84)
2024-05-29 20:16:56.776 [ALFpaka] [WARNING] Log_spec ignored when pcen is set (extractSTFT:84)
2024-05-29 20:16:56.807 [ALFpaka] [WARNING] Log_spec ignored when pcen is set (extractSTFT:84)
2024-05-29 20:16:56.848 [ALFpaka] [WARNING] Log_spec ignored when pcen is set (extractSTFT:84)
2024-05-29 20:16:56.717 [ALFpaka] [WARNING] Audio normalization: Silent file with amplitude of 0. (normalize_audio:359)
2024-05-29 20:16:56.969 [ALFpaka] [WARNING] Log_spec ignored when pcen is set (extractSTFT:84)
2024-05-29 20:16:56.968 [ALFpaka] [WARNING] Log_spec ignored when pcen is set (extractSTFT:84)
2024-05-29 20:16:56.969 [ALFpaka] [WARNING] Log_spec ignored when pcen is set (extractSTFT:84)
2024-05-29 20:16:56.971 [ALFpaka] [WARNING] Log_spec ignored when pcen is set (extractSTFT:84)
2024-05-29 20:16:57.085 [ALFpaka] [WARNING] Log_spec ignored when pcen is set (extractSTFT:84)
2024-05-29 20:16:57.331 [ALFpaka] [WARNING] Log_spec ignored when pcen is set (extractSTFT:84)
2024-05-29 20:16:57.376 [ALFpaka] [WARNING] Log_spec ignored when pcen is set (extractSTFT:84)
2024-05-29 20:16:57.382 [ALFpaka] [WARNING] Log_spec ignored when pcen is set (extractSTFT:84)
2024-05-29 20:16:57.454 [ALFpaka] [WARNING] Log_spec ignored when pcen is set (extractSTFT:84)
2024-05-29 20:16:57.551 [ALFpaka] [WARNING] Log_spec ignored when pcen is set (extractSTFT:84)
2024-05-29 20:16:57.574 [ALFpaka] [WARNING] Log_spec ignored when pcen is set (extractSTFT:84)
2024-05-29 20:16:57.707 [ALFpaka] [WARNING] Log_spec ignored when pcen is set (extractSTFT:84)
2024-05-29 20:16:57.706 [ALFpaka] [WARNING] Log_spec ignored when pcen is set (extractSTFT:84)
2024-05-29 20:16:57.746 [ALFpaka] [WARNING] Log_spec ignored when pcen is set (extractSTFT:84)
2024-05-29 20:16:57.789 [ALFpaka] [WARNING] Log_spec ignored when pcen is set (extractSTFT:84)
2024-05-29 20:16:57.843 [ALFpaka] [WARNING] Log_spec ignored when pcen is set (extractSTFT:84)
2024-05-29 20:16:57.922 [ALFpaka] [WARNING] Log_spec ignored when pcen is set (extractSTFT:84)
2024-05-29 20:16:58.031 [ALFpaka] [WARNING] Log_spec ignored when pcen is set (extractSTFT:84)
2024-05-29 20:16:58.028 [ALFpaka] [WARNING] Log_spec ignored when pcen is set (extractSTFT:84)
2024-05-29 20:16:58.067 [ALFpaka] [WARNING] Log_spec ignored when pcen is set (extractSTFT:84)
2024-05-29 20:16:58.065 [ALFpaka] [WARNING] Log_spec ignored when pcen is set (extractSTFT:84)
2024-05-29 20:16:58.159 [ALFpaka] [WARNING] Log_spec ignored when pcen is set (extractSTFT:84)
2024-05-29 20:16:58.158 [ALFpaka] [WARNING] Log_spec ignored when pcen is set (extractSTFT:84)
2024-05-29 20:16:58.177 [ALFpaka] [WARNING] Log_spec ignored when pcen is set (extractSTFT:84)
2024-05-29 20:16:58.188 [ALFpaka] [WARNING] Audio normalization: Silent file with amplitude of 0. (normalize_audio:359)
2024-05-29 20:16:58.178 [ALFpaka] [WARNING] Log_spec ignored when pcen is set (extractSTFT:84)
2024-05-29 20:16:58.213 [ALFpaka] [WARNING] Log_spec ignored when pcen is set (extractSTFT:84)
2024-05-29 20:16:58.207 [ALFpaka] [WARNING] Log_spec ignored when pcen is set (extractSTFT:84)
2024-05-29 20:16:58.243 [ALFpaka] [WARNING] Log_spec ignored when pcen is set (extractSTFT:84)
2024-05-29 20:16:58.250 [ALFpaka] [WARNING] Audio normalization: Silent file with amplitude of 0. (normalize_audio:359)
2024-05-29 20:16:58.400 [ALFpaka] [WARNING] Log_spec ignored when pcen is set (extractSTFT:84)
2024-05-29 20:16:58.679 [ALFpaka] [WARNING] Log_spec ignored when pcen is set (extractSTFT:84)
2024-05-29 20:16:58.917 [ALFpaka] [WARNING] Log_spec ignored when pcen is set (extractSTFT:84)
2024-05-29 20:16:58.909 [ALFpaka] [WARNING] Log_spec ignored when pcen is set (extractSTFT:84)
2024-05-29 20:16:58.917 [ALFpaka] [WARNING] Log_spec ignored when pcen is set (extractSTFT:84)
2024-05-29 20:16:59.021 [ALFpaka] [WARNING] Log_spec ignored when pcen is set (extractSTFT:84)
2024-05-29 20:16:59.019 [ALFpaka] [WARNING] Log_spec ignored when pcen is set (extractSTFT:84)
2024-05-29 20:16:59.059 [ALFpaka] [WARNING] Log_spec ignored when pcen is set (extractSTFT:84)
2024-05-29 20:16:59.080 [ALFpaka] [WARNING] Log_spec ignored when pcen is set (extractSTFT:84)
2024-05-29 20:16:59.141 [ALFpaka] [WARNING] Log_spec ignored when pcen is set (extractSTFT:84)
2024-05-29 20:16:59.143 [ALFpaka] [WARNING] Log_spec ignored when pcen is set (extractSTFT:84)
2024-05-29 20:16:59.211 [ALFpaka] [WARNING] Log_spec ignored when pcen is set (extractSTFT:84)
2024-05-29 20:16:59.258 [ALFpaka] [WARNING] Log_spec ignored when pcen is set (extractSTFT:84)
2024-05-29 20:16:59.272 [ALFpaka] [WARNING] Log_spec ignored when pcen is set (extractSTFT:84)
2024-05-29 20:16:59.286 [ALFpaka] [WARNING] Log_spec ignored when pcen is set (extractSTFT:84)
2024-05-29 20:16:59.307 [ALFpaka] [WARNING] Log_spec ignored when pcen is set (extractSTFT:84)
2024-05-29 20:16:59.433 [ALFpaka] [WARNING] Log_spec ignored when pcen is set (extractSTFT:84)
2024-05-29 20:16:59.930 [ALFpaka] [WARNING] Log_spec ignored when pcen is set (extractSTFT:84)
2024-05-29 20:16:59.930 [ALFpaka] [WARNING] Log_spec ignored when pcen is set (extractSTFT:84)
2024-05-29 20:16:59.931 [ALFpaka] [WARNING] Log_spec ignored when pcen is set (extractSTFT:84)
2024-05-29 20:16:59.935 [ALFpaka] [WARNING] Log_spec ignored when pcen is set (extractSTFT:84)
2024-05-29 20:17:00.035 [ALFpaka] [WARNING] Log_spec ignored when pcen is set (extractSTFT:84)
2024-05-29 20:17:00.038 [ALFpaka] [WARNING] Log_spec ignored when pcen is set (extractSTFT:84)
2024-05-29 20:17:00.035 [ALFpaka] [WARNING] Log_spec ignored when pcen is set (extractSTFT:84)
2024-05-29 20:17:00.067 [ALFpaka] [WARNING] Log_spec ignored when pcen is set (extractSTFT:84)
2024-05-29 20:17:00.068 [ALFpaka] [WARNING] Log_spec ignored when pcen is set (extractSTFT:84)
2024-05-29 20:17:00.072 [ALFpaka] [WARNING] Log_spec ignored when pcen is set (extractSTFT:84)
2024-05-29 20:17:00.081 [ALFpaka] [WARNING] Log_spec ignored when pcen is set (extractSTFT:84)
2024-05-29 20:17:00.091 [ALFpaka] [WARNING] Log_spec ignored when pcen is set (extractSTFT:84)
2024-05-29 20:17:00.100 [ALFpaka] [WARNING] Log_spec ignored when pcen is set (extractSTFT:84)
2024-05-29 20:17:00.105 [ALFpaka] [WARNING] Log_spec ignored when pcen is set (extractSTFT:84)
2024-05-29 20:17:00.100 [ALFpaka] [WARNING] Log_spec ignored when pcen is set (extractSTFT:84)
2024-05-29 20:17:00.079 [ALFpaka] [WARNING] Log_spec ignored when pcen is set (extractSTFT:84)
2024-05-29 20:17:00.317 [ALFpaka] [WARNING] Log_spec ignored when pcen is set (extractSTFT:84)
2024-05-29 20:17:00.316 [ALFpaka] [WARNING] Log_spec ignored when pcen is set (extractSTFT:84)
2024-05-29 20:17:00.316 [ALFpaka] [WARNING] Log_spec ignored when pcen is set (extractSTFT:84)
2024-05-29 20:17:00.315 [ALFpaka] [WARNING] Log_spec ignored when pcen is set (extractSTFT:84)
2024-05-29 20:17:00.371 [ALFpaka] [WARNING] Log_spec ignored when pcen is set (extractSTFT:84)
2024-05-29 20:17:00.402 [ALFpaka] [WARNING] Log_spec ignored when pcen is set (extractSTFT:84)
2024-05-29 20:17:00.619 [ALFpaka] [WARNING] Log_spec ignored when pcen is set (extractSTFT:84)
2024-05-29 20:17:00.799 [ALFpaka] [WARNING] Log_spec ignored when pcen is set (extractSTFT:84)
2024-05-29 20:17:00.798 [ALFpaka] [WARNING] Log_spec ignored when pcen is set (extractSTFT:84)
2024-05-29 20:17:00.800 [ALFpaka] [WARNING] Log_spec ignored when pcen is set (extractSTFT:84)
2024-05-29 20:17:00.801 [ALFpaka] [WARNING] Log_spec ignored when pcen is set (extractSTFT:84)
2024-05-29 20:17:00.841 [ALFpaka] [WARNING] Log_spec ignored when pcen is set (extractSTFT:84)
2024-05-29 20:17:01.038 [ALFpaka] [WARNING] Log_spec ignored when pcen is set (extractSTFT:84)
2024-05-29 20:17:01.147 [ALFpaka] [WARNING] Log_spec ignored when pcen is set (extractSTFT:84)
2024-05-29 20:17:01.146 [ALFpaka] [WARNING] Log_spec ignored when pcen is set (extractSTFT:84)
2024-05-29 20:17:01.177 [ALFpaka] [WARNING] Log_spec ignored when pcen is set (extractSTFT:84)
2024-05-29 20:17:01.198 [ALFpaka] [WARNING] Log_spec ignored when pcen is set (extractSTFT:84)
2024-05-29 20:17:01.216 [ALFpaka] [WARNING] Log_spec ignored when pcen is set (extractSTFT:84)
2024-05-29 20:17:01.852 [ALFpaka] [WARNING] Log_spec ignored when pcen is set (extractSTFT:84)
2024-05-29 20:17:01.861 [ALFpaka] [WARNING] Log_spec ignored when pcen is set (extractSTFT:84)
2024-05-29 20:17:01.860 [ALFpaka] [WARNING] Log_spec ignored when pcen is set (extractSTFT:84)
2024-05-29 20:17:01.862 [ALFpaka] [WARNING] Log_spec ignored when pcen is set (extractSTFT:84)
2024-05-29 20:17:01.878 [ALFpaka] [WARNING] Log_spec ignored when pcen is set (extractSTFT:84)
2024-05-29 20:17:01.890 [ALFpaka] [WARNING] Log_spec ignored when pcen is set (extractSTFT:84)
2024-05-29 20:17:01.932 [ALFpaka] [WARNING] Log_spec ignored when pcen is set (extractSTFT:84)
2024-05-29 20:17:01.984 [ALFpaka] [WARNING] Log_spec ignored when pcen is set (extractSTFT:84)
2024-05-29 20:17:02.000 [ALFpaka] [WARNING] Log_spec ignored when pcen is set (extractSTFT:84)
2024-05-29 20:17:02.048 [ALFpaka] [WARNING] Log_spec ignored when pcen is set (extractSTFT:84)
2024-05-29 20:17:02.425 [ALFpaka] [WARNING] Log_spec ignored when pcen is set (extractSTFT:84)
2024-05-29 20:17:02.425 [ALFpaka] [WARNING] Log_spec ignored when pcen is set (extractSTFT:84)
2024-05-29 20:17:02.431 [ALFpaka] [WARNING] Log_spec ignored when pcen is set (extractSTFT:84)
2024-05-29 20:17:02.443 [ALFpaka] [WARNING] Log_spec ignored when pcen is set (extractSTFT:84)
2024-05-29 20:17:02.581 [ALFpaka] [WARNING] Log_spec ignored when pcen is set (extractSTFT:84)
2024-05-29 20:17:02.606 [ALFpaka] [WARNING] Log_spec ignored when pcen is set (extractSTFT:84)
2024-05-29 20:17:02.486 [ALFpaka] [WARNING] Log_spec ignored when pcen is set (extractSTFT:84)
2024-05-29 20:17:02.779 [ALFpaka] [WARNING] Log_spec ignored when pcen is set (extractSTFT:84)
2024-05-29 20:17:02.797 [ALFpaka] [WARNING] Log_spec ignored when pcen is set (extractSTFT:84)
2024-05-29 20:17:02.804 [ALFpaka] [WARNING] Log_spec ignored when pcen is set (extractSTFT:84)
2024-05-29 20:17:03.164 [ALFpaka] [WARNING] Log_spec ignored when pcen is set (extractSTFT:84)
2024-05-29 20:17:03.162 [ALFpaka] [WARNING] Log_spec ignored when pcen is set (extractSTFT:84)
2024-05-29 20:17:03.165 [ALFpaka] [WARNING] Log_spec ignored when pcen is set (extractSTFT:84)
2024-05-29 20:17:03.163 [ALFpaka] [WARNING] Log_spec ignored when pcen is set (extractSTFT:84)
2024-05-29 20:17:03.166 [ALFpaka] [WARNING] Log_spec ignored when pcen is set (extractSTFT:84)
2024-05-29 20:17:03.200 [ALFpaka] [WARNING] Log_spec ignored when pcen is set (extractSTFT:84)
2024-05-29 20:17:03.224 [ALFpaka] [WARNING] Log_spec ignored when pcen is set (extractSTFT:84)
2024-05-29 20:17:03.394 [ALFpaka] [WARNING] Log_spec ignored when pcen is set (extractSTFT:84)
2024-05-29 20:17:03.393 [ALFpaka] [WARNING] Log_spec ignored when pcen is set (extractSTFT:84)
2024-05-29 20:17:03.678 [ALFpaka] [WARNING] Log_spec ignored when pcen is set (extractSTFT:84)
2024-05-29 20:17:03.678 [ALFpaka] [WARNING] Log_spec ignored when pcen is set (extractSTFT:84)
2024-05-29 20:17:03.677 [ALFpaka] [WARNING] Log_spec ignored when pcen is set (extractSTFT:84)
2024-05-29 20:17:03.681 [ALFpaka] [WARNING] Log_spec ignored when pcen is set (extractSTFT:84)
2024-05-29 20:17:03.682 [ALFpaka] [WARNING] Log_spec ignored when pcen is set (extractSTFT:84)
2024-05-29 20:17:03.683 [ALFpaka] [WARNING] Log_spec ignored when pcen is set (extractSTFT:84)
2024-05-29 20:17:03.684 [ALFpaka] [WARNING] Log_spec ignored when pcen is set (extractSTFT:84)
2024-05-29 20:17:03.684 [ALFpaka] [WARNING] Log_spec ignored when pcen is set (extractSTFT:84)
2024-05-29 20:17:03.685 [ALFpaka] [WARNING] Log_spec ignored when pcen is set (extractSTFT:84)
2024-05-29 20:17:03.766 [ALFpaka] [WARNING] Log_spec ignored when pcen is set (extractSTFT:84)
2024-05-29 20:17:03.765 [ALFpaka] [WARNING] Log_spec ignored when pcen is set (extractSTFT:84)
2024-05-29 20:17:03.765 [ALFpaka] [WARNING] Log_spec ignored when pcen is set (extractSTFT:84)
2024-05-29 20:17:03.824 [ALFpaka] [WARNING] Log_spec ignored when pcen is set (extractSTFT:84)
2024-05-29 20:17:03.922 [ALFpaka] [WARNING] Log_spec ignored when pcen is set (extractSTFT:84)
2024-05-29 20:17:03.958 [ALFpaka] [WARNING] Log_spec ignored when pcen is set (extractSTFT:84)
2024-05-29 20:17:03.990 [ALFpaka] [WARNING] Log_spec ignored when pcen is set (extractSTFT:84)
2024-05-29 20:17:04.016 [ALFpaka] [WARNING] Log_spec ignored when pcen is set (extractSTFT:84)
2024-05-29 20:17:04.087 [ALFpaka] [WARNING] Log_spec ignored when pcen is set (extractSTFT:84)
2024-05-29 20:17:04.411 [ALFpaka] [WARNING] Log_spec ignored when pcen is set (extractSTFT:84)
2024-05-29 20:17:04.411 [ALFpaka] [WARNING] Log_spec ignored when pcen is set (extractSTFT:84)
2024-05-29 20:17:04.410 [ALFpaka] [WARNING] Log_spec ignored when pcen is set (extractSTFT:84)
2024-05-29 20:17:04.450 [ALFpaka] [WARNING] Log_spec ignored when pcen is set (extractSTFT:84)
2024-05-29 20:17:04.480 [ALFpaka] [WARNING] Log_spec ignored when pcen is set (extractSTFT:84)
2024-05-29 20:17:04.479 [ALFpaka] [WARNING] Log_spec ignored when pcen is set (extractSTFT:84)
2024-05-29 20:17:04.550 [ALFpaka] [WARNING] Log_spec ignored when pcen is set (extractSTFT:84)
2024-05-29 20:17:04.587 [ALFpaka] [WARNING] Log_spec ignored when pcen is set (extractSTFT:84)
2024-05-29 20:17:04.600 [ALFpaka] [WARNING] Log_spec ignored when pcen is set (extractSTFT:84)
2024-05-29 20:17:04.786 [ALFpaka] [WARNING] Log_spec ignored when pcen is set (extractSTFT:84)
2024-05-29 20:17:04.868 [ALFpaka] [WARNING] Log_spec ignored when pcen is set (extractSTFT:84)
2024-05-29 20:17:05.057 [ALFpaka] [WARNING] Log_spec ignored when pcen is set (extractSTFT:84)
2024-05-29 20:17:05.502 [ALFpaka] [WARNING] Log_spec ignored when pcen is set (extractSTFT:84)
2024-05-29 20:17:05.502 [ALFpaka] [WARNING] Log_spec ignored when pcen is set (extractSTFT:84)
2024-05-29 20:17:05.501 [ALFpaka] [WARNING] Log_spec ignored when pcen is set (extractSTFT:84)
2024-05-29 20:17:05.503 [ALFpaka] [WARNING] Log_spec ignored when pcen is set (extractSTFT:84)
2024-05-29 20:17:05.504 [ALFpaka] [WARNING] Log_spec ignored when pcen is set (extractSTFT:84)
2024-05-29 20:17:05.551 [ALFpaka] [WARNING] Log_spec ignored when pcen is set (extractSTFT:84)
2024-05-29 20:17:05.596 [ALFpaka] [WARNING] Log_spec ignored when pcen is set (extractSTFT:84)
2024-05-29 20:17:05.597 [ALFpaka] [WARNING] Log_spec ignored when pcen is set (extractSTFT:84)
2024-05-29 20:17:05.598 [ALFpaka] [WARNING] Log_spec ignored when pcen is set (extractSTFT:84)
2024-05-29 20:17:05.650 [ALFpaka] [WARNING] Log_spec ignored when pcen is set (extractSTFT:84)
2024-05-29 20:17:06.100 [ALFpaka] [WARNING] Log_spec ignored when pcen is set (extractSTFT:84)
2024-05-29 20:17:06.101 [ALFpaka] [WARNING] Log_spec ignored when pcen is set (extractSTFT:84)
2024-05-29 20:17:06.102 [ALFpaka] [WARNING] Log_spec ignored when pcen is set (extractSTFT:84)
2024-05-29 20:17:06.100 [ALFpaka] [WARNING] Log_spec ignored when pcen is set (extractSTFT:84)
2024-05-29 20:17:06.107 [ALFpaka] [WARNING] Log_spec ignored when pcen is set (extractSTFT:84)
2024-05-29 20:17:06.102 [ALFpaka] [WARNING] Log_spec ignored when pcen is set (extractSTFT:84)
2024-05-29 20:17:06.104 [ALFpaka] [WARNING] Log_spec ignored when pcen is set (extractSTFT:84)
2024-05-29 20:17:06.104 [ALFpaka] [WARNING] Log_spec ignored when pcen is set (extractSTFT:84)
2024-05-29 20:17:06.106 [ALFpaka] [WARNING] Log_spec ignored when pcen is set (extractSTFT:84)
2024-05-29 20:17:06.180 [ALFpaka] [WARNING] Log_spec ignored when pcen is set (extractSTFT:84)
2024-05-29 20:17:06.185 [ALFpaka] [WARNING] Log_spec ignored when pcen is set (extractSTFT:84)
2024-05-29 20:17:06.189 [ALFpaka] [WARNING] Log_spec ignored when pcen is set (extractSTFT:84)
2024-05-29 20:17:06.196 [ALFpaka] [WARNING] Log_spec ignored when pcen is set (extractSTFT:84)
2024-05-29 20:17:06.386 [ALFpaka] [WARNING] Log_spec ignored when pcen is set (extractSTFT:84)
2024-05-29 20:17:06.918 [ALFpaka] [WARNING] Log_spec ignored when pcen is set (extractSTFT:84)
2024-05-29 20:17:06.950 [ALFpaka] [WARNING] Log_spec ignored when pcen is set (extractSTFT:84)
2024-05-29 20:17:06.997 [ALFpaka] [WARNING] Log_spec ignored when pcen is set (extractSTFT:84)
2024-05-29 20:17:06.994 [ALFpaka] [WARNING] Log_spec ignored when pcen is set (extractSTFT:84)
2024-05-29 20:17:07.470 [ALFpaka] [WARNING] Log_spec ignored when pcen is set (extractSTFT:84)
2024-05-29 20:17:07.469 [ALFpaka] [WARNING] Log_spec ignored when pcen is set (extractSTFT:84)
2024-05-29 20:17:07.510 [ALFpaka] [WARNING] Log_spec ignored when pcen is set (extractSTFT:84)
2024-05-29 20:17:07.518 [ALFpaka] [WARNING] Log_spec ignored when pcen is set (extractSTFT:84)
2024-05-29 20:17:07.523 [ALFpaka] [WARNING] Log_spec ignored when pcen is set (extractSTFT:84)
2024-05-29 20:17:07.530 [ALFpaka] [WARNING] Log_spec ignored when pcen is set (extractSTFT:84)
2024-05-29 20:17:07.541 [ALFpaka] [WARNING] Log_spec ignored when pcen is set (extractSTFT:84)
2024-05-29 20:17:07.541 [ALFpaka] [WARNING] Log_spec ignored when pcen is set (extractSTFT:84)
2024-05-29 20:17:07.551 [ALFpaka] [WARNING] Log_spec ignored when pcen is set (extractSTFT:84)
2024-05-29 20:17:07.550 [ALFpaka] [WARNING] Log_spec ignored when pcen is set (extractSTFT:84)
2024-05-29 20:17:07.573 [ALFpaka] [WARNING] Log_spec ignored when pcen is set (extractSTFT:84)
2024-05-29 20:17:07.576 [ALFpaka] [WARNING] Log_spec ignored when pcen is set (extractSTFT:84)
2024-05-29 20:17:07.641 [ALFpaka] [WARNING] Log_spec ignored when pcen is set (extractSTFT:84)
2024-05-29 20:17:07.649 [ALFpaka] [WARNING] Log_spec ignored when pcen is set (extractSTFT:84)
2024-05-29 20:17:07.708 [ALFpaka] [WARNING] Log_spec ignored when pcen is set (extractSTFT:84)
2024-05-29 20:17:07.706 [ALFpaka] [WARNING] Log_spec ignored when pcen is set (extractSTFT:84)
2024-05-29 20:17:07.707 [ALFpaka] [WARNING] Log_spec ignored when pcen is set (extractSTFT:84)
2024-05-29 20:17:07.724 [ALFpaka] [WARNING] Log_spec ignored when pcen is set (extractSTFT:84)
2024-05-29 20:17:07.738 [ALFpaka] [WARNING] Log_spec ignored when pcen is set (extractSTFT:84)
2024-05-29 20:17:07.753 [ALFpaka] [WARNING] Log_spec ignored when pcen is set (extractSTFT:84)
2024-05-29 20:17:07.748 [ALFpaka] [WARNING] Log_spec ignored when pcen is set (extractSTFT:84)
2024-05-29 20:17:07.864 [ALFpaka] [WARNING] Log_spec ignored when pcen is set (extractSTFT:84)
2024-05-29 20:17:08.092 [ALFpaka] [WARNING] Log_spec ignored when pcen is set (extractSTFT:84)
2024-05-29 20:17:08.059 [ALFpaka] [WARNING] Log_spec ignored when pcen is set (extractSTFT:84)
2024-05-29 20:17:08.118 [ALFpaka] [WARNING] Log_spec ignored when pcen is set (extractSTFT:84)
2024-05-29 20:17:08.153 [ALFpaka] [WARNING] Log_spec ignored when pcen is set (extractSTFT:84)
2024-05-29 20:17:08.302 [ALFpaka] [WARNING] Log_spec ignored when pcen is set (extractSTFT:84)
2024-05-29 20:17:08.301 [ALFpaka] [WARNING] Log_spec ignored when pcen is set (extractSTFT:84)
2024-05-29 20:17:08.300 [ALFpaka] [WARNING] Log_spec ignored when pcen is set (extractSTFT:84)
2024-05-29 20:17:08.469 [ALFpaka] [WARNING] Log_spec ignored when pcen is set (extractSTFT:84)
2024-05-29 20:17:08.469 [ALFpaka] [WARNING] Log_spec ignored when pcen is set (extractSTFT:84)
2024-05-29 20:17:08.471 [ALFpaka] [WARNING] Log_spec ignored when pcen is set (extractSTFT:84)
2024-05-29 20:17:08.470 [ALFpaka] [WARNING] Log_spec ignored when pcen is set (extractSTFT:84)
2024-05-29 20:17:08.511 [ALFpaka] [WARNING] Log_spec ignored when pcen is set (extractSTFT:84)
2024-05-29 20:17:08.594 [ALFpaka] [WARNING] Log_spec ignored when pcen is set (extractSTFT:84)
2024-05-29 20:17:09.175 [ALFpaka] [WARNING] Log_spec ignored when pcen is set (extractSTFT:84)
2024-05-29 20:17:09.174 [ALFpaka] [WARNING] Log_spec ignored when pcen is set (extractSTFT:84)
2024-05-29 20:17:09.176 [ALFpaka] [WARNING] Log_spec ignored when pcen is set (extractSTFT:84)
2024-05-29 20:17:09.176 [ALFpaka] [WARNING] Log_spec ignored when pcen is set (extractSTFT:84)
2024-05-29 20:17:09.250 [ALFpaka] [WARNING] Log_spec ignored when pcen is set (extractSTFT:84)
2024-05-29 20:17:09.435 [ALFpaka] [WARNING] Log_spec ignored when pcen is set (extractSTFT:84)
2024-05-29 20:17:09.447 [ALFpaka] [WARNING] Log_spec ignored when pcen is set (extractSTFT:84)
2024-05-29 20:17:09.478 [ALFpaka] [WARNING] Log_spec ignored when pcen is set (extractSTFT:84)
2024-05-29 20:17:09.481 [ALFpaka] [WARNING] Log_spec ignored when pcen is set (extractSTFT:84)
2024-05-29 20:17:09.493 [ALFpaka] [WARNING] Log_spec ignored when pcen is set (extractSTFT:84)
2024-05-29 20:17:09.532 [ALFpaka] [WARNING] Log_spec ignored when pcen is set (extractSTFT:84)
2024-05-29 20:17:09.673 [ALFpaka] [WARNING] Log_spec ignored when pcen is set (extractSTFT:84)
2024-05-29 20:17:09.680 [ALFpaka] [WARNING] Log_spec ignored when pcen is set (extractSTFT:84)
2024-05-29 20:17:09.850 [ALFpaka] [WARNING] Log_spec ignored when pcen is set (extractSTFT:84)
2024-05-29 20:17:09.940 [ALFpaka] [WARNING] Log_spec ignored when pcen is set (extractSTFT:84)
2024-05-29 20:17:09.989 [ALFpaka] [WARNING] Log_spec ignored when pcen is set (extractSTFT:84)
2024-05-29 20:17:10.019 [ALFpaka] [WARNING] Log_spec ignored when pcen is set (extractSTFT:84)
2024-05-29 20:17:10.024 [ALFpaka] [WARNING] Log_spec ignored when pcen is set (extractSTFT:84)
2024-05-29 20:17:10.077 [ALFpaka] [WARNING] Log_spec ignored when pcen is set (extractSTFT:84)
2024-05-29 20:17:10.561 [ALFpaka] [WARNING] Log_spec ignored when pcen is set (extractSTFT:84)
2024-05-29 20:17:10.560 [ALFpaka] [WARNING] Log_spec ignored when pcen is set (extractSTFT:84)
2024-05-29 20:17:10.559 [ALFpaka] [WARNING] Log_spec ignored when pcen is set (extractSTFT:84)
2024-05-29 20:17:10.562 [ALFpaka] [WARNING] Log_spec ignored when pcen is set (extractSTFT:84)
2024-05-29 20:17:10.569 [ALFpaka] [WARNING] Log_spec ignored when pcen is set (extractSTFT:84)
2024-05-29 20:17:10.648 [ALFpaka] [WARNING] Log_spec ignored when pcen is set (extractSTFT:84)
2024-05-29 20:17:10.568 [ALFpaka] [WARNING] Log_spec ignored when pcen is set (extractSTFT:84)
2024-05-29 20:17:10.701 [ALFpaka] [WARNING] Log_spec ignored when pcen is set (extractSTFT:84)
2024-05-29 20:17:10.753 [ALFpaka] [WARNING] Log_spec ignored when pcen is set (extractSTFT:84)
2024-05-29 20:17:10.779 [ALFpaka] [WARNING] Log_spec ignored when pcen is set (extractSTFT:84)
2024-05-29 20:17:10.776 [ALFpaka] [WARNING] Log_spec ignored when pcen is set (extractSTFT:84)
2024-05-29 20:17:10.780 [ALFpaka] [WARNING] Log_spec ignored when pcen is set (extractSTFT:84)
2024-05-29 20:17:10.781 [ALFpaka] [WARNING] Log_spec ignored when pcen is set (extractSTFT:84)
2024-05-29 20:17:10.775 [ALFpaka] [WARNING] Log_spec ignored when pcen is set (extractSTFT:84)
2024-05-29 20:17:10.812 [ALFpaka] [WARNING] Log_spec ignored when pcen is set (extractSTFT:84)
2024-05-29 20:17:10.841 [ALFpaka] [WARNING] Log_spec ignored when pcen is set (extractSTFT:84)
2024-05-29 20:17:10.968 [ALFpaka] [WARNING] Log_spec ignored when pcen is set (extractSTFT:84)
2024-05-29 20:17:10.968 [ALFpaka] [WARNING] Log_spec ignored when pcen is set (extractSTFT:84)
2024-05-29 20:17:10.970 [ALFpaka] [WARNING] Log_spec ignored when pcen is set (extractSTFT:84)
2024-05-29 20:17:10.971 [ALFpaka] [WARNING] Log_spec ignored when pcen is set (extractSTFT:84)
2024-05-29 20:17:11.166 [ALFpaka] [WARNING] Log_spec ignored when pcen is set (extractSTFT:84)
2024-05-29 20:17:11.548 [ALFpaka] [WARNING] Log_spec ignored when pcen is set (extractSTFT:84)
2024-05-29 20:17:11.548 [ALFpaka] [WARNING] Log_spec ignored when pcen is set (extractSTFT:84)
2024-05-29 20:17:11.617 [ALFpaka] [WARNING] Log_spec ignored when pcen is set (extractSTFT:84)
2024-05-29 20:17:11.617 [ALFpaka] [WARNING] Log_spec ignored when pcen is set (extractSTFT:84)
2024-05-29 20:17:11.615 [ALFpaka] [WARNING] Log_spec ignored when pcen is set (extractSTFT:84)
2024-05-29 20:17:11.710 [ALFpaka] [WARNING] Log_spec ignored when pcen is set (extractSTFT:84)
2024-05-29 20:17:11.729 [ALFpaka] [WARNING] Log_spec ignored when pcen is set (extractSTFT:84)
2024-05-29 20:17:11.805 [ALFpaka] [WARNING] Log_spec ignored when pcen is set (extractSTFT:84)
2024-05-29 20:17:11.840 [ALFpaka] [WARNING] Log_spec ignored when pcen is set (extractSTFT:84)
2024-05-29 20:17:11.889 [ALFpaka] [WARNING] Log_spec ignored when pcen is set (extractSTFT:84)
2024-05-29 20:17:12.078 [ALFpaka] [WARNING] Log_spec ignored when pcen is set (extractSTFT:84)
2024-05-29 20:17:12.103 [ALFpaka] [WARNING] Log_spec ignored when pcen is set (extractSTFT:84)
2024-05-29 20:17:12.121 [ALFpaka] [WARNING] Log_spec ignored when pcen is set (extractSTFT:84)
2024-05-29 20:17:12.120 [ALFpaka] [WARNING] Log_spec ignored when pcen is set (extractSTFT:84)
2024-05-29 20:17:12.234 [ALFpaka] [WARNING] Log_spec ignored when pcen is set (extractSTFT:84)
2024-05-29 20:17:12.235 [ALFpaka] [WARNING] Log_spec ignored when pcen is set (extractSTFT:84)
2024-05-29 20:17:12.237 [ALFpaka] [WARNING] Log_spec ignored when pcen is set (extractSTFT:84)
2024-05-29 20:17:12.291 [ALFpaka] [WARNING] Log_spec ignored when pcen is set (extractSTFT:84)
2024-05-29 20:17:12.316 [ALFpaka] [WARNING] Log_spec ignored when pcen is set (extractSTFT:84)
2024-05-29 20:17:12.335 [ALFpaka] [WARNING] Log_spec ignored when pcen is set (extractSTFT:84)
2024-05-29 20:17:12.334 [ALFpaka] [WARNING] Log_spec ignored when pcen is set (extractSTFT:84)
2024-05-29 20:17:12.394 [ALFpaka] [WARNING] Log_spec ignored when pcen is set (extractSTFT:84)
2024-05-29 20:17:12.952 [ALFpaka] [WARNING] Log_spec ignored when pcen is set (extractSTFT:84)
2024-05-29 20:17:12.909 [ALFpaka] [WARNING] Log_spec ignored when pcen is set (extractSTFT:84)
2024-05-29 20:17:12.982 [ALFpaka] [WARNING] Log_spec ignored when pcen is set (extractSTFT:84)
2024-05-29 20:17:13.065 [ALFpaka] [WARNING] Log_spec ignored when pcen is set (extractSTFT:84)
2024-05-29 20:17:13.240 [ALFpaka] [WARNING] Log_spec ignored when pcen is set (extractSTFT:84)
2024-05-29 20:17:13.239 [ALFpaka] [WARNING] Log_spec ignored when pcen is set (extractSTFT:84)
2024-05-29 20:17:13.247 [ALFpaka] [WARNING] Log_spec ignored when pcen is set (extractSTFT:84)
2024-05-29 20:17:13.268 [ALFpaka] [WARNING] Log_spec ignored when pcen is set (extractSTFT:84)
2024-05-29 20:17:13.267 [ALFpaka] [WARNING] Log_spec ignored when pcen is set (extractSTFT:84)
2024-05-29 20:17:13.460 [ALFpaka] [WARNING] Log_spec ignored when pcen is set (extractSTFT:84)
2024-05-29 20:17:13.481 [ALFpaka] [WARNING] Log_spec ignored when pcen is set (extractSTFT:84)
2024-05-29 20:17:13.486 [ALFpaka] [WARNING] Log_spec ignored when pcen is set (extractSTFT:84)
2024-05-29 20:17:13.490 [ALFpaka] [WARNING] Audio normalization: Silent file with amplitude of 0. (normalize_audio:359)
2024-05-29 20:17:13.492 [ALFpaka] [WARNING] Log_spec ignored when pcen is set (extractSTFT:84)
2024-05-29 20:17:13.497 [ALFpaka] [WARNING] Log_spec ignored when pcen is set (extractSTFT:84)
2024-05-29 20:17:13.501 [ALFpaka] [WARNING] Audio normalization: Silent file with amplitude of 0. (normalize_audio:359)
2024-05-29 20:17:13.498 [ALFpaka] [WARNING] Log_spec ignored when pcen is set (extractSTFT:84)
2024-05-29 20:17:13.504 [ALFpaka] [WARNING] Audio normalization: Silent file with amplitude of 0. (normalize_audio:359)
2024-05-29 20:17:13.495 [ALFpaka] [WARNING] Log_spec ignored when pcen is set (extractSTFT:84)
2024-05-29 20:17:13.499 [ALFpaka] [WARNING] Log_spec ignored when pcen is set (extractSTFT:84)
2024-05-29 20:17:13.499 [ALFpaka] [WARNING] Log_spec ignored when pcen is set (extractSTFT:84)
2024-05-29 20:17:13.534 [ALFpaka] [WARNING] Log_spec ignored when pcen is set (extractSTFT:84)
2024-05-29 20:17:13.535 [ALFpaka] [WARNING] Log_spec ignored when pcen is set (extractSTFT:84)
2024-05-29 20:17:13.559 [ALFpaka] [WARNING] Log_spec ignored when pcen is set (extractSTFT:84)
2024-05-29 20:17:13.847 [ALFpaka] [WARNING] Log_spec ignored when pcen is set (extractSTFT:84)
2024-05-29 20:17:13.693 [ALFpaka] [WARNING] Log_spec ignored when pcen is set (extractSTFT:84)
2024-05-29 20:17:13.549 [ALFpaka] [WARNING] Audio normalization: Silent file with amplitude of 0. (normalize_audio:359)
2024-05-29 20:17:13.801 [ALFpaka] [WARNING] Log_spec ignored when pcen is set (extractSTFT:84)
2024-05-29 20:17:13.692 [ALFpaka] [WARNING] Log_spec ignored when pcen is set (extractSTFT:84)
2024-05-29 20:17:14.226 [ALFpaka] [WARNING] Log_spec ignored when pcen is set (extractSTFT:84)
2024-05-29 20:17:14.482 [ALFpaka] [WARNING] Log_spec ignored when pcen is set (extractSTFT:84)
2024-05-29 20:17:14.781 [ALFpaka] [WARNING] Log_spec ignored when pcen is set (extractSTFT:84)
2024-05-29 20:17:14.780 [ALFpaka] [WARNING] Log_spec ignored when pcen is set (extractSTFT:84)
2024-05-29 20:17:16.480 [ALFpaka] [INFO] Extracting features for class spain with id 3 (extractAndAddFeaturesToDataset:69)
2024-05-29 20:17:17.714 [ALFpaka] [WARNING] Log_spec ignored when pcen is set (extractSTFT:84)
2024-05-29 20:17:17.714 [ALFpaka] [WARNING] Log_spec ignored when pcen is set (extractSTFT:84)
2024-05-29 20:17:17.714 [ALFpaka] [WARNING] Log_spec ignored when pcen is set (extractSTFT:84)
2024-05-29 20:17:17.712 [ALFpaka] [WARNING] Log_spec ignored when pcen is set (extractSTFT:84)
2024-05-29 20:17:17.711 [ALFpaka] [WARNING] Log_spec ignored when pcen is set (extractSTFT:84)
2024-05-29 20:17:17.710 [ALFpaka] [WARNING] Log_spec ignored when pcen is set (extractSTFT:84)
2024-05-29 20:17:17.717 [ALFpaka] [WARNING] Log_spec ignored when pcen is set (extractSTFT:84)
2024-05-29 20:17:17.723 [ALFpaka] [WARNING] Log_spec ignored when pcen is set (extractSTFT:84)
2024-05-29 20:17:17.724 [ALFpaka] [WARNING] Log_spec ignored when pcen is set (extractSTFT:84)
2024-05-29 20:17:17.716 [ALFpaka] [WARNING] Log_spec ignored when pcen is set (extractSTFT:84)
2024-05-29 20:17:17.716 [ALFpaka] [WARNING] Log_spec ignored when pcen is set (extractSTFT:84)
2024-05-29 20:17:17.715 [ALFpaka] [WARNING] Log_spec ignored when pcen is set (extractSTFT:84)
2024-05-29 20:17:17.724 [ALFpaka] [WARNING] Log_spec ignored when pcen is set (extractSTFT:84)
2024-05-29 20:17:17.723 [ALFpaka] [WARNING] Log_spec ignored when pcen is set (extractSTFT:84)
2024-05-29 20:17:17.726 [ALFpaka] [WARNING] Log_spec ignored when pcen is set (extractSTFT:84)
2024-05-29 20:17:17.728 [ALFpaka] [WARNING] Log_spec ignored when pcen is set (extractSTFT:84)
2024-05-29 20:17:17.731 [ALFpaka] [WARNING] Log_spec ignored when pcen is set (extractSTFT:84)
2024-05-29 20:17:17.735 [ALFpaka] [WARNING] Log_spec ignored when pcen is set (extractSTFT:84)
2024-05-29 20:17:17.737 [ALFpaka] [WARNING] Log_spec ignored when pcen is set (extractSTFT:84)
2024-05-29 20:17:17.740 [ALFpaka] [WARNING] Log_spec ignored when pcen is set (extractSTFT:84)
2024-05-29 20:17:17.744 [ALFpaka] [WARNING] Log_spec ignored when pcen is set (extractSTFT:84)
2024-05-29 20:17:17.747 [ALFpaka] [WARNING] Log_spec ignored when pcen is set (extractSTFT:84)
2024-05-29 20:17:17.716 [ALFpaka] [WARNING] Log_spec ignored when pcen is set (extractSTFT:84)
2024-05-29 20:17:17.717 [ALFpaka] [WARNING] Log_spec ignored when pcen is set (extractSTFT:84)
2024-05-29 20:17:17.717 [ALFpaka] [WARNING] Log_spec ignored when pcen is set (extractSTFT:84)
2024-05-29 20:17:17.720 [ALFpaka] [WARNING] Log_spec ignored when pcen is set (extractSTFT:84)
2024-05-29 20:17:17.726 [ALFpaka] [WARNING] Log_spec ignored when pcen is set (extractSTFT:84)
2024-05-29 20:17:17.727 [ALFpaka] [WARNING] Log_spec ignored when pcen is set (extractSTFT:84)
2024-05-29 20:17:17.721 [ALFpaka] [WARNING] Log_spec ignored when pcen is set (extractSTFT:84)
2024-05-29 20:17:17.728 [ALFpaka] [WARNING] Log_spec ignored when pcen is set (extractSTFT:84)
2024-05-29 20:17:17.722 [ALFpaka] [WARNING] Log_spec ignored when pcen is set (extractSTFT:84)
2024-05-29 20:17:17.729 [ALFpaka] [WARNING] Log_spec ignored when pcen is set (extractSTFT:84)
2024-05-29 20:17:17.730 [ALFpaka] [WARNING] Log_spec ignored when pcen is set (extractSTFT:84)
2024-05-29 20:17:17.719 [ALFpaka] [WARNING] Log_spec ignored when pcen is set (extractSTFT:84)
2024-05-29 20:17:17.733 [ALFpaka] [WARNING] Log_spec ignored when pcen is set (extractSTFT:84)
2024-05-29 20:17:17.735 [ALFpaka] [WARNING] Log_spec ignored when pcen is set (extractSTFT:84)
2024-05-29 20:17:17.736 [ALFpaka] [WARNING] Log_spec ignored when pcen is set (extractSTFT:84)
2024-05-29 20:17:17.739 [ALFpaka] [WARNING] Log_spec ignored when pcen is set (extractSTFT:84)
2024-05-29 20:17:17.734 [ALFpaka] [WARNING] Log_spec ignored when pcen is set (extractSTFT:84)
2024-05-29 20:17:17.740 [ALFpaka] [WARNING] Log_spec ignored when pcen is set (extractSTFT:84)
2024-05-29 20:17:17.743 [ALFpaka] [WARNING] Log_spec ignored when pcen is set (extractSTFT:84)
2024-05-29 20:17:17.738 [ALFpaka] [WARNING] Log_spec ignored when pcen is set (extractSTFT:84)
2024-05-29 20:17:17.746 [ALFpaka] [WARNING] Log_spec ignored when pcen is set (extractSTFT:84)
2024-05-29 20:17:17.747 [ALFpaka] [WARNING] Log_spec ignored when pcen is set (extractSTFT:84)
2024-05-29 20:17:17.742 [ALFpaka] [WARNING] Log_spec ignored when pcen is set (extractSTFT:84)
2024-05-29 20:17:17.745 [ALFpaka] [WARNING] Log_spec ignored when pcen is set (extractSTFT:84)
2024-05-29 20:17:17.732 [ALFpaka] [WARNING] Log_spec ignored when pcen is set (extractSTFT:84)
2024-05-29 20:17:17.743 [ALFpaka] [WARNING] Log_spec ignored when pcen is set (extractSTFT:84)
2024-05-29 20:17:19.062 [ALFpaka] [WARNING] Log_spec ignored when pcen is set (extractSTFT:84)
2024-05-29 20:17:19.140 [ALFpaka] [WARNING] Log_spec ignored when pcen is set (extractSTFT:84)
2024-05-29 20:17:19.220 [ALFpaka] [WARNING] Log_spec ignored when pcen is set (extractSTFT:84)
2024-05-29 20:17:19.236 [ALFpaka] [WARNING] Log_spec ignored when pcen is set (extractSTFT:84)
2024-05-29 20:17:19.256 [ALFpaka] [WARNING] Log_spec ignored when pcen is set (extractSTFT:84)
2024-05-29 20:17:19.257 [ALFpaka] [WARNING] Log_spec ignored when pcen is set (extractSTFT:84)
2024-05-29 20:17:19.260 [ALFpaka] [WARNING] Log_spec ignored when pcen is set (extractSTFT:84)
2024-05-29 20:17:19.257 [ALFpaka] [WARNING] Log_spec ignored when pcen is set (extractSTFT:84)
2024-05-29 20:17:19.259 [ALFpaka] [WARNING] Log_spec ignored when pcen is set (extractSTFT:84)
2024-05-29 20:17:19.258 [ALFpaka] [WARNING] Log_spec ignored when pcen is set (extractSTFT:84)
2024-05-29 20:17:19.277 [ALFpaka] [WARNING] Log_spec ignored when pcen is set (extractSTFT:84)
2024-05-29 20:17:19.278 [ALFpaka] [WARNING] Log_spec ignored when pcen is set (extractSTFT:84)
2024-05-29 20:17:19.276 [ALFpaka] [WARNING] Log_spec ignored when pcen is set (extractSTFT:84)
2024-05-29 20:17:19.278 [ALFpaka] [WARNING] Log_spec ignored when pcen is set (extractSTFT:84)
2024-05-29 20:17:19.279 [ALFpaka] [WARNING] Log_spec ignored when pcen is set (extractSTFT:84)
2024-05-29 20:17:19.282 [ALFpaka] [WARNING] Log_spec ignored when pcen is set (extractSTFT:84)
2024-05-29 20:17:19.301 [ALFpaka] [WARNING] Log_spec ignored when pcen is set (extractSTFT:84)
2024-05-29 20:17:19.325 [ALFpaka] [WARNING] Log_spec ignored when pcen is set (extractSTFT:84)
2024-05-29 20:17:19.324 [ALFpaka] [WARNING] Log_spec ignored when pcen is set (extractSTFT:84)
2024-05-29 20:17:19.362 [ALFpaka] [WARNING] Log_spec ignored when pcen is set (extractSTFT:84)
2024-05-29 20:17:19.404 [ALFpaka] [WARNING] Log_spec ignored when pcen is set (extractSTFT:84)
2024-05-29 20:17:19.407 [ALFpaka] [WARNING] Log_spec ignored when pcen is set (extractSTFT:84)
2024-05-29 20:17:19.414 [ALFpaka] [WARNING] Log_spec ignored when pcen is set (extractSTFT:84)
2024-05-29 20:17:19.920 [ALFpaka] [WARNING] Log_spec ignored when pcen is set (extractSTFT:84)
2024-05-29 20:17:19.920 [ALFpaka] [WARNING] Log_spec ignored when pcen is set (extractSTFT:84)
2024-05-29 20:17:19.919 [ALFpaka] [WARNING] Log_spec ignored when pcen is set (extractSTFT:84)
2024-05-29 20:17:20.144 [ALFpaka] [WARNING] Log_spec ignored when pcen is set (extractSTFT:84)
2024-05-29 20:17:20.160 [ALFpaka] [WARNING] Log_spec ignored when pcen is set (extractSTFT:84)
2024-05-29 20:17:20.159 [ALFpaka] [WARNING] Log_spec ignored when pcen is set (extractSTFT:84)
2024-05-29 20:17:20.273 [ALFpaka] [WARNING] Log_spec ignored when pcen is set (extractSTFT:84)
2024-05-29 20:17:20.274 [ALFpaka] [WARNING] Log_spec ignored when pcen is set (extractSTFT:84)
2024-05-29 20:17:20.275 [ALFpaka] [WARNING] Log_spec ignored when pcen is set (extractSTFT:84)
2024-05-29 20:17:20.272 [ALFpaka] [WARNING] Log_spec ignored when pcen is set (extractSTFT:84)
2024-05-29 20:17:20.276 [ALFpaka] [WARNING] Log_spec ignored when pcen is set (extractSTFT:84)
2024-05-29 20:17:20.300 [ALFpaka] [WARNING] Log_spec ignored when pcen is set (extractSTFT:84)
2024-05-29 20:17:20.513 [ALFpaka] [WARNING] Log_spec ignored when pcen is set (extractSTFT:84)
2024-05-29 20:17:20.731 [ALFpaka] [WARNING] Log_spec ignored when pcen is set (extractSTFT:84)
2024-05-29 20:17:20.896 [ALFpaka] [WARNING] Log_spec ignored when pcen is set (extractSTFT:84)
2024-05-29 20:17:20.940 [ALFpaka] [WARNING] Log_spec ignored when pcen is set (extractSTFT:84)
2024-05-29 20:17:21.014 [ALFpaka] [WARNING] Log_spec ignored when pcen is set (extractSTFT:84)
2024-05-29 20:17:21.100 [ALFpaka] [WARNING] Log_spec ignored when pcen is set (extractSTFT:84)
2024-05-29 20:17:21.118 [ALFpaka] [WARNING] Log_spec ignored when pcen is set (extractSTFT:84)
2024-05-29 20:17:21.166 [ALFpaka] [WARNING] Log_spec ignored when pcen is set (extractSTFT:84)
2024-05-29 20:17:21.165 [ALFpaka] [WARNING] Log_spec ignored when pcen is set (extractSTFT:84)
2024-05-29 20:17:21.211 [ALFpaka] [WARNING] Log_spec ignored when pcen is set (extractSTFT:84)
2024-05-29 20:17:21.210 [ALFpaka] [WARNING] Log_spec ignored when pcen is set (extractSTFT:84)
2024-05-29 20:17:21.229 [ALFpaka] [WARNING] Log_spec ignored when pcen is set (extractSTFT:84)
2024-05-29 20:17:21.284 [ALFpaka] [WARNING] Log_spec ignored when pcen is set (extractSTFT:84)
2024-05-29 20:17:21.309 [ALFpaka] [WARNING] Log_spec ignored when pcen is set (extractSTFT:84)
2024-05-29 20:17:21.308 [ALFpaka] [WARNING] Log_spec ignored when pcen is set (extractSTFT:84)
2024-05-29 20:17:21.531 [ALFpaka] [WARNING] Log_spec ignored when pcen is set (extractSTFT:84)
2024-05-29 20:17:21.539 [ALFpaka] [WARNING] Log_spec ignored when pcen is set (extractSTFT:84)
2024-05-29 20:17:21.575 [ALFpaka] [WARNING] Log_spec ignored when pcen is set (extractSTFT:84)
2024-05-29 20:17:21.614 [ALFpaka] [WARNING] Log_spec ignored when pcen is set (extractSTFT:84)
2024-05-29 20:17:21.621 [ALFpaka] [WARNING] Log_spec ignored when pcen is set (extractSTFT:84)
2024-05-29 20:17:21.864 [ALFpaka] [WARNING] Log_spec ignored when pcen is set (extractSTFT:84)
2024-05-29 20:17:21.861 [ALFpaka] [WARNING] Log_spec ignored when pcen is set (extractSTFT:84)
2024-05-29 20:17:21.864 [ALFpaka] [WARNING] Log_spec ignored when pcen is set (extractSTFT:84)
2024-05-29 20:17:21.983 [ALFpaka] [WARNING] Log_spec ignored when pcen is set (extractSTFT:84)
2024-05-29 20:17:21.982 [ALFpaka] [WARNING] Log_spec ignored when pcen is set (extractSTFT:84)
2024-05-29 20:17:21.983 [ALFpaka] [WARNING] Log_spec ignored when pcen is set (extractSTFT:84)
2024-05-29 20:17:22.062 [ALFpaka] [WARNING] Log_spec ignored when pcen is set (extractSTFT:84)
2024-05-29 20:17:22.061 [ALFpaka] [WARNING] Log_spec ignored when pcen is set (extractSTFT:84)
2024-05-29 20:17:22.063 [ALFpaka] [WARNING] Log_spec ignored when pcen is set (extractSTFT:84)
2024-05-29 20:17:22.205 [ALFpaka] [WARNING] Log_spec ignored when pcen is set (extractSTFT:84)
2024-05-29 20:17:22.228 [ALFpaka] [WARNING] Log_spec ignored when pcen is set (extractSTFT:84)
2024-05-29 20:17:22.553 [ALFpaka] [WARNING] Log_spec ignored when pcen is set (extractSTFT:84)
2024-05-29 20:17:22.574 [ALFpaka] [WARNING] Log_spec ignored when pcen is set (extractSTFT:84)
2024-05-29 20:17:22.573 [ALFpaka] [WARNING] Log_spec ignored when pcen is set (extractSTFT:84)
2024-05-29 20:17:22.664 [ALFpaka] [WARNING] Log_spec ignored when pcen is set (extractSTFT:84)
2024-05-29 20:17:23.005 [ALFpaka] [WARNING] Log_spec ignored when pcen is set (extractSTFT:84)
2024-05-29 20:17:23.004 [ALFpaka] [WARNING] Log_spec ignored when pcen is set (extractSTFT:84)
2024-05-29 20:17:23.004 [ALFpaka] [WARNING] Log_spec ignored when pcen is set (extractSTFT:84)
2024-05-29 20:17:23.008 [ALFpaka] [WARNING] Log_spec ignored when pcen is set (extractSTFT:84)
2024-05-29 20:17:23.006 [ALFpaka] [WARNING] Log_spec ignored when pcen is set (extractSTFT:84)
2024-05-29 20:17:23.008 [ALFpaka] [WARNING] Log_spec ignored when pcen is set (extractSTFT:84)
2024-05-29 20:17:23.006 [ALFpaka] [WARNING] Log_spec ignored when pcen is set (extractSTFT:84)
2024-05-29 20:17:23.012 [ALFpaka] [WARNING] Log_spec ignored when pcen is set (extractSTFT:84)
2024-05-29 20:17:23.013 [ALFpaka] [WARNING] Log_spec ignored when pcen is set (extractSTFT:84)
2024-05-29 20:17:23.014 [ALFpaka] [WARNING] Log_spec ignored when pcen is set (extractSTFT:84)
2024-05-29 20:17:23.056 [ALFpaka] [WARNING] Log_spec ignored when pcen is set (extractSTFT:84)
2024-05-29 20:17:23.133 [ALFpaka] [WARNING] Log_spec ignored when pcen is set (extractSTFT:84)
2024-05-29 20:17:23.275 [ALFpaka] [WARNING] Log_spec ignored when pcen is set (extractSTFT:84)
2024-05-29 20:17:23.557 [ALFpaka] [WARNING] Log_spec ignored when pcen is set (extractSTFT:84)
2024-05-29 20:17:23.623 [ALFpaka] [WARNING] Log_spec ignored when pcen is set (extractSTFT:84)
2024-05-29 20:17:23.624 [ALFpaka] [WARNING] Log_spec ignored when pcen is set (extractSTFT:84)
2024-05-29 20:17:23.623 [ALFpaka] [WARNING] Log_spec ignored when pcen is set (extractSTFT:84)
2024-05-29 20:17:23.918 [ALFpaka] [WARNING] Log_spec ignored when pcen is set (extractSTFT:84)
2024-05-29 20:17:23.916 [ALFpaka] [WARNING] Log_spec ignored when pcen is set (extractSTFT:84)
2024-05-29 20:17:23.919 [ALFpaka] [WARNING] Log_spec ignored when pcen is set (extractSTFT:84)
2024-05-29 20:17:23.939 [ALFpaka] [WARNING] Log_spec ignored when pcen is set (extractSTFT:84)
2024-05-29 20:17:23.952 [ALFpaka] [WARNING] Log_spec ignored when pcen is set (extractSTFT:84)
2024-05-29 20:17:23.951 [ALFpaka] [WARNING] Log_spec ignored when pcen is set (extractSTFT:84)
2024-05-29 20:17:23.961 [ALFpaka] [WARNING] Log_spec ignored when pcen is set (extractSTFT:84)
2024-05-29 20:17:23.960 [ALFpaka] [WARNING] Log_spec ignored when pcen is set (extractSTFT:84)
2024-05-29 20:17:23.990 [ALFpaka] [WARNING] Log_spec ignored when pcen is set (extractSTFT:84)
2024-05-29 20:17:24.013 [ALFpaka] [WARNING] Log_spec ignored when pcen is set (extractSTFT:84)
2024-05-29 20:17:24.239 [ALFpaka] [WARNING] Log_spec ignored when pcen is set (extractSTFT:84)
2024-05-29 20:17:24.238 [ALFpaka] [WARNING] Log_spec ignored when pcen is set (extractSTFT:84)
2024-05-29 20:17:24.269 [ALFpaka] [WARNING] Log_spec ignored when pcen is set (extractSTFT:84)
2024-05-29 20:17:24.270 [ALFpaka] [WARNING] Log_spec ignored when pcen is set (extractSTFT:84)
2024-05-29 20:17:24.268 [ALFpaka] [WARNING] Log_spec ignored when pcen is set (extractSTFT:84)
2024-05-29 20:17:24.275 [ALFpaka] [WARNING] Log_spec ignored when pcen is set (extractSTFT:84)
2024-05-29 20:17:24.305 [ALFpaka] [WARNING] Log_spec ignored when pcen is set (extractSTFT:84)
2024-05-29 20:17:24.325 [ALFpaka] [WARNING] Log_spec ignored when pcen is set (extractSTFT:84)
2024-05-29 20:17:24.493 [ALFpaka] [WARNING] Log_spec ignored when pcen is set (extractSTFT:84)
2024-05-29 20:17:25.138 [ALFpaka] [WARNING] Log_spec ignored when pcen is set (extractSTFT:84)
2024-05-29 20:17:25.139 [ALFpaka] [WARNING] Log_spec ignored when pcen is set (extractSTFT:84)
2024-05-29 20:17:25.137 [ALFpaka] [WARNING] Log_spec ignored when pcen is set (extractSTFT:84)
2024-05-29 20:17:25.142 [ALFpaka] [WARNING] Log_spec ignored when pcen is set (extractSTFT:84)
2024-05-29 20:17:25.141 [ALFpaka] [WARNING] Log_spec ignored when pcen is set (extractSTFT:84)
2024-05-29 20:17:25.143 [ALFpaka] [WARNING] Log_spec ignored when pcen is set (extractSTFT:84)
2024-05-29 20:17:25.143 [ALFpaka] [WARNING] Log_spec ignored when pcen is set (extractSTFT:84)
2024-05-29 20:17:25.140 [ALFpaka] [WARNING] Log_spec ignored when pcen is set (extractSTFT:84)
2024-05-29 20:17:25.195 [ALFpaka] [WARNING] Log_spec ignored when pcen is set (extractSTFT:84)
2024-05-29 20:17:25.196 [ALFpaka] [WARNING] Log_spec ignored when pcen is set (extractSTFT:84)
2024-05-29 20:17:25.235 [ALFpaka] [WARNING] Log_spec ignored when pcen is set (extractSTFT:84)
2024-05-29 20:17:25.233 [ALFpaka] [WARNING] Log_spec ignored when pcen is set (extractSTFT:84)
2024-05-29 20:17:25.273 [ALFpaka] [WARNING] Log_spec ignored when pcen is set (extractSTFT:84)
2024-05-29 20:17:25.294 [ALFpaka] [WARNING] Log_spec ignored when pcen is set (extractSTFT:84)
2024-05-29 20:17:25.341 [ALFpaka] [WARNING] Log_spec ignored when pcen is set (extractSTFT:84)
2024-05-29 20:17:25.411 [ALFpaka] [WARNING] Log_spec ignored when pcen is set (extractSTFT:84)
2024-05-29 20:17:25.415 [ALFpaka] [WARNING] Log_spec ignored when pcen is set (extractSTFT:84)
2024-05-29 20:17:25.410 [ALFpaka] [WARNING] Log_spec ignored when pcen is set (extractSTFT:84)
2024-05-29 20:17:25.416 [ALFpaka] [WARNING] Log_spec ignored when pcen is set (extractSTFT:84)
2024-05-29 20:17:25.453 [ALFpaka] [WARNING] Log_spec ignored when pcen is set (extractSTFT:84)
2024-05-29 20:17:25.545 [ALFpaka] [WARNING] Log_spec ignored when pcen is set (extractSTFT:84)
2024-05-29 20:17:25.835 [ALFpaka] [WARNING] Log_spec ignored when pcen is set (extractSTFT:84)
2024-05-29 20:17:26.073 [ALFpaka] [WARNING] Log_spec ignored when pcen is set (extractSTFT:84)
2024-05-29 20:17:26.074 [ALFpaka] [WARNING] Log_spec ignored when pcen is set (extractSTFT:84)
2024-05-29 20:17:26.073 [ALFpaka] [WARNING] Log_spec ignored when pcen is set (extractSTFT:84)
2024-05-29 20:17:26.502 [ALFpaka] [WARNING] Log_spec ignored when pcen is set (extractSTFT:84)
2024-05-29 20:17:26.506 [ALFpaka] [WARNING] Log_spec ignored when pcen is set (extractSTFT:84)
2024-05-29 20:17:26.511 [ALFpaka] [WARNING] Log_spec ignored when pcen is set (extractSTFT:84)
2024-05-29 20:17:26.591 [ALFpaka] [WARNING] Log_spec ignored when pcen is set (extractSTFT:84)
2024-05-29 20:17:26.639 [ALFpaka] [WARNING] Log_spec ignored when pcen is set (extractSTFT:84)
2024-05-29 20:17:26.638 [ALFpaka] [WARNING] Log_spec ignored when pcen is set (extractSTFT:84)
2024-05-29 20:17:26.643 [ALFpaka] [WARNING] Log_spec ignored when pcen is set (extractSTFT:84)
2024-05-29 20:17:26.644 [ALFpaka] [WARNING] Log_spec ignored when pcen is set (extractSTFT:84)
2024-05-29 20:17:26.640 [ALFpaka] [WARNING] Log_spec ignored when pcen is set (extractSTFT:84)
2024-05-29 20:17:26.641 [ALFpaka] [WARNING] Log_spec ignored when pcen is set (extractSTFT:84)
2024-05-29 20:17:26.641 [ALFpaka] [WARNING] Log_spec ignored when pcen is set (extractSTFT:84)
2024-05-29 20:17:26.642 [ALFpaka] [WARNING] Log_spec ignored when pcen is set (extractSTFT:84)
2024-05-29 20:17:27.214 [ALFpaka] [WARNING] Log_spec ignored when pcen is set (extractSTFT:84)
2024-05-29 20:17:27.271 [ALFpaka] [WARNING] Log_spec ignored when pcen is set (extractSTFT:84)
2024-05-29 20:17:27.267 [ALFpaka] [WARNING] Log_spec ignored when pcen is set (extractSTFT:84)
2024-05-29 20:17:27.270 [ALFpaka] [WARNING] Log_spec ignored when pcen is set (extractSTFT:84)
2024-05-29 20:17:27.270 [ALFpaka] [WARNING] Log_spec ignored when pcen is set (extractSTFT:84)
2024-05-29 20:17:27.272 [ALFpaka] [WARNING] Log_spec ignored when pcen is set (extractSTFT:84)
2024-05-29 20:17:27.269 [ALFpaka] [WARNING] Log_spec ignored when pcen is set (extractSTFT:84)
2024-05-29 20:17:27.268 [ALFpaka] [WARNING] Log_spec ignored when pcen is set (extractSTFT:84)
2024-05-29 20:17:27.267 [ALFpaka] [WARNING] Log_spec ignored when pcen is set (extractSTFT:84)
2024-05-29 20:17:29.310 [ALFpaka] [INFO] Extracting features for class france with id 0 (extractAndAddFeaturesToDataset:69)
2024-05-29 20:17:30.720 [ALFpaka] [WARNING] Log_spec ignored when pcen is set (extractSTFT:84)
2024-05-29 20:17:30.720 [ALFpaka] [WARNING] Log_spec ignored when pcen is set (extractSTFT:84)
2024-05-29 20:17:30.720 [ALFpaka] [WARNING] Log_spec ignored when pcen is set (extractSTFT:84)
2024-05-29 20:17:30.720 [ALFpaka] [WARNING] Log_spec ignored when pcen is set (extractSTFT:84)
2024-05-29 20:17:30.721 [ALFpaka] [WARNING] Log_spec ignored when pcen is set (extractSTFT:84)
2024-05-29 20:17:30.721 [ALFpaka] [WARNING] Log_spec ignored when pcen is set (extractSTFT:84)
2024-05-29 20:17:30.721 [ALFpaka] [WARNING] Log_spec ignored when pcen is set (extractSTFT:84)
2024-05-29 20:17:30.721 [ALFpaka] [WARNING] Log_spec ignored when pcen is set (extractSTFT:84)
2024-05-29 20:17:30.721 [ALFpaka] [WARNING] Log_spec ignored when pcen is set (extractSTFT:84)
2024-05-29 20:17:30.721 [ALFpaka] [WARNING] Log_spec ignored when pcen is set (extractSTFT:84)
2024-05-29 20:17:30.722 [ALFpaka] [WARNING] Log_spec ignored when pcen is set (extractSTFT:84)
2024-05-29 20:17:30.722 [ALFpaka] [WARNING] Log_spec ignored when pcen is set (extractSTFT:84)
2024-05-29 20:17:30.722 [ALFpaka] [WARNING] Log_spec ignored when pcen is set (extractSTFT:84)
2024-05-29 20:17:30.722 [ALFpaka] [WARNING] Log_spec ignored when pcen is set (extractSTFT:84)
2024-05-29 20:17:30.723 [ALFpaka] [WARNING] Log_spec ignored when pcen is set (extractSTFT:84)
2024-05-29 20:17:30.722 [ALFpaka] [WARNING] Log_spec ignored when pcen is set (extractSTFT:84)
2024-05-29 20:17:30.723 [ALFpaka] [WARNING] Log_spec ignored when pcen is set (extractSTFT:84)
2024-05-29 20:17:30.723 [ALFpaka] [WARNING] Log_spec ignored when pcen is set (extractSTFT:84)
2024-05-29 20:17:30.723 [ALFpaka] [WARNING] Log_spec ignored when pcen is set (extractSTFT:84)
2024-05-29 20:17:30.723 [ALFpaka] [WARNING] Log_spec ignored when pcen is set (extractSTFT:84)
2024-05-29 20:17:30.723 [ALFpaka] [WARNING] Log_spec ignored when pcen is set (extractSTFT:84)
2024-05-29 20:17:30.724 [ALFpaka] [WARNING] Log_spec ignored when pcen is set (extractSTFT:84)
2024-05-29 20:17:30.725 [ALFpaka] [WARNING] Log_spec ignored when pcen is set (extractSTFT:84)
2024-05-29 20:17:30.725 [ALFpaka] [WARNING] Log_spec ignored when pcen is set (extractSTFT:84)
2024-05-29 20:17:30.724 [ALFpaka] [WARNING] Log_spec ignored when pcen is set (extractSTFT:84)
2024-05-29 20:17:30.726 [ALFpaka] [WARNING] Log_spec ignored when pcen is set (extractSTFT:84)
2024-05-29 20:17:30.725 [ALFpaka] [WARNING] Log_spec ignored when pcen is set (extractSTFT:84)
2024-05-29 20:17:30.725 [ALFpaka] [WARNING] Log_spec ignored when pcen is set (extractSTFT:84)
2024-05-29 20:17:30.726 [ALFpaka] [WARNING] Log_spec ignored when pcen is set (extractSTFT:84)
2024-05-29 20:17:30.726 [ALFpaka] [WARNING] Log_spec ignored when pcen is set (extractSTFT:84)
2024-05-29 20:17:33.326 [ALFpaka] [INFO] Extracting features for class germany with id 1 (extractAndAddFeaturesToDataset:69)
2024-05-29 20:17:34.804 [ALFpaka] [WARNING] Log_spec ignored when pcen is set (extractSTFT:84)
2024-05-29 20:17:34.804 [ALFpaka] [WARNING] Log_spec ignored when pcen is set (extractSTFT:84)
2024-05-29 20:17:34.804 [ALFpaka] [WARNING] Log_spec ignored when pcen is set (extractSTFT:84)
2024-05-29 20:17:34.804 [ALFpaka] [WARNING] Log_spec ignored when pcen is set (extractSTFT:84)
2024-05-29 20:17:34.804 [ALFpaka] [WARNING] Log_spec ignored when pcen is set (extractSTFT:84)
2024-05-29 20:17:34.805 [ALFpaka] [WARNING] Log_spec ignored when pcen is set (extractSTFT:84)
2024-05-29 20:17:34.805 [ALFpaka] [WARNING] Log_spec ignored when pcen is set (extractSTFT:84)
2024-05-29 20:17:34.805 [ALFpaka] [WARNING] Log_spec ignored when pcen is set (extractSTFT:84)
2024-05-29 20:17:34.805 [ALFpaka] [WARNING] Log_spec ignored when pcen is set (extractSTFT:84)
2024-05-29 20:17:34.806 [ALFpaka] [WARNING] Log_spec ignored when pcen is set (extractSTFT:84)
2024-05-29 20:17:34.808 [ALFpaka] [WARNING] Log_spec ignored when pcen is set (extractSTFT:84)
2024-05-29 20:17:34.807 [ALFpaka] [WARNING] Log_spec ignored when pcen is set (extractSTFT:84)
2024-05-29 20:17:34.808 [ALFpaka] [WARNING] Log_spec ignored when pcen is set (extractSTFT:84)
2024-05-29 20:17:34.807 [ALFpaka] [WARNING] Log_spec ignored when pcen is set (extractSTFT:84)
2024-05-29 20:17:34.807 [ALFpaka] [WARNING] Log_spec ignored when pcen is set (extractSTFT:84)
2024-05-29 20:17:34.808 [ALFpaka] [WARNING] Log_spec ignored when pcen is set (extractSTFT:84)
2024-05-29 20:17:34.808 [ALFpaka] [WARNING] Log_spec ignored when pcen is set (extractSTFT:84)
2024-05-29 20:17:34.809 [ALFpaka] [WARNING] Log_spec ignored when pcen is set (extractSTFT:84)
2024-05-29 20:17:34.809 [ALFpaka] [WARNING] Log_spec ignored when pcen is set (extractSTFT:84)
2024-05-29 20:17:34.809 [ALFpaka] [WARNING] Log_spec ignored when pcen is set (extractSTFT:84)
2024-05-29 20:17:34.809 [ALFpaka] [WARNING] Log_spec ignored when pcen is set (extractSTFT:84)
2024-05-29 20:17:34.807 [ALFpaka] [WARNING] Log_spec ignored when pcen is set (extractSTFT:84)
2024-05-29 20:17:34.810 [ALFpaka] [WARNING] Log_spec ignored when pcen is set (extractSTFT:84)
2024-05-29 20:17:34.809 [ALFpaka] [WARNING] Log_spec ignored when pcen is set (extractSTFT:84)
2024-05-29 20:17:34.810 [ALFpaka] [WARNING] Log_spec ignored when pcen is set (extractSTFT:84)
2024-05-29 20:17:34.810 [ALFpaka] [WARNING] Log_spec ignored when pcen is set (extractSTFT:84)
2024-05-29 20:17:34.811 [ALFpaka] [WARNING] Log_spec ignored when pcen is set (extractSTFT:84)
2024-05-29 20:17:34.811 [ALFpaka] [WARNING] Log_spec ignored when pcen is set (extractSTFT:84)
2024-05-29 20:17:34.811 [ALFpaka] [WARNING] Log_spec ignored when pcen is set (extractSTFT:84)
2024-05-29 20:17:34.811 [ALFpaka] [WARNING] Log_spec ignored when pcen is set (extractSTFT:84)
2024-05-29 20:17:37.694 [ALFpaka] [INFO] Extracting features for class italy with id 2 (extractAndAddFeaturesToDataset:69)
2024-05-29 20:17:39.309 [ALFpaka] [WARNING] Log_spec ignored when pcen is set (extractSTFT:84)
2024-05-29 20:17:39.309 [ALFpaka] [WARNING] Log_spec ignored when pcen is set (extractSTFT:84)
2024-05-29 20:17:39.309 [ALFpaka] [WARNING] Log_spec ignored when pcen is set (extractSTFT:84)
2024-05-29 20:17:39.310 [ALFpaka] [WARNING] Log_spec ignored when pcen is set (extractSTFT:84)
2024-05-29 20:17:39.310 [ALFpaka] [WARNING] Log_spec ignored when pcen is set (extractSTFT:84)
2024-05-29 20:17:39.310 [ALFpaka] [WARNING] Log_spec ignored when pcen is set (extractSTFT:84)
2024-05-29 20:17:39.311 [ALFpaka] [WARNING] Log_spec ignored when pcen is set (extractSTFT:84)
2024-05-29 20:17:39.311 [ALFpaka] [WARNING] Log_spec ignored when pcen is set (extractSTFT:84)
2024-05-29 20:17:39.311 [ALFpaka] [WARNING] Log_spec ignored when pcen is set (extractSTFT:84)
2024-05-29 20:17:39.312 [ALFpaka] [WARNING] Log_spec ignored when pcen is set (extractSTFT:84)
2024-05-29 20:17:39.311 [ALFpaka] [WARNING] Log_spec ignored when pcen is set (extractSTFT:84)
2024-05-29 20:17:39.312 [ALFpaka] [WARNING] Log_spec ignored when pcen is set (extractSTFT:84)
2024-05-29 20:17:39.312 [ALFpaka] [WARNING] Log_spec ignored when pcen is set (extractSTFT:84)
2024-05-29 20:17:39.312 [ALFpaka] [WARNING] Log_spec ignored when pcen is set (extractSTFT:84)
2024-05-29 20:17:39.313 [ALFpaka] [WARNING] Log_spec ignored when pcen is set (extractSTFT:84)
2024-05-29 20:17:39.313 [ALFpaka] [WARNING] Log_spec ignored when pcen is set (extractSTFT:84)
2024-05-29 20:17:39.313 [ALFpaka] [WARNING] Log_spec ignored when pcen is set (extractSTFT:84)
2024-05-29 20:17:39.313 [ALFpaka] [WARNING] Log_spec ignored when pcen is set (extractSTFT:84)
2024-05-29 20:17:39.313 [ALFpaka] [WARNING] Log_spec ignored when pcen is set (extractSTFT:84)
2024-05-29 20:17:39.313 [ALFpaka] [WARNING] Log_spec ignored when pcen is set (extractSTFT:84)
2024-05-29 20:17:39.314 [ALFpaka] [WARNING] Log_spec ignored when pcen is set (extractSTFT:84)
2024-05-29 20:17:39.314 [ALFpaka] [WARNING] Log_spec ignored when pcen is set (extractSTFT:84)
2024-05-29 20:17:39.315 [ALFpaka] [WARNING] Log_spec ignored when pcen is set (extractSTFT:84)
2024-05-29 20:17:39.315 [ALFpaka] [WARNING] Log_spec ignored when pcen is set (extractSTFT:84)
2024-05-29 20:17:39.315 [ALFpaka] [WARNING] Log_spec ignored when pcen is set (extractSTFT:84)
2024-05-29 20:17:39.316 [ALFpaka] [WARNING] Log_spec ignored when pcen is set (extractSTFT:84)
2024-05-29 20:17:39.316 [ALFpaka] [WARNING] Log_spec ignored when pcen is set (extractSTFT:84)
2024-05-29 20:17:39.316 [ALFpaka] [WARNING] Log_spec ignored when pcen is set (extractSTFT:84)
2024-05-29 20:17:39.317 [ALFpaka] [WARNING] Log_spec ignored when pcen is set (extractSTFT:84)
2024-05-29 20:17:42.208 [ALFpaka] [INFO] Extracting features for class nosirens with id 4 (extractAndAddFeaturesToDataset:69)
2024-05-29 20:17:44.198 [ALFpaka] [WARNING] Log_spec ignored when pcen is set (extractSTFT:84)
2024-05-29 20:17:44.198 [ALFpaka] [WARNING] Log_spec ignored when pcen is set (extractSTFT:84)
2024-05-29 20:17:44.198 [ALFpaka] [WARNING] Log_spec ignored when pcen is set (extractSTFT:84)
2024-05-29 20:17:44.198 [ALFpaka] [WARNING] Log_spec ignored when pcen is set (extractSTFT:84)
2024-05-29 20:17:44.198 [ALFpaka] [WARNING] Log_spec ignored when pcen is set (extractSTFT:84)
2024-05-29 20:17:44.198 [ALFpaka] [WARNING] Log_spec ignored when pcen is set (extractSTFT:84)
2024-05-29 20:17:44.199 [ALFpaka] [WARNING] Log_spec ignored when pcen is set (extractSTFT:84)
2024-05-29 20:17:44.200 [ALFpaka] [WARNING] Log_spec ignored when pcen is set (extractSTFT:84)
2024-05-29 20:17:44.200 [ALFpaka] [WARNING] Log_spec ignored when pcen is set (extractSTFT:84)
2024-05-29 20:17:44.200 [ALFpaka] [WARNING] Log_spec ignored when pcen is set (extractSTFT:84)
2024-05-29 20:17:44.201 [ALFpaka] [WARNING] Log_spec ignored when pcen is set (extractSTFT:84)
2024-05-29 20:17:44.201 [ALFpaka] [WARNING] Log_spec ignored when pcen is set (extractSTFT:84)
2024-05-29 20:17:44.201 [ALFpaka] [WARNING] Log_spec ignored when pcen is set (extractSTFT:84)
2024-05-29 20:17:44.201 [ALFpaka] [WARNING] Log_spec ignored when pcen is set (extractSTFT:84)
2024-05-29 20:17:44.202 [ALFpaka] [WARNING] Log_spec ignored when pcen is set (extractSTFT:84)
2024-05-29 20:17:44.202 [ALFpaka] [WARNING] Log_spec ignored when pcen is set (extractSTFT:84)
2024-05-29 20:17:44.202 [ALFpaka] [WARNING] Log_spec ignored when pcen is set (extractSTFT:84)
2024-05-29 20:17:44.202 [ALFpaka] [WARNING] Log_spec ignored when pcen is set (extractSTFT:84)
2024-05-29 20:17:44.202 [ALFpaka] [WARNING] Log_spec ignored when pcen is set (extractSTFT:84)
2024-05-29 20:17:44.202 [ALFpaka] [WARNING] Log_spec ignored when pcen is set (extractSTFT:84)
2024-05-29 20:17:44.203 [ALFpaka] [WARNING] Log_spec ignored when pcen is set (extractSTFT:84)
2024-05-29 20:17:44.204 [ALFpaka] [WARNING] Log_spec ignored when pcen is set (extractSTFT:84)
2024-05-29 20:17:44.204 [ALFpaka] [WARNING] Log_spec ignored when pcen is set (extractSTFT:84)
2024-05-29 20:17:44.204 [ALFpaka] [WARNING] Log_spec ignored when pcen is set (extractSTFT:84)
2024-05-29 20:17:44.204 [ALFpaka] [WARNING] Log_spec ignored when pcen is set (extractSTFT:84)
2024-05-29 20:17:44.203 [ALFpaka] [WARNING] Log_spec ignored when pcen is set (extractSTFT:84)
2024-05-29 20:17:44.205 [ALFpaka] [WARNING] Log_spec ignored when pcen is set (extractSTFT:84)
2024-05-29 20:17:44.205 [ALFpaka] [WARNING] Log_spec ignored when pcen is set (extractSTFT:84)
2024-05-29 20:17:44.205 [ALFpaka] [WARNING] Log_spec ignored when pcen is set (extractSTFT:84)
2024-05-29 20:17:44.205 [ALFpaka] [WARNING] Log_spec ignored when pcen is set (extractSTFT:84)
2024-05-29 20:17:44.206 [ALFpaka] [WARNING] Log_spec ignored when pcen is set (extractSTFT:84)
2024-05-29 20:17:44.205 [ALFpaka] [WARNING] Log_spec ignored when pcen is set (extractSTFT:84)
2024-05-29 20:17:44.208 [ALFpaka] [WARNING] Log_spec ignored when pcen is set (extractSTFT:84)
2024-05-29 20:17:44.208 [ALFpaka] [WARNING] Log_spec ignored when pcen is set (extractSTFT:84)
2024-05-29 20:17:44.208 [ALFpaka] [WARNING] Log_spec ignored when pcen is set (extractSTFT:84)
2024-05-29 20:17:44.209 [ALFpaka] [WARNING] Log_spec ignored when pcen is set (extractSTFT:84)
2024-05-29 20:17:44.211 [ALFpaka] [WARNING] Log_spec ignored when pcen is set (extractSTFT:84)
2024-05-29 20:17:44.210 [ALFpaka] [WARNING] Log_spec ignored when pcen is set (extractSTFT:84)
2024-05-29 20:17:44.213 [ALFpaka] [WARNING] Log_spec ignored when pcen is set (extractSTFT:84)
2024-05-29 20:17:44.212 [ALFpaka] [WARNING] Log_spec ignored when pcen is set (extractSTFT:84)
2024-05-29 20:17:44.214 [ALFpaka] [WARNING] Log_spec ignored when pcen is set (extractSTFT:84)
2024-05-29 20:17:44.214 [ALFpaka] [WARNING] Log_spec ignored when pcen is set (extractSTFT:84)
2024-05-29 20:17:44.214 [ALFpaka] [WARNING] Log_spec ignored when pcen is set (extractSTFT:84)
2024-05-29 20:17:44.214 [ALFpaka] [WARNING] Log_spec ignored when pcen is set (extractSTFT:84)
2024-05-29 20:17:44.216 [ALFpaka] [WARNING] Log_spec ignored when pcen is set (extractSTFT:84)
2024-05-29 20:17:44.216 [ALFpaka] [WARNING] Log_spec ignored when pcen is set (extractSTFT:84)
2024-05-29 20:17:44.214 [ALFpaka] [WARNING] Log_spec ignored when pcen is set (extractSTFT:84)
2024-05-29 20:17:44.216 [ALFpaka] [WARNING] Log_spec ignored when pcen is set (extractSTFT:84)
2024-05-29 20:17:46.413 [ALFpaka] [WARNING] Log_spec ignored when pcen is set (extractSTFT:84)
2024-05-29 20:17:46.445 [ALFpaka] [WARNING] Log_spec ignored when pcen is set (extractSTFT:84)
2024-05-29 20:17:46.479 [ALFpaka] [WARNING] Log_spec ignored when pcen is set (extractSTFT:84)
2024-05-29 20:17:46.481 [ALFpaka] [WARNING] Log_spec ignored when pcen is set (extractSTFT:84)
2024-05-29 20:17:46.478 [ALFpaka] [WARNING] Log_spec ignored when pcen is set (extractSTFT:84)
2024-05-29 20:17:46.521 [ALFpaka] [WARNING] Log_spec ignored when pcen is set (extractSTFT:84)
2024-05-29 20:17:46.521 [ALFpaka] [WARNING] Log_spec ignored when pcen is set (extractSTFT:84)
2024-05-29 20:17:46.527 [ALFpaka] [WARNING] Log_spec ignored when pcen is set (extractSTFT:84)
2024-05-29 20:17:46.527 [ALFpaka] [WARNING] Log_spec ignored when pcen is set (extractSTFT:84)
2024-05-29 20:17:46.526 [ALFpaka] [WARNING] Log_spec ignored when pcen is set (extractSTFT:84)
2024-05-29 20:17:46.533 [ALFpaka] [WARNING] Log_spec ignored when pcen is set (extractSTFT:84)
2024-05-29 20:17:46.536 [ALFpaka] [WARNING] Log_spec ignored when pcen is set (extractSTFT:84)
2024-05-29 20:17:46.535 [ALFpaka] [WARNING] Log_spec ignored when pcen is set (extractSTFT:84)
2024-05-29 20:17:46.539 [ALFpaka] [WARNING] Log_spec ignored when pcen is set (extractSTFT:84)
2024-05-29 20:17:46.586 [ALFpaka] [WARNING] Log_spec ignored when pcen is set (extractSTFT:84)
2024-05-29 20:17:46.587 [ALFpaka] [WARNING] Log_spec ignored when pcen is set (extractSTFT:84)
2024-05-29 20:17:46.588 [ALFpaka] [WARNING] Log_spec ignored when pcen is set (extractSTFT:84)
2024-05-29 20:17:46.588 [ALFpaka] [WARNING] Log_spec ignored when pcen is set (extractSTFT:84)
2024-05-29 20:17:46.585 [ALFpaka] [WARNING] Log_spec ignored when pcen is set (extractSTFT:84)
2024-05-29 20:17:46.603 [ALFpaka] [WARNING] Log_spec ignored when pcen is set (extractSTFT:84)
2024-05-29 20:17:46.664 [ALFpaka] [WARNING] Log_spec ignored when pcen is set (extractSTFT:84)
2024-05-29 20:17:46.789 [ALFpaka] [WARNING] Log_spec ignored when pcen is set (extractSTFT:84)
2024-05-29 20:17:46.788 [ALFpaka] [WARNING] Log_spec ignored when pcen is set (extractSTFT:84)
2024-05-29 20:17:46.811 [ALFpaka] [WARNING] Log_spec ignored when pcen is set (extractSTFT:84)
2024-05-29 20:17:46.814 [ALFpaka] [WARNING] Log_spec ignored when pcen is set (extractSTFT:84)
2024-05-29 20:17:46.813 [ALFpaka] [WARNING] Log_spec ignored when pcen is set (extractSTFT:84)
2024-05-29 20:17:47.028 [ALFpaka] [WARNING] Log_spec ignored when pcen is set (extractSTFT:84)
2024-05-29 20:17:47.112 [ALFpaka] [WARNING] Log_spec ignored when pcen is set (extractSTFT:84)
2024-05-29 20:17:47.285 [ALFpaka] [WARNING] Log_spec ignored when pcen is set (extractSTFT:84)
2024-05-29 20:17:47.429 [ALFpaka] [WARNING] Log_spec ignored when pcen is set (extractSTFT:84)
2024-05-29 20:17:47.594 [ALFpaka] [WARNING] Log_spec ignored when pcen is set (extractSTFT:84)
2024-05-29 20:17:47.593 [ALFpaka] [WARNING] Log_spec ignored when pcen is set (extractSTFT:84)
2024-05-29 20:17:47.691 [ALFpaka] [WARNING] Log_spec ignored when pcen is set (extractSTFT:84)
2024-05-29 20:17:47.693 [ALFpaka] [WARNING] Log_spec ignored when pcen is set (extractSTFT:84)
2024-05-29 20:17:47.738 [ALFpaka] [WARNING] Log_spec ignored when pcen is set (extractSTFT:84)
2024-05-29 20:17:47.738 [ALFpaka] [WARNING] Log_spec ignored when pcen is set (extractSTFT:84)
2024-05-29 20:17:47.748 [ALFpaka] [WARNING] Log_spec ignored when pcen is set (extractSTFT:84)
2024-05-29 20:17:47.747 [ALFpaka] [WARNING] Log_spec ignored when pcen is set (extractSTFT:84)
2024-05-29 20:17:47.765 [ALFpaka] [WARNING] Log_spec ignored when pcen is set (extractSTFT:84)
2024-05-29 20:17:47.765 [ALFpaka] [WARNING] Log_spec ignored when pcen is set (extractSTFT:84)
2024-05-29 20:17:47.782 [ALFpaka] [WARNING] Log_spec ignored when pcen is set (extractSTFT:84)
2024-05-29 20:17:47.804 [ALFpaka] [WARNING] Log_spec ignored when pcen is set (extractSTFT:84)
2024-05-29 20:17:47.812 [ALFpaka] [WARNING] Log_spec ignored when pcen is set (extractSTFT:84)
2024-05-29 20:17:47.854 [ALFpaka] [WARNING] Log_spec ignored when pcen is set (extractSTFT:84)
2024-05-29 20:17:48.065 [ALFpaka] [WARNING] Log_spec ignored when pcen is set (extractSTFT:84)
2024-05-29 20:17:48.494 [ALFpaka] [WARNING] Log_spec ignored when pcen is set (extractSTFT:84)
2024-05-29 20:17:48.573 [ALFpaka] [WARNING] Log_spec ignored when pcen is set (extractSTFT:84)
2024-05-29 20:17:48.573 [ALFpaka] [WARNING] Log_spec ignored when pcen is set (extractSTFT:84)
2024-05-29 20:17:48.761 [ALFpaka] [WARNING] Log_spec ignored when pcen is set (extractSTFT:84)
2024-05-29 20:17:48.772 [ALFpaka] [WARNING] Log_spec ignored when pcen is set (extractSTFT:84)
2024-05-29 20:17:48.803 [ALFpaka] [WARNING] Log_spec ignored when pcen is set (extractSTFT:84)
2024-05-29 20:17:48.819 [ALFpaka] [WARNING] Log_spec ignored when pcen is set (extractSTFT:84)
2024-05-29 20:17:48.829 [ALFpaka] [WARNING] Log_spec ignored when pcen is set (extractSTFT:84)
2024-05-29 20:17:48.828 [ALFpaka] [WARNING] Log_spec ignored when pcen is set (extractSTFT:84)
2024-05-29 20:17:48.831 [ALFpaka] [WARNING] Log_spec ignored when pcen is set (extractSTFT:84)
2024-05-29 20:17:48.985 [ALFpaka] [WARNING] Log_spec ignored when pcen is set (extractSTFT:84)
2024-05-29 20:17:49.038 [ALFpaka] [WARNING] Log_spec ignored when pcen is set (extractSTFT:84)
2024-05-29 20:17:49.080 [ALFpaka] [WARNING] Log_spec ignored when pcen is set (extractSTFT:84)
2024-05-29 20:17:49.114 [ALFpaka] [WARNING] Log_spec ignored when pcen is set (extractSTFT:84)
2024-05-29 20:17:49.136 [ALFpaka] [WARNING] Log_spec ignored when pcen is set (extractSTFT:84)
2024-05-29 20:17:49.135 [ALFpaka] [WARNING] Log_spec ignored when pcen is set (extractSTFT:84)
2024-05-29 20:17:49.138 [ALFpaka] [WARNING] Log_spec ignored when pcen is set (extractSTFT:84)
2024-05-29 20:17:49.493 [ALFpaka] [WARNING] Log_spec ignored when pcen is set (extractSTFT:84)
2024-05-29 20:17:49.516 [ALFpaka] [WARNING] Log_spec ignored when pcen is set (extractSTFT:84)
2024-05-29 20:17:49.515 [ALFpaka] [WARNING] Log_spec ignored when pcen is set (extractSTFT:84)
2024-05-29 20:17:49.777 [ALFpaka] [WARNING] Log_spec ignored when pcen is set (extractSTFT:84)
2024-05-29 20:17:49.824 [ALFpaka] [WARNING] Log_spec ignored when pcen is set (extractSTFT:84)
2024-05-29 20:17:49.837 [ALFpaka] [WARNING] Log_spec ignored when pcen is set (extractSTFT:84)
2024-05-29 20:17:49.880 [ALFpaka] [WARNING] Log_spec ignored when pcen is set (extractSTFT:84)
2024-05-29 20:17:49.917 [ALFpaka] [WARNING] Log_spec ignored when pcen is set (extractSTFT:84)
2024-05-29 20:17:49.948 [ALFpaka] [WARNING] Log_spec ignored when pcen is set (extractSTFT:84)
2024-05-29 20:17:49.960 [ALFpaka] [WARNING] Log_spec ignored when pcen is set (extractSTFT:84)
2024-05-29 20:17:49.974 [ALFpaka] [WARNING] Log_spec ignored when pcen is set (extractSTFT:84)
2024-05-29 20:17:49.987 [ALFpaka] [WARNING] Log_spec ignored when pcen is set (extractSTFT:84)
2024-05-29 20:17:50.014 [ALFpaka] [WARNING] Log_spec ignored when pcen is set (extractSTFT:84)
2024-05-29 20:17:50.037 [ALFpaka] [WARNING] Log_spec ignored when pcen is set (extractSTFT:84)
2024-05-29 20:17:50.113 [ALFpaka] [WARNING] Log_spec ignored when pcen is set (extractSTFT:84)
2024-05-29 20:17:52.339 [ALFpaka] [INFO] Extracting features for class spain with id 3 (extractAndAddFeaturesToDataset:69)
2024-05-29 20:17:55.271 [ALFpaka] [WARNING] Log_spec ignored when pcen is set (extractSTFT:84)
2024-05-29 20:17:55.274 [ALFpaka] [WARNING] Log_spec ignored when pcen is set (extractSTFT:84)
2024-05-29 20:17:55.276 [ALFpaka] [WARNING] Log_spec ignored when pcen is set (extractSTFT:84)
2024-05-29 20:17:55.278 [ALFpaka] [WARNING] Log_spec ignored when pcen is set (extractSTFT:84)
2024-05-29 20:17:55.275 [ALFpaka] [WARNING] Log_spec ignored when pcen is set (extractSTFT:84)
2024-05-29 20:17:55.273 [ALFpaka] [WARNING] Log_spec ignored when pcen is set (extractSTFT:84)
2024-05-29 20:17:55.270 [ALFpaka] [WARNING] Log_spec ignored when pcen is set (extractSTFT:84)
2024-05-29 20:17:55.272 [ALFpaka] [WARNING] Log_spec ignored when pcen is set (extractSTFT:84)
2024-05-29 20:17:55.280 [ALFpaka] [WARNING] Log_spec ignored when pcen is set (extractSTFT:84)
2024-05-29 20:17:55.283 [ALFpaka] [WARNING] Log_spec ignored when pcen is set (extractSTFT:84)
2024-05-29 20:17:55.269 [ALFpaka] [WARNING] Log_spec ignored when pcen is set (extractSTFT:84)
2024-05-29 20:17:55.277 [ALFpaka] [WARNING] Log_spec ignored when pcen is set (extractSTFT:84)
2024-05-29 20:17:55.283 [ALFpaka] [WARNING] Log_spec ignored when pcen is set (extractSTFT:84)
2024-05-29 20:17:55.280 [ALFpaka] [WARNING] Log_spec ignored when pcen is set (extractSTFT:84)
2024-05-29 20:17:55.283 [ALFpaka] [WARNING] Log_spec ignored when pcen is set (extractSTFT:84)
2024-05-29 20:17:55.282 [ALFpaka] [WARNING] Log_spec ignored when pcen is set (extractSTFT:84)
2024-05-29 20:17:55.279 [ALFpaka] [WARNING] Log_spec ignored when pcen is set (extractSTFT:84)
2024-05-29 20:17:55.281 [ALFpaka] [WARNING] Log_spec ignored when pcen is set (extractSTFT:84)
2024-05-29 20:17:55.284 [ALFpaka] [WARNING] Log_spec ignored when pcen is set (extractSTFT:84)
2024-05-29 20:17:55.286 [ALFpaka] [WARNING] Log_spec ignored when pcen is set (extractSTFT:84)
2024-05-29 20:17:55.286 [ALFpaka] [WARNING] Log_spec ignored when pcen is set (extractSTFT:84)
2024-05-29 20:17:55.287 [ALFpaka] [WARNING] Log_spec ignored when pcen is set (extractSTFT:84)
2024-05-29 20:17:55.287 [ALFpaka] [WARNING] Log_spec ignored when pcen is set (extractSTFT:84)
2024-05-29 20:17:55.288 [ALFpaka] [WARNING] Log_spec ignored when pcen is set (extractSTFT:84)
2024-05-29 20:17:55.289 [ALFpaka] [WARNING] Log_spec ignored when pcen is set (extractSTFT:84)
2024-05-29 20:17:55.290 [ALFpaka] [WARNING] Log_spec ignored when pcen is set (extractSTFT:84)
2024-05-29 20:17:59.529 [ALFpaka] [INFO] Training using one GPU (run_training:144)
2024-05-29 20:17:59.530 [ALFpaka] [INFO] --- training data --- (get_dataset_and_print_stats:76)
2024-05-29 20:17:59.530 [ALFpaka] [INFO] france number of files 37 (get_dataset_and_print_stats:81)
2024-05-29 20:17:59.530 [ALFpaka] [INFO] germany number of files 43 (get_dataset_and_print_stats:81)
2024-05-29 20:17:59.531 [ALFpaka] [INFO] italy number of files 74 (get_dataset_and_print_stats:81)
2024-05-29 20:17:59.531 [ALFpaka] [INFO] nosirens number of files 1132 (get_dataset_and_print_stats:81)
2024-05-29 20:17:59.531 [ALFpaka] [INFO] spain number of files 200 (get_dataset_and_print_stats:81)
2024-05-29 20:17:59.531 [ALFpaka] [INFO] --- test data --- (get_dataset_and_print_stats:76)
2024-05-29 20:17:59.531 [ALFpaka] [INFO] france number of files 30 (get_dataset_and_print_stats:81)
2024-05-29 20:17:59.531 [ALFpaka] [INFO] germany number of files 30 (get_dataset_and_print_stats:81)
2024-05-29 20:17:59.531 [ALFpaka] [INFO] italy number of files 29 (get_dataset_and_print_stats:81)
2024-05-29 20:17:59.531 [ALFpaka] [INFO] nosirens number of files 125 (get_dataset_and_print_stats:81)
2024-05-29 20:17:59.531 [ALFpaka] [INFO] spain number of files 26 (get_dataset_and_print_stats:81)
2024-05-29 20:18:01.568 [ALFpaka] [INFO] --- training data size --- (print_feature_stats:109)
2024-05-29 20:18:01.568 [ALFpaka] [INFO] X shape --> (7311, 64, 128, 2) (print_feature_stats:111)
2024-05-29 20:18:01.568 [ALFpaka] [INFO] Y shape --> (7311, 5) (print_feature_stats:112)
2024-05-29 20:18:01.568 [ALFpaka] [INFO] number of features per frame 2 (print_feature_stats:119)
2024-05-29 20:18:01.569 [ALFpaka] [INFO] number of feature frames 7311 (print_feature_stats:120)
2024-05-29 20:18:01.570 [ALFpaka] [INFO] ---------------- CV step 1 of 1 --------------- (run_training_per_cv_step:363)
2024-05-29 20:18:01.570 [ALFpaka] [WARNING] WARNING: No validation data found! (__train_model_per_cv_step:692)
2024-05-29 20:18:02.918 [ALFpaka] [INFO] Model summary: (__trainModelInternal:135)
2024-05-29 20:18:02.918 [ALFpaka] [INFO] Model: "res_net" (print_summary:185)
2024-05-29 20:18:02.918 [ALFpaka] [INFO] __________________________________________________________________________________________________ (print_summary:186)
2024-05-29 20:18:02.918 [ALFpaka] [INFO] Layer (type)                    Output Shape         Param #     Connected to                      (print_row:183)
2024-05-29 20:18:02.919 [ALFpaka] [INFO] ================================================================================================== (print_summary:188)
2024-05-29 20:18:02.919 [ALFpaka] [INFO] input_1 (InputLayer)            [(None, 64, 128, 2)] 0                                             (print_row:183)
2024-05-29 20:18:02.919 [ALFpaka] [INFO] __________________________________________________________________________________________________ (print_summary:258)
2024-05-29 20:18:02.919 [ALFpaka] [INFO] conv2d (Conv2D)                 (None, 32, 64, 64)   3200        input_1[0][0]                     (print_row:183)
2024-05-29 20:18:02.919 [ALFpaka] [INFO] __________________________________________________________________________________________________ (print_summary:258)
2024-05-29 20:18:02.920 [ALFpaka] [INFO] batch_normalization (BatchNorma (None, 32, 64, 64)   256         conv2d[0][0]                      (print_row:183)
2024-05-29 20:18:02.920 [ALFpaka] [INFO] __________________________________________________________________________________________________ (print_summary:258)
2024-05-29 20:18:02.920 [ALFpaka] [INFO] activation (Activation)         (None, 32, 64, 64)   0           batch_normalization[0][0]         (print_row:183)
2024-05-29 20:18:02.920 [ALFpaka] [INFO] __________________________________________________________________________________________________ (print_summary:258)
2024-05-29 20:18:02.920 [ALFpaka] [INFO] batch_normalization_1 (BatchNor (None, 32, 64, 64)   256         activation[0][0]                  (print_row:183)
2024-05-29 20:18:02.921 [ALFpaka] [INFO] __________________________________________________________________________________________________ (print_summary:258)
2024-05-29 20:18:02.921 [ALFpaka] [INFO] dropout (Dropout)               (None, 32, 64, 64)   0           batch_normalization_1[0][0]       (print_row:183)
2024-05-29 20:18:02.921 [ALFpaka] [INFO] __________________________________________________________________________________________________ (print_summary:258)
2024-05-29 20:18:02.921 [ALFpaka] [INFO] conv2d_1 (Conv2D)               (None, 32, 64, 64)   36864       dropout[0][0]                     (print_row:183)
2024-05-29 20:18:02.921 [ALFpaka] [INFO] __________________________________________________________________________________________________ (print_summary:258)
2024-05-29 20:18:02.922 [ALFpaka] [INFO] activation_1 (Activation)       (None, 32, 64, 64)   0           conv2d_1[0][0]                    (print_row:183)
2024-05-29 20:18:02.922 [ALFpaka] [INFO] __________________________________________________________________________________________________ (print_summary:258)
2024-05-29 20:18:02.922 [ALFpaka] [INFO] batch_normalization_2 (BatchNor (None, 32, 64, 64)   256         activation_1[0][0]                (print_row:183)
2024-05-29 20:18:02.922 [ALFpaka] [INFO] __________________________________________________________________________________________________ (print_summary:258)
2024-05-29 20:18:02.922 [ALFpaka] [INFO] dropout_1 (Dropout)             (None, 32, 64, 64)   0           batch_normalization_2[0][0]       (print_row:183)
2024-05-29 20:18:02.922 [ALFpaka] [INFO] __________________________________________________________________________________________________ (print_summary:258)
2024-05-29 20:18:02.923 [ALFpaka] [INFO] conv2d_2 (Conv2D)               (None, 32, 64, 64)   36864       dropout_1[0][0]                   (print_row:183)
2024-05-29 20:18:02.923 [ALFpaka] [INFO] __________________________________________________________________________________________________ (print_summary:258)
2024-05-29 20:18:02.923 [ALFpaka] [INFO] add (Add)                       (None, 32, 64, 64)   0           conv2d_2[0][0]                    (print_row:183)
2024-05-29 20:18:02.923 [ALFpaka] [INFO]                                                                  batch_normalization[0][0]         (print_row:183)
2024-05-29 20:18:02.923 [ALFpaka] [INFO] __________________________________________________________________________________________________ (print_summary:258)
2024-05-29 20:18:02.923 [ALFpaka] [INFO] average_pooling2d (AveragePooli (None, 16, 32, 64)   0           add[0][0]                         (print_row:183)
2024-05-29 20:18:02.924 [ALFpaka] [INFO] __________________________________________________________________________________________________ (print_summary:258)
2024-05-29 20:18:02.924 [ALFpaka] [INFO] activation_2 (Activation)       (None, 16, 32, 64)   0           average_pooling2d[0][0]           (print_row:183)
2024-05-29 20:18:02.924 [ALFpaka] [INFO] __________________________________________________________________________________________________ (print_summary:258)
2024-05-29 20:18:02.924 [ALFpaka] [INFO] batch_normalization_3 (BatchNor (None, 16, 32, 64)   256         activation_2[0][0]                (print_row:183)
2024-05-29 20:18:02.924 [ALFpaka] [INFO] __________________________________________________________________________________________________ (print_summary:258)
2024-05-29 20:18:02.925 [ALFpaka] [INFO] dropout_2 (Dropout)             (None, 16, 32, 64)   0           batch_normalization_3[0][0]       (print_row:183)
2024-05-29 20:18:02.925 [ALFpaka] [INFO] __________________________________________________________________________________________________ (print_summary:258)
2024-05-29 20:18:02.925 [ALFpaka] [INFO] conv2d_3 (Conv2D)               (None, 16, 32, 64)   36864       dropout_2[0][0]                   (print_row:183)
2024-05-29 20:18:02.925 [ALFpaka] [INFO] __________________________________________________________________________________________________ (print_summary:258)
2024-05-29 20:18:02.925 [ALFpaka] [INFO] activation_3 (Activation)       (None, 16, 32, 64)   0           conv2d_3[0][0]                    (print_row:183)
2024-05-29 20:18:02.925 [ALFpaka] [INFO] __________________________________________________________________________________________________ (print_summary:258)
2024-05-29 20:18:02.926 [ALFpaka] [INFO] batch_normalization_4 (BatchNor (None, 16, 32, 64)   256         activation_3[0][0]                (print_row:183)
2024-05-29 20:18:02.926 [ALFpaka] [INFO] __________________________________________________________________________________________________ (print_summary:258)
2024-05-29 20:18:02.926 [ALFpaka] [INFO] dropout_3 (Dropout)             (None, 16, 32, 64)   0           batch_normalization_4[0][0]       (print_row:183)
2024-05-29 20:18:02.926 [ALFpaka] [INFO] __________________________________________________________________________________________________ (print_summary:258)
2024-05-29 20:18:02.926 [ALFpaka] [INFO] conv2d_4 (Conv2D)               (None, 16, 32, 64)   4096        dropout_3[0][0]                   (print_row:183)
2024-05-29 20:18:02.926 [ALFpaka] [INFO] __________________________________________________________________________________________________ (print_summary:258)
2024-05-29 20:18:02.927 [ALFpaka] [INFO] add_1 (Add)                     (None, 16, 32, 64)   0           conv2d_4[0][0]                    (print_row:183)
2024-05-29 20:18:02.927 [ALFpaka] [INFO]                                                                  average_pooling2d[0][0]           (print_row:183)
2024-05-29 20:18:02.927 [ALFpaka] [INFO] __________________________________________________________________________________________________ (print_summary:258)
2024-05-29 20:18:02.927 [ALFpaka] [INFO] average_pooling2d_1 (AveragePoo (None, 8, 16, 64)    0           add_1[0][0]                       (print_row:183)
2024-05-29 20:18:02.927 [ALFpaka] [INFO] __________________________________________________________________________________________________ (print_summary:258)
2024-05-29 20:18:02.927 [ALFpaka] [INFO] activation_4 (Activation)       (None, 8, 16, 64)    0           average_pooling2d_1[0][0]         (print_row:183)
2024-05-29 20:18:02.928 [ALFpaka] [INFO] __________________________________________________________________________________________________ (print_summary:258)
2024-05-29 20:18:02.928 [ALFpaka] [INFO] batch_normalization_5 (BatchNor (None, 8, 16, 64)    256         activation_4[0][0]                (print_row:183)
2024-05-29 20:18:02.928 [ALFpaka] [INFO] __________________________________________________________________________________________________ (print_summary:258)
2024-05-29 20:18:02.928 [ALFpaka] [INFO] dropout_4 (Dropout)             (None, 8, 16, 64)    0           batch_normalization_5[0][0]       (print_row:183)
2024-05-29 20:18:02.928 [ALFpaka] [INFO] __________________________________________________________________________________________________ (print_summary:258)
2024-05-29 20:18:02.929 [ALFpaka] [INFO] conv2d_5 (Conv2D)               (None, 8, 16, 64)    36864       dropout_4[0][0]                   (print_row:183)
2024-05-29 20:18:02.929 [ALFpaka] [INFO] __________________________________________________________________________________________________ (print_summary:258)
2024-05-29 20:18:02.929 [ALFpaka] [INFO] activation_5 (Activation)       (None, 8, 16, 64)    0           conv2d_5[0][0]                    (print_row:183)
2024-05-29 20:18:02.929 [ALFpaka] [INFO] __________________________________________________________________________________________________ (print_summary:258)
2024-05-29 20:18:02.929 [ALFpaka] [INFO] batch_normalization_6 (BatchNor (None, 8, 16, 64)    256         activation_5[0][0]                (print_row:183)
2024-05-29 20:18:02.930 [ALFpaka] [INFO] __________________________________________________________________________________________________ (print_summary:258)
2024-05-29 20:18:02.930 [ALFpaka] [INFO] dropout_5 (Dropout)             (None, 8, 16, 64)    0           batch_normalization_6[0][0]       (print_row:183)
2024-05-29 20:18:02.930 [ALFpaka] [INFO] __________________________________________________________________________________________________ (print_summary:258)
2024-05-29 20:18:02.930 [ALFpaka] [INFO] conv2d_6 (Conv2D)               (None, 8, 16, 64)    36864       dropout_5[0][0]                   (print_row:183)
2024-05-29 20:18:02.930 [ALFpaka] [INFO] __________________________________________________________________________________________________ (print_summary:258)
2024-05-29 20:18:02.930 [ALFpaka] [INFO] add_2 (Add)                     (None, 8, 16, 64)    0           conv2d_6[0][0]                    (print_row:183)
2024-05-29 20:18:02.931 [ALFpaka] [INFO]                                                                  average_pooling2d_1[0][0]         (print_row:183)
2024-05-29 20:18:02.931 [ALFpaka] [INFO] __________________________________________________________________________________________________ (print_summary:258)
2024-05-29 20:18:02.931 [ALFpaka] [INFO] activation_6 (Activation)       (None, 8, 16, 64)    0           add_2[0][0]                       (print_row:183)
2024-05-29 20:18:02.931 [ALFpaka] [INFO] __________________________________________________________________________________________________ (print_summary:258)
2024-05-29 20:18:02.931 [ALFpaka] [INFO] batch_normalization_7 (BatchNor (None, 8, 16, 64)    256         activation_6[0][0]                (print_row:183)
2024-05-29 20:18:02.931 [ALFpaka] [INFO] __________________________________________________________________________________________________ (print_summary:258)
2024-05-29 20:18:02.932 [ALFpaka] [INFO] dropout_6 (Dropout)             (None, 8, 16, 64)    0           batch_normalization_7[0][0]       (print_row:183)
2024-05-29 20:18:02.932 [ALFpaka] [INFO] __________________________________________________________________________________________________ (print_summary:258)
2024-05-29 20:18:02.932 [ALFpaka] [INFO] conv2d_7 (Conv2D)               (None, 8, 16, 128)   73728       dropout_6[0][0]                   (print_row:183)
2024-05-29 20:18:02.932 [ALFpaka] [INFO] __________________________________________________________________________________________________ (print_summary:258)
2024-05-29 20:18:02.932 [ALFpaka] [INFO] activation_7 (Activation)       (None, 8, 16, 128)   0           conv2d_7[0][0]                    (print_row:183)
2024-05-29 20:18:02.932 [ALFpaka] [INFO] __________________________________________________________________________________________________ (print_summary:258)
2024-05-29 20:18:02.933 [ALFpaka] [INFO] batch_normalization_8 (BatchNor (None, 8, 16, 128)   512         activation_7[0][0]                (print_row:183)
2024-05-29 20:18:02.933 [ALFpaka] [INFO] __________________________________________________________________________________________________ (print_summary:258)
2024-05-29 20:18:02.933 [ALFpaka] [INFO] dropout_7 (Dropout)             (None, 8, 16, 128)   0           batch_normalization_8[0][0]       (print_row:183)
2024-05-29 20:18:02.933 [ALFpaka] [INFO] __________________________________________________________________________________________________ (print_summary:258)
2024-05-29 20:18:02.933 [ALFpaka] [INFO] conv2d_8 (Conv2D)               (None, 8, 16, 128)   16384       dropout_7[0][0]                   (print_row:183)
2024-05-29 20:18:02.934 [ALFpaka] [INFO] __________________________________________________________________________________________________ (print_summary:258)
2024-05-29 20:18:02.934 [ALFpaka] [INFO] conv2d_9 (Conv2D)               (None, 8, 16, 128)   8192        add_2[0][0]                       (print_row:183)
2024-05-29 20:18:02.934 [ALFpaka] [INFO] __________________________________________________________________________________________________ (print_summary:258)
2024-05-29 20:18:02.934 [ALFpaka] [INFO] add_3 (Add)                     (None, 8, 16, 128)   0           conv2d_8[0][0]                    (print_row:183)
2024-05-29 20:18:02.934 [ALFpaka] [INFO]                                                                  conv2d_9[0][0]                    (print_row:183)
2024-05-29 20:18:02.934 [ALFpaka] [INFO] __________________________________________________________________________________________________ (print_summary:258)
2024-05-29 20:18:02.935 [ALFpaka] [INFO] average_pooling2d_2 (AveragePoo (None, 4, 8, 128)    0           add_3[0][0]                       (print_row:183)
2024-05-29 20:18:02.935 [ALFpaka] [INFO] __________________________________________________________________________________________________ (print_summary:258)
2024-05-29 20:18:02.935 [ALFpaka] [INFO] activation_8 (Activation)       (None, 4, 8, 128)    0           average_pooling2d_2[0][0]         (print_row:183)
2024-05-29 20:18:02.935 [ALFpaka] [INFO] __________________________________________________________________________________________________ (print_summary:258)
2024-05-29 20:18:02.935 [ALFpaka] [INFO] batch_normalization_9 (BatchNor (None, 4, 8, 128)    512         activation_8[0][0]                (print_row:183)
2024-05-29 20:18:02.935 [ALFpaka] [INFO] __________________________________________________________________________________________________ (print_summary:258)
2024-05-29 20:18:02.936 [ALFpaka] [INFO] dropout_8 (Dropout)             (None, 4, 8, 128)    0           batch_normalization_9[0][0]       (print_row:183)
2024-05-29 20:18:02.936 [ALFpaka] [INFO] __________________________________________________________________________________________________ (print_summary:258)
2024-05-29 20:18:02.936 [ALFpaka] [INFO] conv2d_10 (Conv2D)              (None, 4, 8, 256)    32768       dropout_8[0][0]                   (print_row:183)
2024-05-29 20:18:02.936 [ALFpaka] [INFO] __________________________________________________________________________________________________ (print_summary:258)
2024-05-29 20:18:02.936 [ALFpaka] [INFO] activation_9 (Activation)       (None, 4, 8, 256)    0           conv2d_10[0][0]                   (print_row:183)
2024-05-29 20:18:02.936 [ALFpaka] [INFO] __________________________________________________________________________________________________ (print_summary:258)
2024-05-29 20:18:02.937 [ALFpaka] [INFO] batch_normalization_10 (BatchNo (None, 4, 8, 256)    1024        activation_9[0][0]                (print_row:183)
2024-05-29 20:18:02.937 [ALFpaka] [INFO] __________________________________________________________________________________________________ (print_summary:258)
2024-05-29 20:18:02.937 [ALFpaka] [INFO] dropout_9 (Dropout)             (None, 4, 8, 256)    0           batch_normalization_10[0][0]      (print_row:183)
2024-05-29 20:18:02.937 [ALFpaka] [INFO] __________________________________________________________________________________________________ (print_summary:258)
2024-05-29 20:18:02.937 [ALFpaka] [INFO] conv2d_11 (Conv2D)              (None, 4, 8, 256)    65536       dropout_9[0][0]                   (print_row:183)
2024-05-29 20:18:02.938 [ALFpaka] [INFO] __________________________________________________________________________________________________ (print_summary:258)
2024-05-29 20:18:02.938 [ALFpaka] [INFO] conv2d_12 (Conv2D)              (None, 4, 8, 256)    32768       average_pooling2d_2[0][0]         (print_row:183)
2024-05-29 20:18:02.938 [ALFpaka] [INFO] __________________________________________________________________________________________________ (print_summary:258)
2024-05-29 20:18:02.938 [ALFpaka] [INFO] add_4 (Add)                     (None, 4, 8, 256)    0           conv2d_11[0][0]                   (print_row:183)
2024-05-29 20:18:02.938 [ALFpaka] [INFO]                                                                  conv2d_12[0][0]                   (print_row:183)
2024-05-29 20:18:02.938 [ALFpaka] [INFO] __________________________________________________________________________________________________ (print_summary:258)
2024-05-29 20:18:02.939 [ALFpaka] [INFO] global_average_pooling2d (Globa (None, 256)          0           add_4[0][0]                       (print_row:183)
2024-05-29 20:18:02.939 [ALFpaka] [INFO] __________________________________________________________________________________________________ (print_summary:258)
2024-05-29 20:18:02.939 [ALFpaka] [INFO] dense (Dense)                   (None, 5)            1285        global_average_pooling2d[0][0]    (print_row:183)
2024-05-29 20:18:02.939 [ALFpaka] [INFO] ================================================================================================== (print_summary:256)
2024-05-29 20:18:02.940 [ALFpaka] [INFO] Total params: 426,373 (print_summary:267)
2024-05-29 20:18:02.941 [ALFpaka] [INFO] Trainable params: 424,325 (print_summary:268)
2024-05-29 20:18:02.941 [ALFpaka] [INFO] Non-trainable params: 2,048 (print_summary:269)
2024-05-29 20:18:02.941 [ALFpaka] [INFO] __________________________________________________________________________________________________ (print_summary:270)
2024-05-29 20:18:02.943 [ALFpaka] [WARNING] No validation data set! (__trainModelInternal:188)
2024-05-30 08:38:59.768 [ALFpaka] [INFO] Elapsed training time for cv_step ==> 12:21:00 (print_training_time:334)
2024-05-30 08:38:59.769 [ALFpaka] [INFO] --- test data size --- (print_feature_stats:109)
2024-05-30 08:38:59.769 [ALFpaka] [INFO] X shape --> (2700, 64, 128, 2) (print_feature_stats:111)
2024-05-30 08:38:59.769 [ALFpaka] [INFO] Y shape --> (2700, 5) (print_feature_stats:112)
2024-05-30 08:38:59.769 [ALFpaka] [INFO] number of features per frame 2 (print_feature_stats:119)
2024-05-30 08:38:59.769 [ALFpaka] [INFO] number of feature frames 2700 (print_feature_stats:120)
2024-05-30 08:39:10.217 [ALFpaka] [INFO] --- Evaluation results framewise_cv_step_1 --- (evaluate_results_with_conf_matrix_and_acc:498)
2024-05-30 08:39:10.217 [ALFpaka] [INFO] framewise_cv_step_1 accuracy (unweighted): 0.5551851851851852 (evaluate_results_with_conf_matrix_and_acc:500)
2024-05-30 08:39:10.219 [ALFpaka] [INFO] 
framewise_cv_step_1 confusion Matrix in %: 
[[ 23.26  0.00  9.30  28.29  39.15]
 [ 1.76  16.08  18.82  22.94  40.39]
 [ 0.67  1.67  59.93  11.52  26.21]
 [ 0.22  0.22  1.96  75.43  22.17]
 [ 0.00  0.00  2.60  1.30  96.10]] (log_confusion_matrix:521)
2024-05-30 08:39:10.219 [ALFpaka] [INFO] framewise_cv_step_1 mean class accuracy: 54.16 % (log_confusion_matrix:522)
2024-05-30 08:39:10.242 [ALFpaka] [INFO] --- Evaluation results filewise_cv_step_1 --- (evaluate_results_with_conf_matrix_and_acc:498)
2024-05-30 08:39:10.243 [ALFpaka] [INFO] filewise_cv_step_1 accuracy (unweighted): 0.7333333333333333 (evaluate_results_with_conf_matrix_and_acc:500)
2024-05-30 08:39:10.244 [ALFpaka] [INFO] 
filewise_cv_step_1 confusion Matrix in %: 
[[ 33.33  0.00  3.33  26.67  36.67]
 [ 0.00  16.67  20.00  26.67  36.67]
 [ 0.00  0.00  68.97  3.45  27.59]
 [ 0.00  0.00  0.00  76.92  23.08]
 [ 0.00  0.00  2.40  0.80  96.80]] (log_confusion_matrix:521)
2024-05-30 08:39:10.244 [ALFpaka] [INFO] filewise_cv_step_1 mean class accuracy: 58.54 % (log_confusion_matrix:522)
2024-05-30 08:39:10.254 [ALFpaka] [INFO] 
--- Final results after 1 iterations ---
Frame acc mean:       0.555185185185
Frame acc stdev:      0.000000000000
File acc mean:        0.733333333333
File acc stdev:       0.000000000000
Highest file acc:     0.733333333333 (seed = 1)
Lowest file acc:      0.733333333333 (seed = 1)
 (print_results:200)
2024-05-30 08:39:10.255 [ALFpaka] [INFO] Mean Confusion Matrix (framewise): 
[[ 23.26  0.00  9.30  28.29  39.15]
 [ 1.76  16.08  18.82  22.94  40.39]
 [ 0.67  1.67  59.93  11.52  26.21]
 [ 0.22  0.22  1.96  75.43  22.17]
 [ 0.00  0.00  2.60  1.30  96.10]] (log_final_confusion_matrices:237)
2024-05-30 08:39:10.255 [ALFpaka] [INFO] Mean Confusion Matrix (filewise): 
[[ 33.33  0.00  3.33  26.67  36.67]
 [ 0.00  16.67  20.00  26.67  36.67]
 [ 0.00  0.00  68.97  3.45  27.59]
 [ 0.00  0.00  0.00  76.92  23.08]
 [ 0.00  0.00  2.40  0.80  96.80]] (log_final_confusion_matrices:242)
2024-05-30 08:39:10.261 [ALFpaka] [INFO] Elapsed training time for whole training ==> 12:23:11 (print_training_time:334)
2024-05-30 08:39:10.268 [ALFpaka] [INFO] Plotting Confusion Matrices ...  (plot_confusion_matrices:476)
2024-05-30 08:39:15.235 [ALFpaka] [INFO] Plotting Confusion Matrices ...  (plot_confusion_matrices:476)
2024-05-30 08:39:32.578 [ALFpaka] [WARNING] No GIT in PATH variables ([Errno 2] No such file or directory: '.git': '.git') (get_git_version:24)
2024-05-30 08:39:32.580 [ALFpaka] [INFO] ... FINISH TRAINING ... (__training_session:96)
2024-05-30 08:39:32.580 [ALFpaka] [INFO] Closing session ...  (__training_session:105)
